baseline,bootstrap_seeds,campaign_id,campaign_profile,candidate,comparison,concurrent_pairs,effect_metric,evidence_label,holm_adjusted_p,holm_family,holm_family_size,interaction_definition,items_per_arc,mean_reduction_pct,median_difference_ci95_ms,median_difference_ms,median_reduction_ci95_pct,median_reduction_pct,paired_trials,participants,rank_biserial_ci95,rank_biserial_effect,raw_paired_differences_ms,route,trial_ids,wilcoxon_signed_rank_p
reference-itemwise,"{'median_reduction': 16558079603519467806, 'median_difference': 6207890061603635670, 'rank_biserial': 1238899312619138749}",preswap-eu-primary-v3-final,primary,batch-joint-presigning-batch-verification,complete_method_vs_reference,1,critical-pair-wall,eu_primary,0.7230267081766819,one-pair:H3-secondary-system-contrast,8,,5,-0.10608555571938368,"[-2.304699, 0.744603]",-0.37280599999999997,"[-0.30295931352356403, 0.09841394174338686]",-0.04957576292466912,100,3,"[-0.3572277227722772, 0.09346534653465347]",-0.13504950495049506,"[1.930499, 3.422381, -4.165054, -7.374721, -10.837616, 1.037935, -0.647599, 1.951024, -0.241303, 12.519274, -2.124533, 5.327807, -15.106878, -5.473836, -6.597211, 2.484573, -5.967108, 10.366576, -6.710531, -4.992052, -1.774616, 2.369554, -6.296139, -4.279037, 4.477199, 2.422187, -7.134761, -7.19559, -3.092397, 1.786979, -5.357172, -2.436197, -0.541358, -3.004366, -2.536347, -5.022569, -0.273614, -28.082529, 14.424111, -0.212365, -3.74873, -10.823658, 2.540034, -0.042899, -3.325071, 3.735635, -0.872026, -4.899383, 5.525251, -1.873128, 4.69728, 6.057599, 4.890485, 4.823258, 7.964121, 2.526962, 9.119195, -2.429135, -4.892727, 2.429235, -2.573141, 3.241324, 3.332377, -2.415476, -6.99595, 2.282613, 2.933081, -4.531816, -2.444888, -0.076113, 0.042327, -4.771281, 0.744603, -3.690117, -6.03195, -1.666698, -2.304699, -1.969294, 7.670829, 1.788281, 0.416996, -6.352622, -13.705872, 5.470913, 0.294133, -2.624195, 2.208194, -6.331352, 0.627744, 3.53876, -4.743842, 0.773368, 10.046425, 2.942758, 6.137022, 3.087324, 9.299534, -0.471998, -11.91037, 2.922042]",eu_to_us,"[0, 1, 2, 3, 4, 5, 6, 7, 8, 9, 10, 11, 12, 13, 14, 15, 16, 17, 18, 19, 20, 21, 22, 23, 24, 25, 26, 27, 28, 29, 30, 31, 32, 33, 34, 35, 36, 37, 38, 39, 40, 41, 42, 43, 44, 45, 46, 47, 48, 49, 50, 51, 52, 53, 54, 55, 56, 57, 58, 59, 60, 61, 62, 63, 64, 65, 66, 67, 68, 69, 70, 71, 72, 73, 74, 75, 76, 77, 78, 79, 80, 81, 82, 83, 84, 85, 86, 87, 88, 89, 90, 91, 92, 93, 94, 95, 96, 97, 98, 99]",0.24100890272556064
reference-itemwise,"{'median_reduction': 6648279602802555829, 'median_difference': 17191065368024957991, 'rank_biserial': 11162945575141404017}",preswap-eu-primary-v3-final,primary,phase-coalesced-itemwise,phase_coalescing_vs_reference,1,critical-pair-wall,eu_primary,0.12801370210069543,one-pair:exploratory,40,,5,-0.2263565050940948,"[-1.7290480000000001, -0.264832]",-0.796727,"[-0.22948972272927343, -0.03314809210104264]",-0.1058890129258204,100,3,"[-0.5342574257425743, -0.11326732673267327]",-0.32792079207920793,"[-1.40421, -3.570779, -2.965365, -8.437631, -7.645335, -2.798627, -2.413191, -5.03737, -1.546661, 7.105104, -0.656275, 2.5707, -9.138386, -1.660157, -0.133805, 3.567579, -8.922737, -3.154033, -4.706613, -10.468516, -1.527061, -9.382721, -5.675104, -10.589861, 0.855344, -0.957634, -9.712431, -0.678401, -2.710879, 1.611394, -0.30031, -0.357123, -0.806054, 0.36721, 0.013032, 5.534099, -3.306422, -21.05377, -0.92549, 4.06119, -3.37724, -11.021862, -0.509596, -5.851079, 1.158371, 3.657756, -0.116161, -12.996064, 4.698501, -2.610721, 5.911405, 1.526798, 5.060479, 6.452665, 2.858167, -0.124809, 0.62537, -0.7874, -2.424135, -0.827908, 1.98965, 1.284789, 1.287711, 1.691704, -0.229354, -3.988163, 0.851468, 1.175537, 0.999259, -4.631167, -4.794675, -8.361347, -0.634714, 2.118794, -9.047761, -0.345945, 4.964741, 0.576692, -4.420448, -5.65676, -0.68913, -4.235684, 0.958278, 7.703789, -0.268275, 6.067098, -1.653937, -10.528857, -1.233513, -4.580803, -5.057367, 2.112522, 5.555124, -1.804159, 1.997477, 1.355957, -2.342037, 3.558478, -12.054876, -2.190789]",eu_to_us,"[0, 1, 2, 3, 4, 5, 6, 7, 8, 9, 10, 11, 12, 13, 14, 15, 16, 17, 18, 19, 20, 21, 22, 23, 24, 25, 26, 27, 28, 29, 30, 31, 32, 33, 34, 35, 36, 37, 38, 39, 40, 41, 42, 43, 44, 45, 46, 47, 48, 49, 50, 51, 52, 53, 54, 55, 56, 57, 58, 59, 60, 61, 62, 63, 64, 65, 66, 67, 68, 69, 70, 71, 72, 73, 74, 75, 76, 77, 78, 79, 80, 81, 82, 83, 84, 85, 86, 87, 88, 89, 90, 91, 92, 93, 94, 95, 96, 97, 98, 99]",0.004414265589679152
phase-coalesced-itemwise,"{'median_reduction': 8154335261698303987, 'median_difference': 16661657315441978877, 'rank_biserial': 5014501570764010227}",preswap-eu-primary-v3-final,primary,batch-joint-presigning-itemwise,batch_joint_presigning_vs_phase_coalesced_itemwise,1,critical-pair-wall,eu_primary,1.0,one-pair:exploratory,40,,5,0.0005546292167172682,"[-0.9643275, 0.872375]",-0.07098549999999999,"[-0.1332823716505402, 0.11517005403221155]",-0.00937837485667588,100,3,"[-0.2487128712871287, 0.20673267326732672]",-0.019801980198019802,"[-4.768215, -2.734549, -0.478105, -1.189471, -7.95216, -4.078345, 2.182958, 2.78776, 2.14034, -3.560461, -0.77794, -3.023595, -3.147112, 1.14578, -5.312783, 1.977042, 0.348304, -0.588313, 3.087515, 6.300658, 0.948197, 1.695298, 0.699969, 6.730884, 3.669445, 3.199846, 0.504744, -2.487252, 4.67973, 3.764873, -4.089932, -2.328507, -2.91287, 0.60362, -8.155357, -5.879518, 0.289188, -2.186025, -1.821537, -0.961632, 1.915221, -3.37146, 2.364433, -3.360744, -5.262189, -3.116613, -0.398384, 11.324849, -7.397148, -4.055035, -0.699991, -1.070783, 0.530009, -4.246951, 5.608763, -1.963947, 0.011747, 2.464016, 1.53223, 0.872375, -9.60793, 6.206872, 0.356496, -1.555363, -5.674209, -0.153718, 0.234511, -6.56513, -1.18442, 5.191927, 5.641005, 2.59011, 3.666873, -1.475787, 3.274145, -4.431898, -4.73801, 3.338594, 1.548611, 5.342653, -6.499186, 7.099013, 2.986046, -0.813833, -7.691935, 1.702658, 5.033826, 6.719241, 14.292378, 0.876796, -0.857872, -2.105824, -1.369227, 0.931182, -0.619864, -2.158533, 6.300338, -4.908687, 6.510496, 4.115362]",eu_to_us,"[0, 1, 2, 3, 4, 5, 6, 7, 8, 9, 10, 11, 12, 13, 14, 15, 16, 17, 18, 19, 20, 21, 22, 23, 24, 25, 26, 27, 28, 29, 30, 31, 32, 33, 34, 35, 36, 37, 38, 39, 40, 41, 42, 43, 44, 45, 46, 47, 48, 49, 50, 51, 52, 53, 54, 55, 56, 57, 58, 59, 60, 61, 62, 63, 64, 65, 66, 67, 68, 69, 70, 71, 72, 73, 74, 75, 76, 77, 78, 79, 80, 81, 82, 83, 84, 85, 86, 87, 88, 89, 90, 91, 92, 93, 94, 95, 96, 97, 98, 99]",0.8635033772834252
reference-itemwise,"{'median_reduction': 10462380426478044037, 'median_difference': 11070577358108760713, 'rank_biserial': 6069912061425213348}",preswap-eu-primary-v3-final,primary,batch-joint-presigning-itemwise,batch_joint_presigning_vs_reference,1,critical-pair-wall,eu_primary,0.12801370210069543,one-pair:exploratory,40,,5,-0.22460201061608942,"[-2.698647, -0.11176749999999999]",-0.882441,"[-0.3610536964054694, -0.0245783698075159]",-0.1170457295912466,100,3,"[-0.5326732673267327, -0.11524752475247525]",-0.32792079207920793,"[-6.172425, -6.305328, -3.44347, -9.627102, -15.597495, -6.876972, -0.230233, -2.24961, 0.593679, 3.544643, -1.434215, -0.452895, -12.285498, -0.514377, -5.446588, 5.544621, -8.574433, -3.742346, -1.619098, -4.167858, -0.578864, -7.687423, -4.975135, -3.858977, 4.524789, 2.242212, -9.207687, -3.165653, 1.968851, 5.376267, -4.390242, -2.68563, -3.718924, 0.97083, -8.142325, -0.345419, -3.017234, -23.239795, -2.747027, 3.099558, -1.462019, -14.393322, 1.854837, -9.211823, -4.103818, 0.541143, -0.514545, -1.671215, -2.698647, -6.665756, 5.211414, 0.456015, 5.590488, 2.205714, 8.46693, -2.088756, 0.637117, 1.676616, -0.891905, 0.044467, -7.61828, 7.491661, 1.644207, 0.136341, -5.903563, -4.141881, 1.085979, -5.389593, -0.185161, 0.56076, 0.84633, -5.771237, 3.032159, 0.643007, -5.773616, -4.777843, 0.226731, 3.915286, -2.871837, -0.314107, -7.188316, 2.863329, 3.944324, 6.889956, -7.96021, 7.769756, 3.379889, -3.809616, 13.058865, -3.704007, -5.915239, 0.006698, 4.185897, -0.872977, 1.377613, -0.802576, 3.958301, -1.350209, -5.54438, 1.924573]",eu_to_us,"[0, 1, 2, 3, 4, 5, 6, 7, 8, 9, 10, 11, 12, 13, 14, 15, 16, 17, 18, 19, 20, 21, 22, 23, 24, 25, 26, 27, 28, 29, 30, 31, 32, 33, 34, 35, 36, 37, 38, 39, 40, 41, 42, 43, 44, 45, 46, 47, 48, 49, 50, 51, 52, 53, 54, 55, 56, 57, 58, 59, 60, 61, 62, 63, 64, 65, 66, 67, 68, 69, 70, 71, 72, 73, 74, 75, 76, 77, 78, 79, 80, 81, 82, 83, 84, 85, 86, 87, 88, 89, 90, 91, 92, 93, 94, 95, 96, 97, 98, 99]",0.004414265589679152
batch-joint-presigning-itemwise,"{'median_reduction': 13350390193021940327, 'median_difference': 451980085041871075, 'rank_biserial': 6038528155051665717}",preswap-eu-primary-v3-final,primary,batch-joint-presigning-batch-verification,batch_verification_with_batch_joint_presigning,1,critical-pair-wall,eu_primary,0.25542840433655317,one-pair:H1-aggregate-within-shared,8,,5,0.11645832763497607,"[-0.690318, 1.68817]",0.214704,"[-0.09228725677480157, 0.22403507237559597]",0.028485549639740357,100,3,"[-0.05742574257425743, 0.38415841584158417]",0.1710891089108911,"[8.102924, 9.727709, -0.721584, 2.252381, 4.759879, 7.914907, -0.417366, 4.200634, -0.834982, 8.974631, -0.690318, 5.780702, -2.82138, -4.959459, -1.150623, -3.060048, 2.607325, 14.108922, -5.091433, -0.824194, -1.195752, 10.056977, -1.321004, -0.42006, -0.04759, 0.179975, 2.072926, -4.029937, -5.061248, -3.589288, -0.96693, 0.249433, 3.177566, -3.975196, 5.605978, -4.67715, 2.74362, -4.842734, 17.171138, -3.311923, -2.286711, 3.569664, 0.685197, 9.168924, 0.778747, 3.194492, -0.357481, -3.228168, 8.223898, 4.792628, -0.514134, 5.601584, -0.700003, 2.617544, -0.502809, 4.615718, 8.482078, -4.105751, -4.000822, 2.384768, 5.045139, -4.250337, 1.68817, -2.551817, -1.092387, 6.424494, 1.847102, 0.857777, -2.259727, -0.636873, -0.804003, 0.999956, -2.287556, -4.333124, -0.258334, 3.111145, -2.53143, -5.88458, 10.542666, 2.102388, 7.605312, -9.215951, -17.650196, -1.419043, 8.254343, -10.393951, -1.171695, -2.521736, -12.431121, 7.242767, 1.171397, 0.76667, 5.860528, 3.815735, 4.759409, 3.8899, 5.341233, 0.878211, -6.36599, 0.997469]",eu_to_us,"[0, 1, 2, 3, 4, 5, 6, 7, 8, 9, 10, 11, 12, 13, 14, 15, 16, 17, 18, 19, 20, 21, 22, 23, 24, 25, 26, 27, 28, 29, 30, 31, 32, 33, 34, 35, 36, 37, 38, 39, 40, 41, 42, 43, 44, 45, 46, 47, 48, 49, 50, 51, 52, 53, 54, 55, 56, 57, 58, 59, 60, 61, 62, 63, 64, 65, 66, 67, 68, 69, 70, 71, 72, 73, 74, 75, 76, 77, 78, 79, 80, 81, 82, 83, 84, 85, 86, 87, 88, 89, 90, 91, 92, 93, 94, 95, 96, 97, 98, 99]",0.13744945670708206
phase-coalesced-itemwise,"{'median_reduction': 18036514669150124748, 'median_difference': 7426909464489346063, 'rank_biserial': 14689777770745555962}",preswap-eu-primary-v3-final,primary,phase-coalesced-batch-verification,batch_verification_with_phase_coalescing,1,critical-pair-wall,eu_primary,1.0,one-pair:exploratory,40,,5,0.13144015375301568,"[-0.19146300000000002, 1.941141]",1.0447515,"[-0.014596390208047488, 0.2578165666289301]",0.13867235592188298,100,3,"[-0.029306930693069305, 0.41386138613861384]",0.19722772277227724,"[-2.215479, 3.3209, -1.16495, 3.268042, 0.404295, -2.261859, 1.941141, 2.684877, 1.762162, 1.239831, 0.182124, 3.943607, -7.289391, -1.408635, -3.910765, -2.073796, -2.664861, 2.869451, 2.421916, 6.587932, 0.696185, 5.644123, -1.940327, 7.929718, 3.963744, 5.216501, 3.851849, -4.09367, 1.69719, 1.152217, -1.364165, -4.112887, -7.231407, -4.561169, -4.693303, -5.8951, 19.155985, 1.410239, -2.719593, 2.460043, 2.059273, -0.867651, 7.81294, 3.611789, -7.128418, 1.023781, 14.089611, 10.069764, -2.29593, 0.017487, 3.031853, 1.545773, 2.42921, -2.425094, -4.114183, 6.458379, 2.156206, 1.755925, 10.052472, 2.277399, -3.239887, 7.295174, -1.731942, -5.576288, -2.849578, -0.92616, -1.314925, -0.400413, 2.697371, 21.256665, 5.100018, 5.726238, 2.013664, 0.45894, 4.587215, -0.048599, -2.369634, -1.83647, -1.60411, 5.648714, -1.671435, 2.918035, 0.433298, -1.178186, -6.310796, -5.136611, 0.19795, 9.495575, 2.628361, 1.302252, 1.065722, -7.257801, -1.006287, 0.279196, -2.283887, 2.128065, 2.641445, -11.291829, 2.795695, 2.031602]",eu_to_us,"[0, 1, 2, 3, 4, 5, 6, 7, 8, 9, 10, 11, 12, 13, 14, 15, 16, 17, 18, 19, 20, 21, 22, 23, 24, 25, 26, 27, 28, 29, 30, 31, 32, 33, 34, 35, 36, 37, 38, 39, 40, 41, 42, 43, 44, 45, 46, 47, 48, 49, 50, 51, 52, 53, 54, 55, 56, 57, 58, 59, 60, 61, 62, 63, 64, 65, 66, 67, 68, 69, 70, 71, 72, 73, 74, 75, 76, 77, 78, 79, 80, 81, 82, 83, 84, 85, 86, 87, 88, 89, 90, 91, 92, 93, 94, 95, 96, 97, 98, 99]",0.0868440173822393
phase-coalesced-batch-verification,"{'median_reduction': 9904964799167686153, 'median_difference': 12854668526609793806, 'rank_biserial': 1976480386203113803}",preswap-eu-primary-v3-final,primary,batch-joint-presigning-batch-verification,batch_joint_presigning_vs_phase_coalesced_aggregate,1,critical-pair-wall,eu_primary,1.0,one-pair:H2-envelope-beyond-phase-coalescing,8,,5,-0.01544381539749102,"[-1.272154, 0.979744]",-0.6719315,"[-0.16843016920787945, 0.1305364659275735]",-0.08887550366221822,100,3,"[-0.23722772277227722, 0.2198019801980198]",-0.006732673267326733,"[5.550188, 3.67226, -0.034739, -2.205132, -3.596576, 6.098421, -0.175549, 4.303517, -0.456804, 4.174339, -1.650382, -1.1865, 1.320899, -2.405044, -2.552641, 0.99079, 5.62049, 10.651158, -4.425834, -1.111468, -0.94374, 6.108152, 1.319292, -1.618894, -0.341889, -1.83668, -1.274179, -2.423519, -2.078708, -0.976632, -3.692697, 2.033813, 7.496103, 1.189593, 2.143924, -4.661568, -16.123177, -8.438998, 18.069194, -6.733598, -2.430763, 1.065855, -4.76331, 2.196391, 2.644976, -0.945902, -14.845476, -1.973083, 3.12268, 0.720106, -4.245978, 2.985028, -2.599204, 0.795687, 9.220137, -3.806608, 6.337619, -3.39766, -12.521064, 0.979744, -1.322904, -5.338639, 3.776608, 1.469108, -3.917018, 7.196936, 3.396538, -5.30694, -6.141518, -16.701611, -0.263016, -2.136172, -0.634347, -6.267851, -1.571404, -1.272154, -4.899806, -0.709516, 13.695387, 1.796327, 2.777561, -5.034973, -15.097448, -1.05469, 6.873204, -3.554682, 3.664181, -5.29807, -0.767104, 6.817311, -0.752197, 5.918647, 5.497588, 4.467721, 6.423432, -0.396698, 9.000126, 7.261353, -2.651189, 3.081229]",eu_to_us,"[0, 1, 2, 3, 4, 5, 6, 7, 8, 9, 10, 11, 12, 13, 14, 15, 16, 17, 18, 19, 20, 21, 22, 23, 24, 25, 26, 27, 28, 29, 30, 31, 32, 33, 34, 35, 36, 37, 38, 39, 40, 41, 42, 43, 44, 45, 46, 47, 48, 49, 50, 51, 52, 53, 54, 55, 56, 57, 58, 59, 60, 61, 62, 63, 64, 65, 66, 67, 68, 69, 70, 71, 72, 73, 74, 75, 76, 77, 78, 79, 80, 81, 82, 83, 84, 85, 86, 87, 88, 89, 90, 91, 92, 93, 94, 95, 96, 97, 98, 99]",0.9533889759974613
additive_session_and_verification_main_effects,"{'median_reduction': 3399073111190955125, 'median_difference': 4375800176342718088, 'rank_biserial': 12020412394049119564}",preswap-eu-primary-v3-final,primary,observed_combined_shared_aggregate_effect,session_verification_interaction,1,critical-pair-wall-interaction,eu_primary,1.0,one-pair:exploratory,40,shared_itemwise + independent_aggregate - independent_itemwise - shared_aggregate; positive values mean the combined method saves more wall time than the sum of the two isolated main effects,5,-0.013187999421548418,"[-1.406528, 1.966273]",0.252302,"[-0.18422019997694628, 0.2663036272325723]",0.03361413982587161,100,3,"[-0.2083168316831683, 0.24396039603960396]",0.018217821782178217,"[10.318403, 6.406809, 0.443366, -1.015661, 4.355584, 10.176766, -2.358507, 1.515757, -2.597144, 7.7348, -0.872442, 1.837095, 4.468011, -3.550824, 2.760142, -0.986252, 5.272186, 11.239471, -7.513349, -7.412126, -1.891937, 4.412854, 0.619323, -8.349778, -4.011334, -5.036526, -1.778923, 0.063733, -6.758438, -4.741505, 0.397235, 4.36232, 10.408973, 0.585973, 10.299281, 1.21795, -16.412365, -6.252973, 19.890731, -5.771966, -4.345984, 4.437315, -7.127743, 5.557135, 7.907165, 2.170711, -14.447092, -13.297932, 10.519828, 4.775141, -3.545987, 4.055811, -3.129213, 5.042638, 3.611374, -1.842661, 6.325872, -5.861676, -14.053294, 0.107369, 8.285026, -11.545511, 3.420112, 3.024471, 1.757191, 7.350654, 3.162027, 1.25819, -4.957098, -21.893538, -5.904021, -4.726282, -4.30122, -4.792064, -4.845549, 3.159744, -0.161796, -4.04811, 12.146776, -3.546326, 9.276747, -12.133986, -18.083494, -0.240857, 14.565139, -5.25734, -1.369645, -12.017311, -15.059482, 5.940515, 0.105675, 8.024471, 6.866815, 3.536539, 7.043296, 1.761835, 2.699788, 12.17004, -9.161685, -1.034133]",eu_to_us,"[0, 1, 2, 3, 4, 5, 6, 7, 8, 9, 10, 11, 12, 13, 14, 15, 16, 17, 18, 19, 20, 21, 22, 23, 24, 25, 26, 27, 28, 29, 30, 31, 32, 33, 34, 35, 36, 37, 38, 39, 40, 41, 42, 43, 44, 45, 46, 47, 48, 49, 50, 51, 52, 53, 54, 55, 56, 57, 58, 59, 60, 61, 62, 63, 64, 65, 66, 67, 68, 69, 70, 71, 72, 73, 74, 75, 76, 77, 78, 79, 80, 81, 82, 83, 84, 85, 86, 87, 88, 89, 90, 91, 92, 93, 94, 95, 96, 97, 98, 99]",0.8743284035131398
reference-itemwise,"{'median_reduction': 986886517095540794, 'median_difference': 8416304016480957205, 'rank_biserial': 8206934512385580377}",preswap-eu-primary-v3-final,primary,batch-joint-presigning-batch-verification,complete_method_vs_reference,1,critical-pair-wall,eu_primary,0.04924423392894351,one-pair:H3-secondary-system-contrast,8,,9,0.1999043086443696,"[-0.162595, 2.7757235]",1.0824099999999999,"[-0.021538889692264356, 0.3642101422891838]",0.14336614456060634,100,5,"[0.06732673267326733, 0.4974257425742574]",0.2883168316831683,"[-1.243663, -0.162595, -3.221731, -10.298898, 3.464187, -5.373484, 7.604103, -0.180675, -2.732132, -1.786424, -1.574376, -1.710111, -7.521394, -5.838226, 5.158528, 3.313988, 1.042195, -0.836119, -5.786782, 5.110512, 5.921626, -0.971491, -0.966405, 4.7832, 5.97086, 0.243452, 23.229451, -4.286423, 9.799596, -24.491271, -2.699077, -7.425358, 7.347743, -1.273163, 3.274585, 28.992871, -0.281649, 7.994512, 2.604176, -5.787992, 3.656186, -5.320962, 1.122625, -0.639381, -3.009017, 0.856162, 4.191042, -0.111912, 4.587689, 4.701567, -2.382658, 1.241358, -1.783634, 0.598955, -1.497573, 3.041903, -1.522062, -0.146707, 6.63411, -14.447193, 6.518711, 9.008395, 5.245459, -0.252803, 5.010687, 7.083455, -3.531596, 2.14314, 7.208388, 0.585064, -1.92928, 2.375891, -4.697392, -1.261688, 6.514364, 6.495315, 2.599319, 1.173408, -2.575521, 1.47672, 8.609734, 2.952128, -2.672135, -2.253858, 8.313228, 0.805846, 5.41246, 2.515967, -7.241112, -12.567059, 8.190307, 1.969767, 3.668925, 11.108885, 17.576735, 3.648966, 8.545696, 0.422916, 6.977804, 9.635531]",eu_to_us,"[0, 1, 2, 3, 4, 5, 6, 7, 8, 9, 10, 11, 12, 13, 14, 15, 16, 17, 18, 19, 20, 21, 22, 23, 24, 25, 26, 27, 28, 29, 30, 31, 32, 33, 34, 35, 36, 37, 38, 39, 40, 41, 42, 43, 44, 45, 46, 47, 48, 49, 50, 51, 52, 53, 54, 55, 56, 57, 58, 59, 60, 61, 62, 63, 64, 65, 66, 67, 68, 69, 70, 71, 72, 73, 74, 75, 76, 77, 78, 79, 80, 81, 82, 83, 84, 85, 86, 87, 88, 89, 90, 91, 92, 93, 94, 95, 96, 97, 98, 99]",0.012311058482235878
reference-itemwise,"{'median_reduction': 11590826196336827193, 'median_difference': 2397815246918651937, 'rank_biserial': 4755285841703018294}",preswap-eu-primary-v3-final,primary,phase-coalesced-itemwise,phase_coalescing_vs_reference,1,critical-pair-wall,eu_primary,0.23502501363764428,one-pair:exploratory,40,,9,-0.24863191694735845,"[-2.27318, 0.277042]",-0.8617015,"[-0.29922405000526997, 0.036265599331251674]",-0.11357201223154442,100,5,"[-0.5085148514851485, -0.08554455445544555]",-0.30217821782178217,"[0.080228, -24.728361, 0.375665, -3.04219, 2.153711, -3.865074, -1.655879, -2.550298, -6.39583, -11.215274, -7.653765, 0.590219, -5.072271, -5.404459, 1.415849, -0.175735, -7.619096, 7.590327, -5.332054, 0.331239, 4.556471, -0.564449, 0.605328, 2.717836, 2.332327, -0.06775, -3.747914, -0.76951, -4.44792, -4.504291, -10.78842, -2.447627, 6.481751, 0.492496, -1.797054, 0.958949, -4.569991, 3.334805, 2.369849, -0.444207, -4.651456, 0.352651, -7.987681, -6.10458, 0.609666, -8.048911, 0.666181, -4.298845, 0.936678, 0.422563, -10.755358, 1.620756, -2.27318, 0.984258, -3.760829, -1.73892, -4.239757, 11.100486, 0.797339, -21.77629, 3.110711, 0.277042, 4.556755, -7.061657, 7.169776, 1.195467, -1.696915, 4.155667, 5.504577, -0.674732, 3.472699, -0.007454, 11.696217, -8.497953, -1.397995, -6.249919, -9.501998, -1.688571, -9.730066, -4.004706, -0.953893, -1.991375, -10.943195, -5.402053, 13.695313, -1.630863, -3.985121, 5.777662, -19.4771, -15.734394, 7.634504, -10.57516, -0.179769, 4.458965, 0.949937, 2.718264, -5.930429, -4.346352, 6.146314, 3.412461]",eu_to_us,"[0, 1, 2, 3, 4, 5, 6, 7, 8, 9, 10, 11, 12, 13, 14, 15, 16, 17, 18, 19, 20, 21, 22, 23, 24, 25, 26, 27, 28, 29, 30, 31, 32, 33, 34, 35, 36, 37, 38, 39, 40, 41, 42, 43, 44, 45, 46, 47, 48, 49, 50, 51, 52, 53, 54, 55, 56, 57, 58, 59, 60, 61, 62, 63, 64, 65, 66, 67, 68, 69, 70, 71, 72, 73, 74, 75, 76, 77, 78, 79, 80, 81, 82, 83, 84, 85, 86, 87, 88, 89, 90, 91, 92, 93, 94, 95, 96, 97, 98, 99]",0.008704630134727566
phase-coalesced-itemwise,"{'median_reduction': 11529551287372951220, 'median_difference': 18116216042526088473, 'rank_biserial': 17300371743059298047}",preswap-eu-primary-v3-final,primary,batch-joint-presigning-itemwise,batch_joint_presigning_vs_phase_coalesced_itemwise,1,critical-pair-wall,eu_primary,1.0,one-pair:exploratory,40,,9,0.07138158702122398,"[-1.175926, 1.449724]",0.8575135,"[-0.15433606174969128, 0.18752122890276485]",0.11283571535888726,100,5,"[-0.13702970297029704, 0.31643564356435644]",0.0891089108910891,"[-6.591382, 31.272267, -7.80595, -1.397693, -6.53812, -1.720459, -1.175926, 1.425341, 1.827647, 7.427785, 3.783914, 0.892396, 0.331349, 5.409104, 0.822631, 0.622057, -1.780036, -7.622455, 1.990369, -2.60295, -1.743204, 1.302881, 0.01289, -1.470296, 6.598546, 1.182409, 3.152375, -2.532292, 3.43784, 2.402958, 2.526078, -4.366783, -4.160564, 3.291332, 6.080288, 4.602379, 2.250631, 2.483543, -2.58777, -4.464475, 1.615407, 4.354051, 0.662504, 0.006485, -9.906177, 0.631759, -1.509117, 2.313437, -5.771692, 2.171534, 7.00857, -1.865345, -1.685694, -1.636425, 2.767098, 4.487204, -7.586663, -14.72873, 3.492618, -1.554829, 4.160159, -1.747132, -0.808577, 3.879774, -5.564842, -1.369542, -2.090631, -3.517965, 7.016866, 1.193692, 1.061225, 2.455995, -11.674326, 3.07544, -2.191252, 8.736185, 4.825632, 1.006624, 2.044017, 1.111027, -1.619785, 1.596567, 8.656374, 13.939656, -5.732998, -5.496483, 10.312482, -7.007129, 1.19153, 0.38096, -1.856605, 7.51985, -2.005015, -5.47408, 1.600619, 13.267522, 0.940139, 3.093831, -4.644177, -2.937274]",eu_to_us,"[0, 1, 2, 3, 4, 5, 6, 7, 8, 9, 10, 11, 12, 13, 14, 15, 16, 17, 18, 19, 20, 21, 22, 23, 24, 25, 26, 27, 28, 29, 30, 31, 32, 33, 34, 35, 36, 37, 38, 39, 40, 41, 42, 43, 44, 45, 46, 47, 48, 49, 50, 51, 52, 53, 54, 55, 56, 57, 58, 59, 60, 61, 62, 63, 64, 65, 66, 67, 68, 69, 70, 71, 72, 73, 74, 75, 76, 77, 78, 79, 80, 81, 82, 83, 84, 85, 86, 87, 88, 89, 90, 91, 92, 93, 94, 95, 96, 97, 98, 99]",0.439153713588891
reference-itemwise,"{'median_reduction': 11581826963544942252, 'median_difference': 11891921158139101870, 'rank_biserial': 8937627907188882917}",preswap-eu-primary-v3-final,primary,batch-joint-presigning-itemwise,batch_joint_presigning_vs_reference,1,critical-pair-wall,eu_primary,0.39909484558533603,one-pair:exploratory,40,,9,-0.1736459860585137,"[-2.4465190000000003, -0.217921]",-1.070036,"[-0.3214026665547156, -0.028583977101653113]",-0.14068462023053158,100,5,"[-0.4875247524752475, -0.05821782178217822]",-0.27920792079207923,"[-6.511154, 6.543906, -7.430285, -4.439883, -4.384409, -5.585533, -2.831805, -1.124957, -4.568183, -3.787489, -3.869851, 1.482615, -4.740922, 0.004645, 2.23848, 0.446322, -9.399132, -0.032128, -3.341685, -2.271711, 2.813267, 0.738432, 0.618218, 1.24754, 8.930873, 1.114659, -0.595539, -3.301802, -1.01008, -2.101333, -8.262342, -6.81441, 2.321187, 3.783828, 4.283234, 5.561328, -2.31936, 5.818348, -0.217921, -4.908682, -3.036049, 4.706702, -7.325177, -6.098095, -9.296511, -7.417152, -0.842936, -1.985408, -4.835014, 2.594097, -3.746788, -0.244589, -3.958874, -0.652167, -0.993731, 2.748284, -11.82642, -3.628244, 4.289957, -23.331119, 7.27087, -1.47009, 3.748178, -3.181883, 1.604934, -0.174075, -3.787546, 0.637702, 12.521443, 0.51896, 4.533924, 2.448541, 0.021891, -5.422513, -3.589247, 2.486266, -4.676366, -0.681947, -7.686049, -2.893679, -2.573678, -0.394808, -2.286821, 8.537603, 7.962315, -7.127346, 6.327361, -1.229467, -18.28557, -15.353434, 5.777899, -3.05531, -2.184784, -1.015115, 2.550556, 15.985786, -4.99029, -1.252521, 1.502137, 0.475187]",eu_to_us,"[0, 1, 2, 3, 4, 5, 6, 7, 8, 9, 10, 11, 12, 13, 14, 15, 16, 17, 18, 19, 20, 21, 22, 23, 24, 25, 26, 27, 28, 29, 30, 31, 32, 33, 34, 35, 36, 37, 38, 39, 40, 41, 42, 43, 44, 45, 46, 47, 48, 49, 50, 51, 52, 53, 54, 55, 56, 57, 58, 59, 60, 61, 62, 63, 64, 65, 66, 67, 68, 69, 70, 71, 72, 73, 74, 75, 76, 77, 78, 79, 80, 81, 82, 83, 84, 85, 86, 87, 88, 89, 90, 91, 92, 93, 94, 95, 96, 97, 98, 99]",0.015349801753282155
batch-joint-presigning-itemwise,"{'median_reduction': 2735304330566213159, 'median_difference': 6370213248864903415, 'rank_biserial': 10969691833319059685}",preswap-eu-primary-v3-final,primary,batch-joint-presigning-batch-verification,batch_verification_with_batch_joint_presigning,1,critical-pair-wall,eu_primary,1.5595168053781878e-05,one-pair:H1-aggregate-within-shared,8,,9,0.37046111158285183,"[1.765396, 3.481537]",2.3782805,"[0.23114392435625797, 0.45967677109022276]",0.3130737645926801,100,5,"[0.34376237623762373, 0.7196039603960396]",0.5413861386138614,"[5.267491, -6.706501, 4.208554, -5.859015, 7.848596, 0.212049, 10.435908, 0.944282, 1.836051, 2.001065, 2.295475, -3.192726, -2.780472, -5.842871, 2.920048, 2.867666, 10.441327, -0.803991, -2.445097, 7.382223, 3.108359, -1.709923, -1.584623, 3.53566, -2.960013, -0.871207, 23.82499, -0.984621, 10.809676, -22.389938, 5.563265, -0.610948, 5.026556, -5.056991, -1.008649, 23.431543, 2.037711, 2.176164, 2.822097, -0.87931, 6.692235, -10.027664, 8.447802, 5.458714, 6.287494, 8.273314, 5.033978, 1.873496, 9.422703, 2.10747, 1.36413, 1.485947, 2.17524, 1.251122, -0.503842, 0.293619, 10.304358, 3.481537, 2.344153, 8.883926, -0.752159, 10.478485, 1.497281, 2.92908, 3.405753, 7.25753, 0.25595, 1.505438, -5.313055, 0.066104, -6.463204, -0.07265, -4.719283, 4.160825, 10.103611, 4.009049, 7.275685, 1.855355, 5.110528, 4.370399, 11.183412, 3.346936, -0.385314, -10.791461, 0.350913, 7.933192, -0.914901, 3.745434, 11.044458, 2.786375, 2.412408, 5.025077, 5.853709, 12.124, 15.026179, -12.33682, 13.535986, 1.675437, 5.475667, 9.160344]",eu_to_us,"[0, 1, 2, 3, 4, 5, 6, 7, 8, 9, 10, 11, 12, 13, 14, 15, 16, 17, 18, 19, 20, 21, 22, 23, 24, 25, 26, 27, 28, 29, 30, 31, 32, 33, 34, 35, 36, 37, 38, 39, 40, 41, 42, 43, 44, 45, 46, 47, 48, 49, 50, 51, 52, 53, 54, 55, 56, 57, 58, 59, 60, 61, 62, 63, 64, 65, 66, 67, 68, 69, 70, 71, 72, 73, 74, 75, 76, 77, 78, 79, 80, 81, 82, 83, 84, 85, 86, 87, 88, 89, 90, 91, 92, 93, 94, 95, 96, 97, 98, 99]",2.599194675630313e-06
phase-coalesced-itemwise,"{'median_reduction': 8571560904844044463, 'median_difference': 1859259340270906400, 'rank_biserial': 6331404753097464188}",preswap-eu-primary-v3-final,primary,phase-coalesced-batch-verification,batch_verification_with_phase_coalescing,1,critical-pair-wall,eu_primary,0.02344686127146301,one-pair:exploratory,40,,9,0.2961085839002441,"[0.747911, 3.113442]",2.1268615,"[0.09787128288005371, 0.41209571023362834]",0.2791107267788635,100,5,"[0.17465346534653464, 0.5845544554455445]",0.38693069306930694,"[-5.251371, 28.260145, -1.951514, -1.677308, 1.521455, 0.552582, 7.239857, -3.388002, 2.88068, -10.712457, 6.257766, -3.755557, 6.25028, 3.922664, -4.538617, 2.164671, 5.834087, -10.920889, 2.997462, 0.521583, -1.545788, 21.32547, 3.973085, 1.787686, 3.898846, 3.113442, 1.712576, -8.746978, 11.148079, 0.668649, 8.23582, 0.66807, 0.645277, 7.8139, 5.12381, 4.105397, -1.138724, 2.589327, -4.619241, -0.746417, 2.089052, -1.889671, 7.085989, 9.12113, -7.087696, 9.657553, 1.032276, 9.638452, -4.969884, 22.092686, 6.714723, -1.390175, 9.102144, 3.171493, 3.773175, 3.507106, -1.888741, -3.713652, 1.406326, 0.747911, 7.891715, 4.644641, -1.058298, 2.391326, 0.703321, 2.303333, -3.259898, -5.075982, 6.253605, 0.084397, 1.493788, 2.192212, -11.764761, 6.939555, 7.804869, 8.592047, 10.067102, 3.201449, 18.291402, 3.308732, -1.229539, 9.898371, 1.13877, 0.426541, -7.380739, 2.341502, 9.235082, -8.585697, 4.273521, -1.414411, -1.811156, -8.391366, 3.904757, -0.06663, 6.301438, -3.522097, 5.841408, 2.995773, -6.697098, 1.484396]",eu_to_us,"[0, 1, 2, 3, 4, 5, 6, 7, 8, 9, 10, 11, 12, 13, 14, 15, 16, 17, 18, 19, 20, 21, 22, 23, 24, 25, 26, 27, 28, 29, 30, 31, 32, 33, 34, 35, 36, 37, 38, 39, 40, 41, 42, 43, 44, 45, 46, 47, 48, 49, 50, 51, 52, 53, 54, 55, 56, 57, 58, 59, 60, 61, 62, 63, 64, 65, 66, 67, 68, 69, 70, 71, 72, 73, 74, 75, 76, 77, 78, 79, 80, 81, 82, 83, 84, 85, 86, 87, 88, 89, 90, 91, 92, 93, 94, 95, 96, 97, 98, 99]",0.0007815620423821004
phase-coalesced-batch-verification,"{'median_reduction': 6945857260077507406, 'median_difference': 15509705668580658550, 'rank_biserial': 6561608408017454128}",preswap-eu-primary-v3-final,primary,batch-joint-presigning-batch-verification,batch_joint_presigning_vs_phase_coalesced_aggregate,1,critical-pair-wall,eu_primary,0.35716188340728355,one-pair:H2-envelope-beyond-phase-coalescing,8,,9,0.14412295260478747,"[0.191133, 2.200587]",1.440222,"[0.025099312657713525, 0.28680075005064765]",0.1889024358094504,100,5,"[0.006732673267326733, 0.44712871287128714]",0.2312871287128713,"[3.92748, -3.694379, -1.645882, -5.5794, -0.210979, -2.060992, 2.020125, 5.757625, 0.783018, 20.141307, -0.178377, 1.455227, -8.699403, -4.356431, 8.281296, 1.325052, 2.827204, 2.494443, -3.45219, 4.25769, 2.910943, -21.732512, -5.544818, 0.277678, -0.260313, -2.80224, 25.264789, 5.230065, 3.099437, -20.655629, -0.146477, -5.645801, 0.220715, -9.579559, -0.052171, 23.928525, 5.427066, 2.07038, 4.853568, -4.597368, 6.21859, -3.783942, 2.024317, -3.655931, 3.469013, -0.75248, 2.492585, -5.451519, 8.620895, -17.813682, 1.657977, 1.010777, -8.612598, -3.556796, -1.509919, 1.273717, 4.606436, -7.533541, 4.430445, 6.581186, -4.483715, 4.086712, 1.747002, 4.417528, -2.86241, 3.584655, 1.425217, 3.063455, -4.549794, 1.175399, -6.895767, 0.191133, -4.628848, 0.29671, 0.10749, 4.153187, 2.034215, -0.33947, -11.136857, 2.172694, 10.793166, -4.954868, 7.13229, 2.721654, 1.998654, 0.095207, 0.162499, 5.324002, 7.962467, 4.581746, 2.366959, 20.936293, -0.056063, 6.71655, 10.32536, 4.452799, 8.634717, 1.773495, 7.528588, 4.738674]",eu_to_us,"[0, 1, 2, 3, 4, 5, 6, 7, 8, 9, 10, 11, 12, 13, 14, 15, 16, 17, 18, 19, 20, 21, 22, 23, 24, 25, 26, 27, 28, 29, 30, 31, 32, 33, 34, 35, 36, 37, 38, 39, 40, 41, 42, 43, 44, 45, 46, 47, 48, 49, 50, 51, 52, 53, 54, 55, 56, 57, 58, 59, 60, 61, 62, 63, 64, 65, 66, 67, 68, 69, 70, 71, 72, 73, 74, 75, 76, 77, 78, 79, 80, 81, 82, 83, 84, 85, 86, 87, 88, 89, 90, 91, 92, 93, 94, 95, 96, 97, 98, 99]",0.044645235425910444
additive_session_and_verification_main_effects,"{'median_reduction': 2805056362996016824, 'median_difference': 9554985445006924833, 'rank_biserial': 9464510711540467287}",preswap-eu-primary-v3-final,primary,observed_combined_shared_aggregate_effect,session_verification_interaction,1,critical-pair-wall-interaction,eu_primary,1.0,one-pair:exploratory,40,shared_itemwise + independent_aggregate - independent_itemwise - shared_aggregate; positive values mean the combined method saves more wall time than the sum of the two isolated main effects,9,0.0759755583817112,"[-1.044629, 3.3559495000000004]",0.9997469999999999,"[-0.15246829341344273, 0.4206608376690226]",0.13118923616728345,100,5,"[-0.08594059405940593, 0.36316831683168316]",0.13623762376237625,"[10.518862, -34.966646, 6.160068, -4.181707, 6.327141, -0.340533, 3.196051, 4.332284, -1.044629, 12.713522, -3.962291, 0.562831, -9.030752, -9.765535, 7.458665, 0.702995, 4.60724, 10.116898, -5.442559, 6.86064, 4.654147, -23.035393, -5.557708, 1.747974, -6.858859, -3.984649, 22.112414, 7.762357, -0.338403, -23.058587, -2.672555, -1.279018, 4.381279, -12.870891, -6.132459, 19.326146, 3.176435, -0.413163, 7.441338, -0.132893, 4.603183, -8.137993, 1.361813, -3.662416, 13.37519, -1.384239, 4.001702, -7.764956, 14.392587, -19.985216, -5.350593, 2.876122, -6.926904, -1.920371, -4.277017, -3.213487, 12.193099, 7.195189, 0.937827, 8.136015, -8.643874, 5.833844, 2.555579, 0.537754, 2.702432, 4.954197, 3.515848, 6.58142, -11.56666, -0.018293, -7.956992, -2.264862, 7.045478, -2.77873, 2.298742, -4.582998, -2.791417, -1.346094, -13.180874, 1.061667, 12.412951, -6.551435, -1.524084, -11.218002, 7.731652, 5.59169, -10.149983, 12.331131, 6.770937, 4.200786, 4.223564, 13.416443, 1.948952, 12.19063, 8.724741, -8.814723, 7.694578, -1.320336, 12.172765, 7.675948]",eu_to_us,"[0, 1, 2, 3, 4, 5, 6, 7, 8, 9, 10, 11, 12, 13, 14, 15, 16, 17, 18, 19, 20, 21, 22, 23, 24, 25, 26, 27, 28, 29, 30, 31, 32, 33, 34, 35, 36, 37, 38, 39, 40, 41, 42, 43, 44, 45, 46, 47, 48, 49, 50, 51, 52, 53, 54, 55, 56, 57, 58, 59, 60, 61, 62, 63, 64, 65, 66, 67, 68, 69, 70, 71, 72, 73, 74, 75, 76, 77, 78, 79, 80, 81, 82, 83, 84, 85, 86, 87, 88, 89, 90, 91, 92, 93, 94, 95, 96, 97, 98, 99]",0.23689486386690062
reference-itemwise,"{'median_reduction': 17634502482483866145, 'median_difference': 14533858269449781849, 'rank_biserial': 2212075385181975833}",preswap-eu-primary-v3-final,primary,batch-joint-presigning-batch-verification,complete_method_vs_reference,1,critical-pair-wall,eu_primary,3.1172478760767274e-17,one-pair:H3-secondary-system-contrast,8,,15,18.293725955992894,"[176.87592, 180.47303]",178.64074549999998,"[18.692132935552788, 19.031931018638378]",18.830836757721812,100,8,"[1.0, 1.0]",1.0,"[92.445495, 88.06144, 182.147889, 180.540372, 173.000591, 182.700549, 191.305079, 183.419054, 177.524167, 176.884009, 182.926441, 177.428541, 181.551347, 182.929133, 171.482995, 212.02631, 180.679616, 187.876756, 155.967653, 181.92739, 176.747936, 174.223932, 187.542532, 197.185605, 173.116007, 183.537057, 175.60619, 161.470993, 159.510951, 176.382357, 179.284252, 181.383093, 179.498739, 186.704097, 171.162133, 157.977828, 183.421555, 176.338308, 176.059234, 177.24465, 183.428316, 68.422299, 189.415401, 177.359627, 179.653002, 174.669384, 182.059831, 169.316667, 186.740393, 184.598294, 181.545777, 180.331798, 175.953515, 175.171395, 188.071318, 190.155544, 199.713222, 176.694491, 170.775573, 195.784789, 186.910757, 176.279379, 184.424058, 174.986344, 186.478337, 173.187622, 177.116112, 178.873068, 167.64992, 182.721016, 186.389114, 178.471936, 85.397765, 181.805818, 163.570385, 178.510823, 178.887628, 176.854413, 176.87592, 178.281287, 178.770668, 188.857101, 182.514552, 165.433847, 167.530861, 181.873625, 171.68212, 87.846211, 180.89551, 166.779712, 186.344926, 173.957544, 172.39475, 91.022233, 172.757137, 182.955656, 85.337315, 179.61288, 179.304785, 180.47303]",eu_to_us,"[0, 1, 2, 3, 4, 5, 6, 7, 8, 9, 10, 11, 12, 13, 14, 15, 16, 17, 18, 19, 20, 21, 22, 23, 24, 25, 26, 27, 28, 29, 30, 31, 32, 33, 34, 35, 36, 37, 38, 39, 40, 41, 42, 43, 44, 45, 46, 47, 48, 49, 50, 51, 52, 53, 54, 55, 56, 57, 58, 59, 60, 61, 62, 63, 64, 65, 66, 67, 68, 69, 70, 71, 72, 73, 74, 75, 76, 77, 78, 79, 80, 81, 82, 83, 84, 85, 86, 87, 88, 89, 90, 91, 92, 93, 94, 95, 96, 97, 98, 99]",3.896559845095909e-18
reference-itemwise,"{'median_reduction': 17463577716415794314, 'median_difference': 12913508023938727404, 'rank_biserial': 7917926616448099221}",preswap-eu-primary-v3-final,primary,phase-coalesced-itemwise,phase_coalescing_vs_reference,1,critical-pair-wall,eu_primary,1.5586239380383637e-16,one-pair:exploratory,40,,15,17.80772365509526,"[172.858298, 175.869556]",174.625971,"[18.288122797903107, 18.500554319286458]",18.412022753746122,100,8,"[1.0, 1.0]",1.0,"[90.553949, 98.600039, 175.869556, 172.613936, 167.459931, 177.296557, 176.695704, 174.790055, 173.732686, 165.571555, 176.419344, 167.88711, 174.624904, 177.508306, 182.732706, 183.64984, 177.041628, 176.446198, 152.080441, 180.234306, 167.500367, 168.835764, 197.676909, 179.433663, 172.014105, 176.657449, 175.577252, 152.984127, 155.241176, 171.926393, 172.095232, 177.601447, 177.751333, 174.19855, 171.848124, 164.765836, 171.297496, 170.738133, 175.818201, 179.552568, 191.655298, 60.082101, 179.47146, 192.613276, 174.419492, 183.625501, 174.31244, 171.131638, 181.011515, 178.151423, 175.998003, 172.698944, 172.858298, 173.75042, 196.397095, 176.892356, 184.806525, 176.751895, 174.873266, 177.27127, 173.854837, 174.651405, 175.797206, 192.680451, 176.69447, 167.843375, 172.58245, 170.933969, 165.987029, 176.083504, 177.068995, 171.258866, 78.909812, 174.627038, 162.262385, 181.607571, 178.595905, 172.080388, 174.938147, 176.174185, 175.906151, 167.721392, 183.095249, 155.88811, 184.11683, 176.096172, 173.026515, 80.924062, 180.619732, 165.847123, 171.112674, 170.835379, 154.927699, 80.313787, 170.64501, 174.376355, 71.957947, 179.80178, 169.447718, 175.046484]",eu_to_us,"[0, 1, 2, 3, 4, 5, 6, 7, 8, 9, 10, 11, 12, 13, 14, 15, 16, 17, 18, 19, 20, 21, 22, 23, 24, 25, 26, 27, 28, 29, 30, 31, 32, 33, 34, 35, 36, 37, 38, 39, 40, 41, 42, 43, 44, 45, 46, 47, 48, 49, 50, 51, 52, 53, 54, 55, 56, 57, 58, 59, 60, 61, 62, 63, 64, 65, 66, 67, 68, 69, 70, 71, 72, 73, 74, 75, 76, 77, 78, 79, 80, 81, 82, 83, 84, 85, 86, 87, 88, 89, 90, 91, 92, 93, 94, 95, 96, 97, 98, 99]",3.896559845095909e-18
phase-coalesced-itemwise,"{'median_reduction': 2459909928569294181, 'median_difference': 6123910493499536394, 'rank_biserial': 14726555220768308975}",preswap-eu-primary-v3-final,primary,batch-joint-presigning-itemwise,batch_joint_presigning_vs_phase_coalesced_itemwise,1,critical-pair-wall,eu_primary,1.0,one-pair:exploratory,40,,15,-0.34847769757723873,"[-1.1221044999999998, 1.190496]",0.026977999999999995,"[-0.14741539997779435, 0.1541863936776454]",0.0034460798283769013,100,8,"[-0.22257425742574258, 0.22772277227722773]",0.0031683168316831685,"[-6.201757, -10.564549, 20.348333, 10.680958, 2.780025, 1.154591, -0.773522, -2.636017, -3.350525, 7.635439, -3.18677, -1.020109, 19.386435, 2.595416, -9.86749, -1.2241, -3.234218, 19.934495, -5.356069, 1.184829, -3.218014, -0.791677, -16.695792, -3.997732, 2.241463, -0.571224, -13.343289, 6.834246, -3.403622, -0.120773, -4.355934, -0.536885, -0.434172, 5.822308, -1.108746, -9.709381, 0.217787, -5.149234, -4.638985, -3.454259, -13.700886, 2.567811, 8.23526, -10.162175, -2.113933, -20.504181, 1.62032, -7.839054, -7.079684, 1.196163, 1.534869, 2.445877, 4.435013, 0.174729, -25.06612, 6.36212, -9.362783, 2.611579, 14.420158, 0.959228, -293.583743, -1.611519, 6.164518, -3.023795, 10.92648, 9.760836, -8.16799, 7.513144, -0.376297, -3.758453, 11.085695, 0.501327, -2.385914, 2.307784, 0.827165, -10.308059, 1.709422, 20.249674, 1.024018, 0.868652, -0.937599, 3.467212, -4.104198, -4.690724, -8.654569, 11.520332, 9.62123, 6.916601, -8.728472, 3.253984, 3.584203, 2.523396, 7.44458, 4.634002, 9.389356, -1.86163, 0.778851, -2.730899, 6.391693, 12.846975]",eu_to_us,"[0, 1, 2, 3, 4, 5, 6, 7, 8, 9, 10, 11, 12, 13, 14, 15, 16, 17, 18, 19, 20, 21, 22, 23, 24, 25, 26, 27, 28, 29, 30, 31, 32, 33, 34, 35, 36, 37, 38, 39, 40, 41, 42, 43, 44, 45, 46, 47, 48, 49, 50, 51, 52, 53, 54, 55, 56, 57, 58, 59, 60, 61, 62, 63, 64, 65, 66, 67, 68, 69, 70, 71, 72, 73, 74, 75, 76, 77, 78, 79, 80, 81, 82, 83, 84, 85, 86, 87, 88, 89, 90, 91, 92, 93, 94, 95, 96, 97, 98, 99]",0.9780556767995897
reference-itemwise,"{'median_reduction': 431550226582310979, 'median_difference': 2901473777312845425, 'rank_biserial': 10010432640362415095}",preswap-eu-primary-v3-final,primary,batch-joint-presigning-itemwise,batch_joint_presigning_vs_reference,1,critical-pair-wall,eu_primary,1.5875333466448504e-16,one-pair:exploratory,40,,15,17.52600838795236,"[172.514725, 175.962165]",174.4762225,"[18.215674203005122, 18.5595190198286]",18.45856722803272,100,8,"[0.9869306930693069, 1.0]",0.9968316831683168,"[84.352192, 88.03549, 196.217889, 183.294894, 170.239956, 178.451148, 175.922182, 172.154038, 170.382161, 173.206994, 173.232574, 166.867001, 194.011339, 180.103722, 172.865216, 182.42574, 173.80741, 196.380693, 146.724372, 181.419135, 164.282353, 168.044087, 180.981117, 175.435931, 174.255568, 176.086225, 162.233963, 159.818373, 151.837554, 171.80562, 167.739298, 177.064562, 177.317161, 180.020858, 170.739378, 155.056455, 171.515283, 165.588899, 171.179216, 176.098309, 177.954412, 62.649912, 187.70672, 182.451101, 172.305559, 163.12132, 175.93276, 163.292584, 173.931831, 179.347586, 177.532872, 175.144821, 177.293311, 173.925149, 171.330975, 183.254476, 175.443742, 179.363474, 189.293424, 178.230498, -119.728906, 173.039886, 181.961724, 189.656656, 187.62095, 177.604211, 164.41446, 178.447113, 165.610732, 172.325051, 188.15469, 171.760193, 76.523898, 176.934822, 163.08955, 171.299512, 180.305327, 192.330062, 175.962165, 177.042837, 174.968552, 171.188604, 178.991051, 151.197386, 175.462261, 187.616504, 182.647745, 87.840663, 171.89126, 169.101107, 174.696877, 173.358775, 162.372279, 84.947789, 180.034366, 172.514725, 72.736798, 177.070881, 175.839411, 187.893459]",eu_to_us,"[0, 1, 2, 3, 4, 5, 6, 7, 8, 9, 10, 11, 12, 13, 14, 15, 16, 17, 18, 19, 20, 21, 22, 23, 24, 25, 26, 27, 28, 29, 30, 31, 32, 33, 34, 35, 36, 37, 38, 39, 40, 41, 42, 43, 44, 45, 46, 47, 48, 49, 50, 51, 52, 53, 54, 55, 56, 57, 58, 59, 60, 61, 62, 63, 64, 65, 66, 67, 68, 69, 70, 71, 72, 73, 74, 75, 76, 77, 78, 79, 80, 81, 82, 83, 84, 85, 86, 87, 88, 89, 90, 91, 92, 93, 94, 95, 96, 97, 98, 99]",4.9610417082651575e-18
batch-joint-presigning-itemwise,"{'median_reduction': 249345805671907500, 'median_difference': 5572773802993370925, 'rank_biserial': 3570324812532287778}",preswap-eu-primary-v3-final,primary,batch-joint-presigning-batch-verification,batch_verification_with_batch_joint_presigning,1,critical-pair-wall,eu_primary,3.0781456952897883e-06,one-pair:H1-aggregate-within-shared,8,,15,0.820403195316584,"[2.825411, 6.127071]",4.447634,"[0.36167691382532413, 0.7936823472171349]",0.5756036224221117,100,8,"[0.38772277227722773, 0.7552475247524753]",0.5817821782178217,"[8.093303, 0.02595, -14.07, -2.754522, 2.760635, 4.249401, 15.382897, 11.265016, 7.142006, 3.677015, 9.693867, 10.56154, -12.459992, 2.825411, -1.382221, 29.60057, 6.872206, -8.503937, 9.243281, 0.508255, 12.465583, 6.179845, 6.561415, 21.749674, -1.139561, 7.450832, 13.372227, 1.65262, 7.673397, 4.576737, 11.544954, 4.318531, 2.181578, 6.683239, 0.422755, 2.921373, 11.906272, 10.749409, 4.880018, 1.146341, 5.473904, 5.772387, 1.708681, -5.091474, 7.347443, 11.548064, 6.127071, 6.024083, 12.808562, 5.250708, 4.012905, 5.186977, -1.339796, 1.246246, 16.740343, 6.901068, 24.26948, -2.668983, -18.517851, 17.554291, 306.639663, 3.239493, 2.462334, -14.670312, -1.142613, -4.416589, 12.701652, 0.425955, 2.039188, 10.395965, -1.765576, 6.711743, 8.873867, 4.870996, 0.480835, 7.211311, -1.417699, -15.475649, 0.913755, 1.23845, 3.802116, 17.668497, 3.523501, 14.236461, -7.9314, -5.742879, -10.965625, 0.005548, 9.00425, -2.321395, 11.648049, 0.598769, 10.022471, 6.074444, -7.277229, 10.440931, 12.600517, 2.541999, 3.465374, -7.420429]",eu_to_us,"[0, 1, 2, 3, 4, 5, 6, 7, 8, 9, 10, 11, 12, 13, 14, 15, 16, 17, 18, 19, 20, 21, 22, 23, 24, 25, 26, 27, 28, 29, 30, 31, 32, 33, 34, 35, 36, 37, 38, 39, 40, 41, 42, 43, 44, 45, 46, 47, 48, 49, 50, 51, 52, 53, 54, 55, 56, 57, 58, 59, 60, 61, 62, 63, 64, 65, 66, 67, 68, 69, 70, 71, 72, 73, 74, 75, 76, 77, 78, 79, 80, 81, 82, 83, 84, 85, 86, 87, 88, 89, 90, 91, 92, 93, 94, 95, 96, 97, 98, 99]",4.397350993271126e-07
phase-coalesced-itemwise,"{'median_reduction': 9516411839193495017, 'median_difference': 5601281915391344417, 'rank_biserial': 14119421930998533141}",preswap-eu-primary-v3-final,primary,phase-coalesced-batch-verification,batch_verification_with_phase_coalescing,1,critical-pair-wall,eu_primary,1.039301282901181e-06,one-pair:exploratory,40,,15,0.6184238719585463,"[3.345918, 6.223713]",4.723957,"[0.43546205887477835, 0.8035357665032201]",0.6178654277219449,100,8,"[0.4518811881188119, 0.7996039603960396]",0.636039603960396,"[5.048437, -9.443241, 4.070646, 27.431004, 4.192486, 8.771571, 4.186871, 11.245529, 5.226054, 11.078262, 3.22085, 6.585993, 3.142681, 6.844637, -8.890037, 8.92204, 8.30736, 6.553998, -2.520917, 1.8849, 20.413802, 4.587555, -7.576814, 1.467128, 1.916568, -1.002571, -9.850565, 9.916507, 20.195495, 5.789281, -1.971183, 8.10663, 23.783238, 22.725661, -18.526054, 2.625584, 27.752, 5.893428, 3.843697, -9.174996, -13.381082, 7.382835, 3.678229, 4.860359, 19.264315, -14.283872, 5.332331, 3.345918, -0.654828, 0.352253, 7.893339, 0.581203, 11.935752, -0.362831, -14.726621, 5.11909, -0.52095, 0.968062, 2.212038, 8.620269, 11.900635, 7.016351, 5.860012, -1.346379, 13.511647, 12.435624, 0.597454, 0.668425, 10.097308, 16.005068, 0.456576, 8.145583, 10.527098, 3.16463, 0.34209, -4.806496, 2.564269, 6.592518, 1.481686, 5.289951, -0.775265, 4.036014, 1.96832, -2.82826, -2.358872, 8.549869, 16.440455, 9.126784, 7.316713, 6.945204, 5.903781, -0.701645, 14.736971, 4.237346, 8.666361, -1.462404, 9.690786, 10.267294, 13.539233, 3.752541]",eu_to_us,"[0, 1, 2, 3, 4, 5, 6, 7, 8, 9, 10, 11, 12, 13, 14, 15, 16, 17, 18, 19, 20, 21, 22, 23, 24, 25, 26, 27, 28, 29, 30, 31, 32, 33, 34, 35, 36, 37, 38, 39, 40, 41, 42, 43, 44, 45, 46, 47, 48, 49, 50, 51, 52, 53, 54, 55, 56, 57, 58, 59, 60, 61, 62, 63, 64, 65, 66, 67, 68, 69, 70, 71, 72, 73, 74, 75, 76, 77, 78, 79, 80, 81, 82, 83, 84, 85, 86, 87, 88, 89, 90, 91, 92, 93, 94, 95, 96, 97, 98, 99]",3.352584783552197e-08
phase-coalesced-batch-verification,"{'median_reduction': 366398473151636324, 'median_difference': 6085710226558067208, 'rank_biserial': 13717650807821696629}",preswap-eu-primary-v3-final,primary,batch-joint-presigning-batch-verification,batch_joint_presigning_vs_phase_coalesced_aggregate,1,critical-pair-wall,eu_primary,1.0,one-pair:H2-envelope-beyond-phase-coalescing,8,,15,-0.039781990544835555,"[-1.818493, 1.7289055]",-0.2425345,"[-0.2374276017863593, 0.2258519532223895]",-0.03163466364360172,100,8,"[-0.22534653465346535, 0.22495049504950496]",-0.0015841584158415843,"[-3.156891, -1.095358, 2.207687, -19.504568, 1.348174, -3.367579, 10.422504, -2.61653, -1.434573, 0.234192, 3.286247, 2.955438, 3.783762, -1.42381, -2.359674, 19.45443, -4.669372, 4.87656, 6.408129, -0.191816, -11.166233, 0.800613, -2.557563, 16.284814, -0.814666, 7.882179, 9.879503, -1.429641, -15.92572, -1.333317, 9.160203, -4.324984, -22.035832, -10.220114, 17.840063, -9.413592, -15.627941, -0.293253, -3.602664, 6.867078, 5.1541, 0.957363, 6.265712, -20.114008, -14.030805, 5.327755, 2.41506, -5.160889, 6.383706, 6.094618, -2.345565, 7.051651, -8.840535, 1.783806, 6.400844, 8.144098, 15.427647, -1.025466, -6.309731, 9.89325, 1.155285, -5.388377, 2.76684, -16.347728, -3.72778, -7.091377, 3.936208, 7.270674, -8.434417, -9.367556, 8.863543, -0.932513, -4.039145, 4.01415, 0.96591, 1.709748, -2.272546, -1.818493, 0.456087, -3.182849, 3.639782, 17.099695, -2.549017, 12.373997, -14.227097, -2.772416, -17.78485, -2.204635, -7.040935, -6.012615, 9.328471, 3.82381, 2.73008, 6.4711, -6.554234, 10.041705, 3.688582, -10.456194, -3.682166, 1.674005]",eu_to_us,"[0, 1, 2, 3, 4, 5, 6, 7, 8, 9, 10, 11, 12, 13, 14, 15, 16, 17, 18, 19, 20, 21, 22, 23, 24, 25, 26, 27, 28, 29, 30, 31, 32, 33, 34, 35, 36, 37, 38, 39, 40, 41, 42, 43, 44, 45, 46, 47, 48, 49, 50, 51, 52, 53, 54, 55, 56, 57, 58, 59, 60, 61, 62, 63, 64, 65, 66, 67, 68, 69, 70, 71, 72, 73, 74, 75, 76, 77, 78, 79, 80, 81, 82, 83, 84, 85, 86, 87, 88, 89, 90, 91, 92, 93, 94, 95, 96, 97, 98, 99]",0.9890268007061765
additive_session_and_verification_main_effects,"{'median_reduction': 14721806841549717658, 'median_difference': 12838801188844648643, 'rank_biserial': 12457797469913310205}",preswap-eu-primary-v3-final,primary,observed_combined_shared_aggregate_effect,session_verification_interaction,1,critical-pair-wall-interaction,eu_primary,1.0,one-pair:exploratory,40,shared_itemwise + independent_aggregate - independent_itemwise - shared_aggregate; positive values mean the combined method saves more wall time than the sum of the two isolated main effects,15,0.31577897933880006,"[-3.056129, 1.6006835000000001]",-0.8902375,"[-0.3959553202560823, 0.2058332197804968]",-0.11504647625140552,100,8,"[-0.27683168316831686, 0.17188118811881187]",-0.052277227722772275,"[3.044866, 9.469191, -18.140646, -30.185526, -1.431851, -4.52217, 11.196026, 0.019487, 1.915952, -7.401247, 6.473017, 3.975547, -15.602673, -4.019226, 7.507816, 20.67853, -1.435154, -15.057935, 11.764198, -1.376645, -7.948219, 1.59229, 14.138229, 20.282546, -3.056129, 8.453403, 23.222792, -8.263887, -12.522098, -1.212544, 13.516137, -3.788099, -21.60166, -16.042422, 18.948809, 0.295789, -15.845728, 4.855981, 1.036321, 10.321337, 18.854986, -1.610448, -1.969548, -9.951833, -11.916872, 25.831936, 0.79474, 2.678165, 13.46339, 4.898455, -3.880434, 4.605774, -13.275548, 1.609077, 31.466964, 1.781978, 24.79043, -3.637045, -20.729889, 8.934022, 294.739028, -3.776858, -3.397678, -13.323933, -14.65426, -16.852213, 12.104198, -0.24247, -8.05812, -5.609103, -2.222152, -1.43384, -1.653231, 1.706366, 0.138745, 12.017807, -3.981968, -22.068167, -0.567931, -4.051501, 4.577381, 13.632483, 1.555181, 17.064721, -5.572528, -14.292748, -27.40608, -9.121236, 1.687537, -9.266599, 5.744268, 1.300414, -4.7145, 1.837098, -15.94359, 11.903335, 2.909731, -7.725295, -10.073859, -11.17297]",eu_to_us,"[0, 1, 2, 3, 4, 5, 6, 7, 8, 9, 10, 11, 12, 13, 14, 15, 16, 17, 18, 19, 20, 21, 22, 23, 24, 25, 26, 27, 28, 29, 30, 31, 32, 33, 34, 35, 36, 37, 38, 39, 40, 41, 42, 43, 44, 45, 46, 47, 48, 49, 50, 51, 52, 53, 54, 55, 56, 57, 58, 59, 60, 61, 62, 63, 64, 65, 66, 67, 68, 69, 70, 71, 72, 73, 74, 75, 76, 77, 78, 79, 80, 81, 82, 83, 84, 85, 86, 87, 88, 89, 90, 91, 92, 93, 94, 95, 96, 97, 98, 99]",0.6499304018341789
reference-itemwise,"{'median_reduction': 14685262794640218879, 'median_difference': 13386892417894363638, 'rank_biserial': 13543555776308236263}",preswap-eu-primary-v3-final,primary,batch-joint-presigning-batch-verification,complete_method_vs_reference,1,critical-pair-wall,eu_primary,3.1172478760767274e-17,one-pair:H3-secondary-system-contrast,8,,31,20.6334919513286,"[181.519008, 194.2095285]",184.369393,"[18.5718157509137, 19.769066217300377]",18.886359039135762,100,16,"[1.0, 1.0]",1.0,"[249.521287, 185.077302, 185.654199, 182.654975, 173.492156, 177.950902, 252.366891, 184.310851, 173.379454, 179.216334, 257.880545, 255.133797, 251.293557, 253.076697, 178.815567, 181.955093, 264.547271, 263.008672, 253.299676, 245.397218, 171.314018, 174.746081, 256.463547, 159.218358, 265.159403, 257.397773, 182.717292, 181.393535, 176.95071, 253.891346, 185.66099, 178.179231, 178.817395, 181.163735, 187.636764, 233.067797, 184.010247, 259.257818, 244.808269, 247.274369, 171.133598, 171.607164, 261.609918, 244.518514, 196.952594, 247.62328, 177.391103, 174.447884, 184.405693, 252.827031, 178.738619, 179.339477, 249.096072, 237.438974, 252.359847, 176.786003, 250.854569, 178.489066, 243.982002, 184.659327, 173.375116, 258.146074, 258.827688, 174.015325, 175.507486, 182.375387, 253.525954, 259.743958, 263.60577, 177.431042, 181.051212, 263.377424, 191.466463, 187.613203, 179.519939, 180.474368, 172.854223, 159.512778, 251.304726, 181.519008, 241.487189, 179.0162, 178.153276, 181.650009, 177.177977, 178.471931, 179.356229, 182.058568, 255.67882, 179.827085, 184.333093, 180.583886, 246.436139, 254.540433, 180.136476, 167.448218, 185.122392, 184.62326, 173.272148, 252.76807]",eu_to_us,"[0, 1, 2, 3, 4, 5, 6, 7, 8, 9, 10, 11, 12, 13, 14, 15, 16, 17, 18, 19, 20, 21, 22, 23, 24, 25, 26, 27, 28, 29, 30, 31, 32, 33, 34, 35, 36, 37, 38, 39, 40, 41, 42, 43, 44, 45, 46, 47, 48, 49, 50, 51, 52, 53, 54, 55, 56, 57, 58, 59, 60, 61, 62, 63, 64, 65, 66, 67, 68, 69, 70, 71, 72, 73, 74, 75, 76, 77, 78, 79, 80, 81, 82, 83, 84, 85, 86, 87, 88, 89, 90, 91, 92, 93, 94, 95, 96, 97, 98, 99]",3.896559845095909e-18
reference-itemwise,"{'median_reduction': 450914770115384103, 'median_difference': 17714778915180524914, 'rank_biserial': 4400303018555658054}",preswap-eu-primary-v3-final,primary,phase-coalesced-itemwise,phase_coalescing_vs_reference,1,critical-pair-wall,eu_primary,1.5586239380383637e-16,one-pair:exploratory,40,,31,19.32993107788573,"[168.615905, 174.236601]",170.2626655,"[17.299377682284387, 17.787586393229386]",17.4140938174556,100,16,"[1.0, 1.0]",1.0,"[237.336187, 164.641319, 164.487935, 169.177492, 163.923744, 172.525304, 240.767486, 166.457316, 161.322873, 162.759584, 248.584089, 237.748949, 242.840185, 232.403756, 163.026341, 172.476686, 251.021845, 246.022853, 247.964193, 237.036133, 164.329062, 162.239489, 239.299638, 152.149983, 248.93143, 245.081397, 169.888187, 162.625702, 168.615905, 242.972883, 170.499161, 170.295759, 163.304145, 170.349514, 168.549805, 226.393168, 168.535686, 243.362854, 237.86326, 238.892924, 158.488815, 158.921228, 248.26391, 239.120367, 175.947898, 231.974571, 162.480472, 162.964904, 163.786917, 241.540569, 162.365727, 164.169358, 243.974519, 233.446006, 239.285786, 159.420508, 231.195128, 164.860531, 243.157169, 170.666223, 164.919871, 239.447353, 251.209089, 165.563989, 165.386952, 167.083411, 248.260846, 236.968624, 244.472431, 170.757404, 161.960155, 245.180242, 173.394361, 171.4203, 169.97767, 160.88312, 149.378191, 153.397517, 243.903664, 169.36763, 234.354854, 159.191103, 171.366469, 170.229572, 167.447493, 169.428483, 159.813008, 169.032892, 231.396642, 165.282656, 164.390448, 162.952178, 235.473371, 244.827689, 168.030759, 167.791404, 169.816342, 169.332965, 162.455318, 237.23144]",eu_to_us,"[0, 1, 2, 3, 4, 5, 6, 7, 8, 9, 10, 11, 12, 13, 14, 15, 16, 17, 18, 19, 20, 21, 22, 23, 24, 25, 26, 27, 28, 29, 30, 31, 32, 33, 34, 35, 36, 37, 38, 39, 40, 41, 42, 43, 44, 45, 46, 47, 48, 49, 50, 51, 52, 53, 54, 55, 56, 57, 58, 59, 60, 61, 62, 63, 64, 65, 66, 67, 68, 69, 70, 71, 72, 73, 74, 75, 76, 77, 78, 79, 80, 81, 82, 83, 84, 85, 86, 87, 88, 89, 90, 91, 92, 93, 94, 95, 96, 97, 98, 99]",3.896559845095909e-18
phase-coalesced-itemwise,"{'median_reduction': 9816214879590673150, 'median_difference': 6279908682937170328, 'rank_biserial': 5793229530829042219}",preswap-eu-primary-v3-final,primary,batch-joint-presigning-itemwise,batch_joint_presigning_vs_phase_coalesced_itemwise,1,critical-pair-wall,eu_primary,1.0,one-pair:exploratory,40,,31,0.038723003055061635,"[-1.942021, 1.545056]",-0.494757,"[-0.23968469062103126, 0.1914185505819849]",-0.06151262487746377,100,16,"[-0.21108910891089108, 0.24633663366336633]",0.017425742574257427,"[-5.502171, 8.332438, 3.288932, 3.442232, -3.196516, -2.701137, -2.133284, 0.772522, -4.635543, 1.545056, 2.146946, -0.679732, -1.149114, 1.6506, -3.113733, -8.195226, -4.178412, -2.654831, -7.177696, 5.280394, -1.978857, 0.848607, 11.854793, -10.254717, -5.385195, 7.667217, 0.884091, 7.558532, -4.023633, 0.406532, 8.11488, -0.603765, 2.360682, 11.001984, -1.257668, -2.035793, 4.060429, 6.69492, -3.633897, 3.389905, -3.192813, 1.058874, -4.014032, -6.471482, -2.9031, -1.162253, -2.382113, -3.878604, -4.745313, 2.876947, 8.345027, -1.942021, -6.684807, -3.868104, -2.516103, 8.496683, 4.217676, 0.328893, -7.343841, 7.69967, -1.341944, 3.319706, -6.225624, -1.564688, 1.550709, -4.4315, -6.579414, 2.226486, 3.349331, -1.584207, 2.134465, 3.641896, 2.213664, -4.222946, -4.994321, 6.30961, 15.189575, 1.386577, -6.772803, -8.010274, -4.046063, 2.148195, -5.588166, 5.286616, 2.881256, 2.338841, 5.393417, 14.429021, 5.419187, -0.329136, 6.314914, 5.25591, -1.822628, -3.578217, -3.54702, -3.307077, 4.640292, -0.385749, -2.281275, 9.140101]",eu_to_us,"[0, 1, 2, 3, 4, 5, 6, 7, 8, 9, 10, 11, 12, 13, 14, 15, 16, 17, 18, 19, 20, 21, 22, 23, 24, 25, 26, 27, 28, 29, 30, 31, 32, 33, 34, 35, 36, 37, 38, 39, 40, 41, 42, 43, 44, 45, 46, 47, 48, 49, 50, 51, 52, 53, 54, 55, 56, 57, 58, 59, 60, 61, 62, 63, 64, 65, 66, 67, 68, 69, 70, 71, 72, 73, 74, 75, 76, 77, 78, 79, 80, 81, 82, 83, 84, 85, 86, 87, 88, 89, 90, 91, 92, 93, 94, 95, 96, 97, 98, 99]",0.8797498813382739
reference-itemwise,"{'median_reduction': 5137285226458336132, 'median_difference': 7332097601733222240, 'rank_biserial': 12897267277581337992}",preswap-eu-primary-v3-final,primary,batch-joint-presigning-itemwise,batch_joint_presigning_vs_reference,1,critical-pair-wall,eu_primary,1.5586239380383637e-16,one-pair:exploratory,40,,31,19.364580121774967,"[168.577652, 181.351498]",172.18171949999999,"[17.29904969566043, 18.523785888959367]",17.585255761565442,100,16,"[1.0, 1.0]",1.0,"[231.834016, 172.973757, 167.776867, 172.619724, 160.727228, 169.824167, 238.634202, 167.229838, 156.68733, 164.30464, 250.731035, 237.069217, 241.691071, 234.054356, 159.912608, 164.28146, 246.843433, 243.368022, 240.786497, 242.316527, 162.350205, 163.088096, 251.154431, 141.895266, 243.546235, 252.748614, 170.772278, 170.184234, 164.592272, 243.379415, 178.614041, 169.691994, 165.664827, 181.351498, 167.292137, 224.357375, 172.596115, 250.057774, 234.229363, 242.282829, 155.296002, 159.980102, 244.249878, 232.648885, 173.044798, 230.812318, 160.098359, 159.0863, 159.041604, 244.417516, 170.710754, 162.227337, 237.289712, 229.577902, 236.769683, 167.917191, 235.412804, 165.189424, 235.813328, 178.365893, 163.577927, 242.767059, 244.983465, 163.999301, 166.937661, 162.651911, 241.681432, 239.19511, 247.821762, 169.173197, 164.09462, 248.822138, 175.608025, 167.197354, 164.983349, 167.19273, 164.567766, 154.784094, 237.130861, 161.357356, 230.308791, 161.339298, 165.778303, 175.516188, 170.328749, 171.767324, 165.206425, 183.461913, 236.815829, 164.95352, 170.705362, 168.208088, 233.650743, 241.249472, 164.483739, 164.484327, 174.456634, 168.947216, 160.174043, 246.371541]",eu_to_us,"[0, 1, 2, 3, 4, 5, 6, 7, 8, 9, 10, 11, 12, 13, 14, 15, 16, 17, 18, 19, 20, 21, 22, 23, 24, 25, 26, 27, 28, 29, 30, 31, 32, 33, 34, 35, 36, 37, 38, 39, 40, 41, 42, 43, 44, 45, 46, 47, 48, 49, 50, 51, 52, 53, 54, 55, 56, 57, 58, 59, 60, 61, 62, 63, 64, 65, 66, 67, 68, 69, 70, 71, 72, 73, 74, 75, 76, 77, 78, 79, 80, 81, 82, 83, 84, 85, 86, 87, 88, 89, 90, 91, 92, 93, 94, 95, 96, 97, 98, 99]",3.896559845095909e-18
batch-joint-presigning-itemwise,"{'median_reduction': 3407284604603915986, 'median_difference': 10568444328674275961, 'rank_biserial': 9671597324634638481}",preswap-eu-primary-v3-final,primary,batch-joint-presigning-batch-verification,batch_verification_with_batch_joint_presigning,1,critical-pair-wall,eu_primary,3.4130581845745875e-17,one-pair:H1-aggregate-within-shared,8,,31,1.5716567068618215,"[11.7483455, 14.149804]",12.775162,"[1.4562221767999168, 1.7510004003817785]",1.5779455196098837,100,16,"[0.994059405940594, 1.0]",0.9988118811881188,"[17.687271, 12.103545, 17.877332, 10.035251, 12.764928, 8.126735, 13.732689, 17.081013, 16.692124, 14.911694, 7.14951, 18.06458, 9.602486, 19.022341, 18.902959, 17.673633, 17.703838, 19.64065, 12.513179, 3.080691, 8.963813, 11.657985, 5.309116, 17.323092, 21.613168, 4.649159, 11.945014, 11.209301, 12.358438, 10.511931, 7.046949, 8.487237, 13.152568, -0.187763, 20.344627, 8.710422, 11.414132, 9.200044, 10.578906, 4.99154, 15.837596, 11.627062, 17.36004, 11.869629, 23.907796, 16.810962, 17.292744, 15.361584, 25.364089, 8.409515, 8.027865, 17.11214, 11.80636, 7.861072, 15.590164, 8.868812, 15.441765, 13.299642, 8.168674, 6.293434, 9.797189, 15.379015, 13.844223, 10.016024, 8.569825, 19.723476, 11.844522, 20.548848, 15.784008, 8.257845, 16.956592, 14.555286, 15.858438, 20.415849, 14.53659, 13.281638, 8.286457, 4.728684, 14.173865, 20.161652, 11.178398, 17.676902, 12.374973, 6.133821, 6.849228, 6.704607, 14.149804, -1.403345, 18.862991, 14.873565, 13.627731, 12.375798, 12.785396, 13.290961, 15.652737, 2.963891, 10.665758, 15.676044, 13.098105, 6.396529]",eu_to_us,"[0, 1, 2, 3, 4, 5, 6, 7, 8, 9, 10, 11, 12, 13, 14, 15, 16, 17, 18, 19, 20, 21, 22, 23, 24, 25, 26, 27, 28, 29, 30, 31, 32, 33, 34, 35, 36, 37, 38, 39, 40, 41, 42, 43, 44, 45, 46, 47, 48, 49, 50, 51, 52, 53, 54, 55, 56, 57, 58, 59, 60, 61, 62, 63, 64, 65, 66, 67, 68, 69, 70, 71, 72, 73, 74, 75, 76, 77, 78, 79, 80, 81, 82, 83, 84, 85, 86, 87, 88, 89, 90, 91, 92, 93, 94, 95, 96, 97, 98, 99]",4.2663227307182344e-18
phase-coalesced-itemwise,"{'median_reduction': 6178142799956692321, 'median_difference': 18304503354836510824, 'rank_biserial': 9179168955325803898}",preswap-eu-primary-v3-final,primary,phase-coalesced-batch-verification,batch_verification_with_phase_coalescing,1,critical-pair-wall,eu_primary,1.5586239380383637e-16,one-pair:exploratory,40,,31,1.6263940277479336,"[11.851612, 13.95049]",12.9625315,"[1.4678539791192708, 1.7220999183321257]",1.6031403401105642,100,16,"[1.0, 1.0]",1.0,"[9.915349, 25.633725, 12.506247, 14.628535, 13.426238, 4.585328, 12.840801, 11.229071, 11.370823, 4.637847, 8.380339, 18.479284, 8.275032, 15.862962, 10.341893, 11.2018, 13.127735, 10.317448, 5.080247, 15.08865, 11.454195, 15.587571, 17.135997, 11.787493, 10.657924, 20.456045, 8.776381, 19.299701, 8.034081, 15.053282, 19.901231, 9.677895, 15.565804, 14.074887, 12.177238, 8.11459, 12.816537, 14.162596, 13.007477, 13.155643, 13.5386, 11.869288, 4.92488, 1.627107, 15.958458, 13.95049, 16.979507, 10.580506, 11.801854, 14.29259, 21.674835, 14.083636, 9.97627, 4.334097, 12.985958, 11.72553, 15.086025, 17.872662, 2.155473, 15.622779, 6.874376, 13.650883, 5.180489, 12.400265, 9.71815, 14.566384, 5.46843, 22.368413, 15.290872, 13.873107, 21.958512, 9.862257, 16.318495, 17.347911, 17.346333, 17.78131, 29.032636, 11.851612, 29.322379, 9.417763, 12.939105, 8.843848, 9.565175, 18.290161, 12.128106, 18.153925, 17.936871, 11.831975, 17.747084, 13.589958, 17.452813, 14.760673, 18.86116, 9.511161, 12.058593, 5.969554, 10.253817, 5.917403, 9.474139, 21.211365]",eu_to_us,"[0, 1, 2, 3, 4, 5, 6, 7, 8, 9, 10, 11, 12, 13, 14, 15, 16, 17, 18, 19, 20, 21, 22, 23, 24, 25, 26, 27, 28, 29, 30, 31, 32, 33, 34, 35, 36, 37, 38, 39, 40, 41, 42, 43, 44, 45, 46, 47, 48, 49, 50, 51, 52, 53, 54, 55, 56, 57, 58, 59, 60, 61, 62, 63, 64, 65, 66, 67, 68, 69, 70, 71, 72, 73, 74, 75, 76, 77, 78, 79, 80, 81, 82, 83, 84, 85, 86, 87, 88, 89, 90, 91, 92, 93, 94, 95, 96, 97, 98, 99]",3.896559845095909e-18
phase-coalesced-batch-verification,"{'median_reduction': 16621906164410052941, 'median_difference': 7530242727816761496, 'rank_biserial': 9928717922046105198}",preswap-eu-primary-v3-final,primary,batch-joint-presigning-batch-verification,batch_joint_presigning_vs_phase_coalesced_aggregate,1,critical-pair-wall,eu_primary,1.0,one-pair:H2-envelope-beyond-phase-coalescing,8,,31,-0.016942697478993404,"[-1.0224345, 0.859561]",0.1899615,"[-0.1388172947260449, 0.10516923768845238]",0.023891165272038106,100,16,"[-0.24079207920792078, 0.21544554455445544]",-0.010297029702970298,"[2.269751, -5.197742, 8.660017, -1.151052, -3.857826, 0.84027, -1.241396, 6.624464, 0.685758, 11.818903, 0.916117, -1.094436, 0.17834, 4.809979, 5.447333, -1.723393, 0.397691, 6.668371, 0.255236, -6.727565, -4.469239, -3.080979, 0.027912, -4.719118, 5.570049, -8.139669, 4.052724, -0.531868, 0.300724, -4.134819, -4.739402, -1.794423, -0.052554, -3.260666, 6.909721, -1.439961, 2.658024, 1.732368, -6.062468, -4.774198, -0.893817, 0.816648, 8.421128, 3.77104, 5.046238, 1.698219, -2.068876, 0.902474, 8.816922, -3.006128, -5.301943, 1.086483, -4.854717, -0.341129, 0.088103, 5.639965, 4.573416, -4.244127, -1.33064, -1.629675, 1.580869, 5.047838, 2.43811, -3.948929, 0.402384, 0.725592, -0.203322, 0.406921, 3.842467, -7.199469, -2.867455, 8.334925, 1.753607, -1.155008, -7.804064, 1.809938, -5.556604, -5.736351, -21.921317, 2.733615, -5.80677, 10.981249, -2.778368, -6.869724, -2.397622, -9.110477, 1.60635, 1.193701, 6.535094, 0.954471, 2.489832, 2.871035, -7.898392, 0.201583, 0.047124, -6.31274, 5.052233, 9.372892, 1.342691, -5.674735]",eu_to_us,"[0, 1, 2, 3, 4, 5, 6, 7, 8, 9, 10, 11, 12, 13, 14, 15, 16, 17, 18, 19, 20, 21, 22, 23, 24, 25, 26, 27, 28, 29, 30, 31, 32, 33, 34, 35, 36, 37, 38, 39, 40, 41, 42, 43, 44, 45, 46, 47, 48, 49, 50, 51, 52, 53, 54, 55, 56, 57, 58, 59, 60, 61, 62, 63, 64, 65, 66, 67, 68, 69, 70, 71, 72, 73, 74, 75, 76, 77, 78, 79, 80, 81, 82, 83, 84, 85, 86, 87, 88, 89, 90, 91, 92, 93, 94, 95, 96, 97, 98, 99]",0.9287668478981905
additive_session_and_verification_main_effects,"{'median_reduction': 15406148725887213534, 'median_difference': 8398282052093766613, 'rank_biserial': 14719725379576262020}",preswap-eu-primary-v3-final,primary,observed_combined_shared_aggregate_effect,session_verification_interaction,1,critical-pair-wall-interaction,eu_primary,1.0,one-pair:exploratory,40,shared_itemwise + independent_aggregate - independent_itemwise - shared_aggregate; positive values mean the combined method saves more wall time than the sum of the two isolated main effects,31,-0.05340395906277754,"[-1.495768, 2.298996]",0.38384050000000003,"[-0.1834460424237841, 0.28453942070264826]",0.04747750133524528,100,16,"[-0.23485148514851484, 0.22891089108910892]",-0.004752475247524752,"[7.771922, -13.53018, 5.371085, -4.593284, -0.66131, 3.541407, 0.891888, 5.851942, 5.321301, 10.273847, -1.230829, -0.414704, 1.327454, 3.159379, 8.561066, 6.471833, 4.576103, 9.323202, 7.432932, -12.007959, -2.490382, -3.929586, -11.826881, 5.535599, 10.955244, -15.806886, 3.168633, -8.0904, 4.324357, -4.541351, -12.854282, -1.190658, -2.413236, -14.26265, 8.167389, 0.595832, -1.402405, -4.962552, -2.428571, -8.164103, 2.298996, -0.242226, 12.43516, 10.242522, 7.949338, 2.860472, 0.313237, 4.781078, 13.562235, -5.883075, -13.64697, 3.028504, 1.83009, 3.526975, 2.604206, -2.856718, 0.35574, -4.57302, 6.013201, -9.329345, 2.922813, 1.728132, 8.663734, -2.384241, -1.148325, 5.157092, 6.376092, -1.819565, 0.493136, -5.615262, -5.00192, 4.693029, -0.460057, 3.067938, -2.809743, -4.499672, -20.746179, -7.122928, -15.148514, 10.743889, -1.760707, 8.833054, 2.809798, -12.15634, -5.278878, -11.449318, -3.787067, -13.23532, 1.115907, 1.283607, -3.825082, -2.384875, -6.075764, 3.7798, 3.594144, -3.005663, 0.411941, 9.758641, 3.623966, -14.814836]",eu_to_us,"[0, 1, 2, 3, 4, 5, 6, 7, 8, 9, 10, 11, 12, 13, 14, 15, 16, 17, 18, 19, 20, 21, 22, 23, 24, 25, 26, 27, 28, 29, 30, 31, 32, 33, 34, 35, 36, 37, 38, 39, 40, 41, 42, 43, 44, 45, 46, 47, 48, 49, 50, 51, 52, 53, 54, 55, 56, 57, 58, 59, 60, 61, 62, 63, 64, 65, 66, 67, 68, 69, 70, 71, 72, 73, 74, 75, 76, 77, 78, 79, 80, 81, 82, 83, 84, 85, 86, 87, 88, 89, 90, 91, 92, 93, 94, 95, 96, 97, 98, 99]",0.9670887024899815
reference-itemwise,"{'median_reduction': 1328877832665259870, 'median_difference': 11157797717466823740, 'rank_biserial': 9990588625648339499}",preswap-eu-load-v3-final,load,batch-joint-presigning-batch-verification,complete_method_vs_reference,1,critical-pair-wall,eu_load,1.0,load-anchor:descriptive,0,,15,18.566836115914946,"[177.16540600000002, 183.658597]",179.038628,"[18.711917856440763, 19.28020680539256]",18.860096886987318,20,8,"[1.0, 1.0]",1.0,"[176.865326, 184.436158, 175.316051, 178.279996, 174.819374, 178.695115, 185.22082, 176.558414, 184.140757, 184.760737, 178.193436, 185.120801, 191.215151, 176.459685, 179.382141, 180.895077, 84.007053, 183.176437, 177.465486, 182.068018]",eu_to_us,"[0, 1, 2, 3, 4, 5, 6, 7, 8, 9, 10, 11, 12, 13, 14, 15, 16, 17, 18, 19]",1.9073486328125e-06
reference-itemwise,"{'median_reduction': 14113123747546535705, 'median_difference': 6148829699199506741, 'rank_biserial': 6804707072722600359}",preswap-eu-load-v3-final,load,phase-coalesced-itemwise,phase_coalescing_vs_reference,1,critical-pair-wall,eu_load,1.0,load-anchor:descriptive,0,,15,18.084608900672254,"[171.10597, 179.399784]",174.6264065,"[18.028370680573282, 18.86322035795843]",18.417475450182344,20,8,"[1.0, 1.0]",1.0,"[178.632425, 181.438386, 169.021689, 169.72073, 172.986955, 171.514354, 177.881175, 169.404202, 180.565049, 172.379989, 176.100259, 184.610143, 170.697586, 168.704415, 181.358068, 183.891731, 84.688657, 179.546357, 173.152554, 179.253211]",eu_to_us,"[0, 1, 2, 3, 4, 5, 6, 7, 8, 9, 10, 11, 12, 13, 14, 15, 16, 17, 18, 19]",1.9073486328125e-06
phase-coalesced-itemwise,"{'median_reduction': 9476600739551777009, 'median_difference': 11289857374227680961, 'rank_biserial': 7639085340554492832}",preswap-eu-load-v3-final,load,batch-joint-presigning-itemwise,batch_joint_presigning_vs_phase_coalesced_itemwise,1,critical-pair-wall,eu_load,1.0,load-anchor:descriptive,0,,15,-0.13775894915426248,"[-3.1538385, -0.348806]",-2.0166975000000003,"[-0.4091408491758268, -0.04519826911302284]",-0.2607180687076208,20,8,"[-0.8571428571428571, 0.08571428571428572]",-0.4,"[-2.498165, -4.060741, -0.90618, -2.390086, 0.752068, -2.643447, -3.390266, -0.694779, -5.200314, 5.925939, 0.903315, -2.991314, 7.567535, 4.328122, -5.244262, -3.316363, -0.323925, -1.643309, -0.373687, -4.930001]",eu_to_us,"[0, 1, 2, 3, 4, 5, 6, 7, 8, 9, 10, 11, 12, 13, 14, 15, 16, 17, 18, 19]",0.1230926513671875
reference-itemwise,"{'median_reduction': 12143527732749433494, 'median_difference': 14309526616452871424, 'rank_biserial': 18194982601871184842}",preswap-eu-load-v3-final,load,batch-joint-presigning-itemwise,batch_joint_presigning_vs_reference,1,critical-pair-wall,eu_load,1.0,load-anchor:descriptive,0,,15,17.97358000673193,"[172.905702, 177.1906095]",174.927822,"[18.29064167611282, 18.583748237251143]",18.395756204621996,20,8,"[1.0, 1.0]",1.0,"[176.13426, 177.377645, 168.115509, 167.330644, 173.739023, 168.870907, 174.490909, 168.709423, 175.364735, 178.305928, 177.003574, 181.618829, 178.265121, 173.032537, 176.113806, 180.575368, 84.364732, 177.903048, 172.778867, 174.32321]",eu_to_us,"[0, 1, 2, 3, 4, 5, 6, 7, 8, 9, 10, 11, 12, 13, 14, 15, 16, 17, 18, 19]",1.9073486328125e-06
batch-joint-presigning-itemwise,"{'median_reduction': 10979953281648820233, 'median_difference': 1594794650218357277, 'rank_biserial': 8618666649256261092}",preswap-eu-load-v3-final,load,batch-joint-presigning-batch-verification,batch_verification_with_batch_joint_presigning,1,critical-pair-wall,eu_load,1.0,load-anchor:descriptive,0,,15,0.7264223994674088,"[3.3477414999999997, 7.7968995]",5.8640989999999995,"[0.4324946403918864, 1.0042866850441101]",0.7597118493800733,20,8,"[0.8952380952380953, 1.0]",0.9809523809523809,"[0.731066, 7.058513, 7.200542, 10.949352, 1.080351, 9.824208, 10.729911, 7.848991, 8.776022, 6.454809, 1.189862, 3.501972, 12.95003, 3.427148, 3.268335, 0.319709, -0.357679, 5.273389, 4.686619, 7.744808]",eu_to_us,"[0, 1, 2, 3, 4, 5, 6, 7, 8, 9, 10, 11, 12, 13, 14, 15, 16, 17, 18, 19]",5.7220458984375e-06
phase-coalesced-itemwise,"{'median_reduction': 3650978204187019545, 'median_difference': 6153219297349564000, 'rank_biserial': 18219618256744795430}",preswap-eu-load-v3-final,load,phase-coalesced-batch-verification,batch_verification_with_phase_coalescing,1,critical-pair-wall,eu_load,1.0,load-anchor:descriptive,0,,15,0.6026110885241733,"[1.662677, 7.000921]",4.663363,"[0.2147863252703554, 0.9064692412947335]",0.6034882778998595,20,8,"[0.8, 1.0]",0.9523809523809523,"[0.436524, 7.036858, 3.552922, 2.111106, 0.89862, 9.712741, 1.214248, 9.542942, 7.446248, 9.109639, 4.997391, 4.329335, 11.553313, 6.271388, 6.964984, 2.438308, 6.364431, -0.682294, -0.398262, 0.485766]",eu_to_us,"[0, 1, 2, 3, 4, 5, 6, 7, 8, 9, 10, 11, 12, 13, 14, 15, 16, 17, 18, 19]",1.9073486328125e-05
phase-coalesced-batch-verification,"{'median_reduction': 17340053631313636716, 'median_difference': 14522633113371509740, 'rank_biserial': 13046020433015363171}",preswap-eu-load-v3-final,load,batch-joint-presigning-batch-verification,batch_joint_presigning_vs_phase_coalesced_aggregate,1,critical-pair-wall,eu_load,1.0,load-anchor:descriptive,0,,15,-0.013853855692880238,"[-3.3614455000000003, 3.0062745]",-0.6349119999999999,"[-0.4379254674256485, 0.39051254775261734]",-0.08267718156819989,20,8,"[-0.5142857142857142, 0.47619047619047616]",-0.01904761904761905,"[-2.203623, -4.039086, 2.74144, 6.44816, 0.933799, -2.53198, 6.125397, -2.38873, -3.87054, 3.271109, -2.904214, -3.818677, 8.964252, 1.483882, -8.940911, -5.434962, -7.046035, 4.312374, 4.711194, 2.329041]",eu_to_us,"[0, 1, 2, 3, 4, 5, 6, 7, 8, 9, 10, 11, 12, 13, 14, 15, 16, 17, 18, 19]",0.956329345703125
additive_session_and_verification_main_effects,"{'median_reduction': 16542001556967125567, 'median_difference': 1101905403405441181, 'rank_biserial': 3031365764207544124}",preswap-eu-load-v3-final,load,observed_combined_shared_aggregate_effect,session_verification_interaction,1,critical-pair-wall-interaction,eu_load,1.0,load-anchor:descriptive,0,shared_itemwise + independent_aggregate - independent_itemwise - shared_aggregate; positive values mean the combined method saves more wall time than the sum of the two isolated main effects,15,0.12465449466054271,"[-1.906275, 2.5221685]",0.146599,"[-0.2465390172021948, 0.3245526705030966]",0.018920383674275267,20,8,"[-0.3523809523809524, 0.6285714285714286]",0.17142857142857143,"[0.294542, 0.021655, 3.64762, 8.838246, 0.181731, 0.111467, 9.515663, -1.693951, 1.329774, -2.65483, -3.807529, -0.827363, 1.396717, -2.84424, -3.696649, -2.118599, -6.72211, 5.955683, 5.084881, 7.259042]",eu_to_us,"[0, 1, 2, 3, 4, 5, 6, 7, 8, 9, 10, 11, 12, 13, 14, 15, 16, 17, 18, 19]",0.5216732025146484
reference-itemwise,"{'median_reduction': 1836220414131846025, 'median_difference': 1802891663714097116, 'rank_biserial': 9909609496388155994}",preswap-eu-load-v3-final,load,batch-joint-presigning-batch-verification,complete_method_vs_reference,64,stage-wall,eu_load,2.288818359375e-05,high-load:H3-secondary-system-contrast,12,,15,37.9186738669611,"[2489.982243, 2630.4148315]",2557.072798,"[37.30398365316796, 38.596264951467006]",37.8789084832954,20,8,"[1.0, 1.0]",1.0,"[2649.346062, 2403.512807, 2500.199284, 2728.991281, 2678.044214, 2424.598097, 2503.861378, 2549.817096, 2561.630011, 2343.44659, 2689.010122, 2419.836417, 2471.526823, 2552.515585, 2785.668378, 2688.681947, 2479.765202, 2611.483601, 2567.072455, 2583.659062]",eu_to_us,"[0, 1, 2, 3, 4, 5, 6, 7, 8, 9, 10, 11, 12, 13, 14, 15, 16, 17, 18, 19]",1.9073486328125e-06
reference-itemwise,"{'median_reduction': 3125515406738252381, 'median_difference': 520266054463466782, 'rank_biserial': 15934368869985833420}",preswap-eu-load-v3-final,load,phase-coalesced-itemwise,phase_coalescing_vs_reference,64,stage-wall,eu_load,0.00011444091796875,high-load:exploratory,60,,15,36.414256824476716,"[2390.6478615, 2526.026985]",2467.9570894999997,"[35.83132704619587, 37.085002067425975]",36.495101638594555,20,8,"[1.0, 1.0]",1.0,"[2562.025573, 2307.661969, 2407.918985, 2625.296248, 2612.91797, 2303.042142, 2398.089731, 2428.854141, 2471.718735, 2262.586768, 2540.629971, 2283.167532, 2359.744532, 2466.647524, 2659.702365, 2601.770083, 2383.205992, 2511.423999, 2507.929559, 2469.266655]",eu_to_us,"[0, 1, 2, 3, 4, 5, 6, 7, 8, 9, 10, 11, 12, 13, 14, 15, 16, 17, 18, 19]",1.9073486328125e-06
phase-coalesced-itemwise,"{'median_reduction': 7146492011376355713, 'median_difference': 3864245680360082781, 'rank_biserial': 11306898513064978787}",preswap-eu-load-v3-final,load,batch-joint-presigning-itemwise,batch_joint_presigning_vs_phase_coalesced_itemwise,64,stage-wall,eu_load,1.0,high-load:exploratory,60,,15,-0.009606444538051576,"[-8.811649, 10.396245]",-1.880569,"[-0.2062403075310748, 0.24178656163290663]",-0.043832565173395066,20,8,"[-0.5238095238095238, 0.45714285714285713]",-0.02857142857142857,"[-35.975173, -20.132746, 6.355928, -2.876644, -2.753719, 52.39337, 8.535822, 14.263684, 12.256668, -7.694061, -1.007419, 17.060307, 17.664205, 4.791652, 20.982253, -16.243559, -38.793367, -9.929237, -19.030524, -7.251351]",eu_to_us,"[0, 1, 2, 3, 4, 5, 6, 7, 8, 9, 10, 11, 12, 13, 14, 15, 16, 17, 18, 19]",0.9272785186767578
reference-itemwise,"{'median_reduction': 14047443047510930702, 'median_difference': 3579493425302063583, 'rank_biserial': 18074638300058774789}",preswap-eu-load-v3-final,load,batch-joint-presigning-itemwise,batch_joint_presigning_vs_reference,64,stage-wall,eu_load,0.00011444091796875,high-load:exploratory,60,,15,36.40958301506666,"[2392.017145, 2513.772581]",2466.72724,"[35.852637153924675, 36.8852904690201]",36.5285283708249,20,8,"[1.0, 1.0]",1.0,"[2526.0504, 2287.529223, 2414.274913, 2622.419604, 2610.164251, 2355.435512, 2406.625553, 2443.117825, 2483.975403, 2254.892707, 2539.622552, 2300.227839, 2377.408737, 2471.439176, 2680.684618, 2585.526524, 2344.412625, 2501.494762, 2488.899035, 2462.015304]",eu_to_us,"[0, 1, 2, 3, 4, 5, 6, 7, 8, 9, 10, 11, 12, 13, 14, 15, 16, 17, 18, 19]",1.9073486328125e-06
batch-joint-presigning-itemwise,"{'median_reduction': 11418126270536633779, 'median_difference': 3730688805893203314, 'rank_biserial': 7889270608945818989}",preswap-eu-load-v3-final,load,batch-joint-presigning-batch-verification,batch_verification_with_batch_joint_presigning,64,stage-wall,eu_load,2.288818359375e-05,high-load:H1-aggregate-within-shared,12,,15,2.372509815154175,"[87.239127, 112.9862115]",104.0695915,"[2.033393479511799, 2.634149804902691]",2.4313109538108075,20,8,"[1.0, 1.0]",1.0,"[123.295662, 115.983584, 85.924371, 106.571677, 67.879963, 69.162585, 97.235825, 106.699271, 77.654608, 88.553883, 149.38757, 119.608578, 94.118086, 81.076409, 104.98376, 103.155423, 135.352577, 109.988839, 78.17342, 121.643758]",eu_to_us,"[0, 1, 2, 3, 4, 5, 6, 7, 8, 9, 10, 11, 12, 13, 14, 15, 16, 17, 18, 19]",1.9073486328125e-06
phase-coalesced-itemwise,"{'median_reduction': 11065919464546840175, 'median_difference': 564305617690307818, 'rank_biserial': 17701826858571070334}",preswap-eu-load-v3-final,load,phase-coalesced-batch-verification,batch_verification_with_phase_coalescing,64,stage-wall,eu_load,0.00011444091796875,high-load:exploratory,60,,15,2.2833098008240755,"[79.093087, 115.222201]",100.1643575,"[1.8538273792597029, 2.686175810713464]",2.333290147498979,20,8,"[1.0, 1.0]",1.0,"[107.727901, 122.917611, 109.885964, 122.75223, 76.010418, 135.482085, 100.594506, 96.880526, 108.051529, 120.558438, 86.781942, 149.60784, 99.734209, 65.169411, 129.922942, 30.945023, 77.404233, 63.334954, 80.781941, 75.635953]",eu_to_us,"[0, 1, 2, 3, 4, 5, 6, 7, 8, 9, 10, 11, 12, 13, 14, 15, 16, 17, 18, 19]",1.9073486328125e-06
phase-coalesced-batch-verification,"{'median_reduction': 127880007416822688, 'median_difference': 15364179683507741159, 'rank_biserial': 16592253022005386001}",preswap-eu-load-v3-final,load,batch-joint-presigning-batch-verification,batch_joint_presigning_vs_phase_coalesced_aggregate,64,stage-wall,eu_load,1.0,high-load:H2-envelope-beyond-phase-coalescing,12,,15,0.07964969705611946,"[-17.872959, 19.9268135]",-7.4205515,"[-0.4267271548689965, 0.4745604868691493]",-0.17672374783052924,20,8,"[-0.45714285714285713, 0.5619047619047619]",0.08571428571428572,"[-20.407412, -27.066773, -17.605665, -19.057197, -10.884174, -13.92613, 5.177141, 24.082429, -18.140253, -39.698616, 61.598209, -12.938955, 12.048082, 20.69865, -3.956929, 55.966841, 19.154977, 36.724648, -21.639045, 38.756454]",eu_to_us,"[0, 1, 2, 3, 4, 5, 6, 7, 8, 9, 10, 11, 12, 13, 14, 15, 16, 17, 18, 19]",0.7561664581298828
additive_session_and_verification_main_effects,"{'median_reduction': 2296382948963287257, 'median_difference': 13197639855849628291, 'rank_biserial': 12364465520591498061}",preswap-eu-load-v3-final,load,observed_combined_shared_aggregate_effect,session_verification_interaction,64,stage-wall-interaction,eu_load,1.0,high-load:exploratory,60,shared_itemwise + independent_aggregate - independent_itemwise - shared_aggregate; positive values mean the combined method saves more wall time than the sum of the two isolated main effects,15,0.0904773453807908,"[-20.071073, 15.7373795]",-4.4874019999999994,"[-0.46776845525557675, 0.3673162811966957]",-0.10455691453528199,20,8,"[-0.5238095238095238, 0.5047619047619047]",0.01904761904761905,"[15.567761, -6.934027, -23.961593, -16.180553, -8.130455, -66.3195, -3.358681, 9.818745, -30.396921, -32.004555, 62.605628, -29.999262, -5.616123, 15.906998, -24.939182, 72.2104, 57.948344, 46.653885, -2.608521, 46.007805]",eu_to_us,"[0, 1, 2, 3, 4, 5, 6, 7, 8, 9, 10, 11, 12, 13, 14, 15, 16, 17, 18, 19]",0.956329345703125
reference-itemwise,"{'median_reduction': 11821687908472812028, 'median_difference': 9752746061878322900, 'rank_biserial': 7348623514647471701}",preswap-eu-load-v3-final,load,batch-joint-presigning-batch-verification,complete_method_vs_reference,128,stage-wall,eu_load,2.288818359375e-05,high-load:H3-secondary-system-contrast,12,,15,38.04255661026199,"[4929.015997, 5050.374039]",4965.701396,"[38.651284553140094, 39.232679214094574]",38.77963432414292,20,8,"[1.0, 1.0]",1.0,"[5008.601332, 4924.442583, 4847.780798, 4933.589411, 5111.702496, 5176.255609, 4961.733054, 4969.669738, 5093.533436, 5106.745011, 2980.945361, 5014.717899, 5000.667664, 4935.273901, 5267.854031, 4862.13708, 5086.030179, 4760.147997, 4810.321672, 4952.222111]",eu_to_us,"[0, 1, 2, 3, 4, 5, 6, 7, 8, 9, 10, 11, 12, 13, 14, 15, 16, 17, 18, 19]",1.9073486328125e-06
reference-itemwise,"{'median_reduction': 17307362606353310906, 'median_difference': 2620472532540039195, 'rank_biserial': 166894698797779243}",preswap-eu-load-v3-final,load,phase-coalesced-itemwise,phase_coalescing_vs_reference,128,stage-wall,eu_load,0.00011444091796875,high-load:exploratory,60,,15,37.744536776228834,"[4752.7433734999995, 4855.817449]",4805.928922,"[37.248641522895866, 37.679391147754984]",37.53417111456041,20,8,"[1.0, 1.0]",1.0,"[4837.005032, 4672.785388, 4704.314724, 4800.853257, 4888.09174, 5031.077126, 4825.044943, 4813.109742, 4801.994653, 4888.559182, 6028.703576, 4754.96444, 4800.365243, 4737.335259, 5021.750697, 4750.522307, 4874.629866, 4654.731217, 4613.297862, 4809.863191]",eu_to_us,"[0, 1, 2, 3, 4, 5, 6, 7, 8, 9, 10, 11, 12, 13, 14, 15, 16, 17, 18, 19]",1.9073486328125e-06
phase-coalesced-itemwise,"{'median_reduction': 16129471781073620525, 'median_difference': 1375799809865896156, 'rank_biserial': 15507129478664230331}",preswap-eu-load-v3-final,load,batch-joint-presigning-itemwise,batch_joint_presigning_vs_phase_coalesced_itemwise,128,stage-wall,eu_load,0.1013031005859375,high-load:exploratory,60,,15,-2.9963665111789433,"[-70.554581, -25.503399]",-47.358012,"[-0.8754540000717186, -0.3182283924853546]",-0.5909463126709862,20,8,"[-1.0, -0.3142857142857143]",-0.7047619047619048,"[-77.672918, -51.518526, -58.881507, -109.363292, -63.436244, -31.764998, -86.855602, -62.399719, -19.905416, -138.845244, -4059.923457, 88.995488, -14.355573, -31.101382, -43.197498, -77.764236, 42.147283, 33.434883, -16.973796, -35.946586]",eu_to_us,"[0, 1, 2, 3, 4, 5, 6, 7, 8, 9, 10, 11, 12, 13, 14, 15, 16, 17, 18, 19]",0.0042209625244140625
reference-itemwise,"{'median_reduction': 1956586533068602425, 'median_difference': 3266692465072160000, 'rank_biserial': 10594352376587061000}",preswap-eu-load-v3-final,load,batch-joint-presigning-itemwise,batch_joint_presigning_vs_reference,128,stage-wall,eu_load,0.00011444091796875,high-load:exploratory,60,,15,36.007527996820244,"[4689.8280325, 4784.0494535]",4750.2119805,"[36.80584026867837, 37.21589636615751]",37.023365248651956,20,8,"[1.0, 1.0]",1.0,"[4759.332114, 4621.266862, 4645.433217, 4691.489965, 4824.655496, 4999.312128, 4738.189341, 4750.710023, 4782.089237, 4749.713938, 1968.780119, 4843.959928, 4786.00967, 4706.233877, 4978.553199, 4672.758071, 4916.777149, 4688.1661, 4596.324066, 4773.916605]",eu_to_us,"[0, 1, 2, 3, 4, 5, 6, 7, 8, 9, 10, 11, 12, 13, 14, 15, 16, 17, 18, 19]",1.9073486328125e-06
batch-joint-presigning-itemwise,"{'median_reduction': 4892552408839199688, 'median_difference': 12509980757148580464, 'rank_biserial': 3844995882580887074}",preswap-eu-load-v3-final,load,batch-joint-presigning-batch-verification,batch_verification_with_batch_joint_presigning,128,stage-wall,eu_load,2.288818359375e-05,high-load:H1-aggregate-within-shared,12,,15,3.0831080057623796,"[195.863295, 268.158109]",221.251714,"[2.4249650836431647, 3.297004511826416]",2.7415582792041695,20,8,"[1.0, 1.0]",1.0,"[249.269218, 303.175721, 202.347581, 242.099446, 287.047, 176.943481, 223.543713, 218.959715, 311.444199, 357.031073, 1012.165242, 170.757971, 214.657994, 229.040024, 289.300832, 189.379009, 169.25303, 71.981897, 213.997606, 178.305506]",eu_to_us,"[0, 1, 2, 3, 4, 5, 6, 7, 8, 9, 10, 11, 12, 13, 14, 15, 16, 17, 18, 19]",1.9073486328125e-06
phase-coalesced-itemwise,"{'median_reduction': 10493397779764066141, 'median_difference': 4361286340177204059, 'rank_biserial': 1538241375881003816}",preswap-eu-load-v3-final,load,phase-coalesced-batch-verification,batch_verification_with_phase_coalescing,128,stage-wall,eu_load,0.017690658569335938,high-load:exploratory,60,,15,1.7837721551870067,"[151.4299345, 207.36792450000002]",175.9376205,"[1.8908806191374017, 2.5717463623152357]",2.1864355017413066,20,8,"[0.45714285714285713, 1.0]",0.8095238095238095,"[65.205108, 141.259043, 196.200367, 179.549333, 177.083143, 136.218573, 161.600826, 174.792098, 171.070454, 75.748272, -503.103717, 218.535482, 236.350246, 220.476706, 173.641182, 234.155598, 254.735452, 183.375891, 230.452817, 130.69785]",eu_to_us,"[0, 1, 2, 3, 4, 5, 6, 7, 8, 9, 10, 11, 12, 13, 14, 15, 16, 17, 18, 19]",0.0007076263427734375
phase-coalesced-batch-verification,"{'median_reduction': 17820439046677640764, 'median_difference': 2730517579716490315, 'rank_biserial': 11047920597142132682}",preswap-eu-load-v3-final,load,batch-joint-presigning-batch-verification,batch_joint_presigning_vs_phase_coalesced_aggregate,128,stage-wall,eu_load,1.0,high-load:H2-envelope-beyond-phase-coalescing,12,,15,-1.3779536196806679,"[-39.691482, 43.872794999999996]",-20.385083,"[-0.5089076266103585, 0.5562485676831985]",-0.2612586360505502,20,8,"[-0.5333333333333333, 0.45714285714285713]",-0.0380952380952381,"[106.391192, 110.398152, -52.734293, -46.813179, 46.527613, 8.95991, -24.912715, -18.232102, 120.468329, 142.437557, -2544.654498, 41.217977, -36.047825, -22.538064, 72.462152, -122.540825, -43.335139, -77.959111, -33.429007, 11.66107]",eu_to_us,"[0, 1, 2, 3, 4, 5, 6, 7, 8, 9, 10, 11, 12, 13, 14, 15, 16, 17, 18, 19]",0.8983173370361328
additive_session_and_verification_main_effects,"{'median_reduction': 11799554994927689419, 'median_difference': 4883157775751062569, 'rank_biserial': 8348968135635562488}",preswap-eu-load-v3-final,load,observed_combined_shared_aggregate_effect,session_verification_interaction,128,stage-wall-interaction,eu_load,0.8333797454833984,high-load:exploratory,60,shared_itemwise + independent_aggregate - independent_itemwise - shared_aggregate; positive values mean the combined method saves more wall time than the sum of the two isolated main effects,15,1.5265559027905726,"[-5.153998499999999, 112.81175350000001]",45.8876365,"[-0.06447242792936966, 1.4041011109212969]",0.5750260656778469,20,8,"[0.08571428571428572, 0.8666666666666667]",0.5333333333333333,"[184.06411, 161.916678, 6.147214, 62.550113, 109.963857, 40.724908, 61.942887, 44.167617, 140.373745, 281.282801, 1515.268959, -47.777511, -21.692252, 8.563318, 115.65965, -44.776589, -85.482422, -111.393994, -16.455211, 47.607656]",eu_to_us,"[0, 1, 2, 3, 4, 5, 6, 7, 8, 9, 10, 11, 12, 13, 14, 15, 16, 17, 18, 19]",0.03623390197753906
reference-itemwise,"{'median_reduction': 6068699271192466619, 'median_difference': 14068696382557289079, 'rank_biserial': 11474273251182146240}",preswap-eu-load-v3-final,load,batch-joint-presigning-batch-verification,complete_method_vs_reference,1024,stage-wall,eu_load,2.288818359375e-05,high-load:H3-secondary-system-contrast,12,,15,39.0459511473032,"[38511.015989, 38957.800617500005]",38844.0840185,"[38.8489108940718, 39.19974496853271]",39.05869123763499,20,8,"[1.0, 1.0]",1.0,"[38245.938451, 38849.58132, 38478.616436, 38193.04112, 38335.583075, 38993.43895, 38940.23995, 39241.957841, 39260.906737, 38854.644148, 38838.586717, 38933.392933, 38543.415542, 38684.210681, 38083.973081, 38279.038882, 38765.713872, 39598.564127, 38975.361285, 39223.969965]",eu_to_us,"[0, 1, 2, 3, 4, 5, 6, 7, 8, 9, 10, 11, 12, 13, 14, 15, 16, 17, 18, 19]",1.9073486328125e-06
reference-itemwise,"{'median_reduction': 11921893943356341847, 'median_difference': 14853894840345961314, 'rank_biserial': 17361520966968114849}",preswap-eu-load-v3-final,load,phase-coalesced-itemwise,phase_coalescing_vs_reference,1024,stage-wall,eu_load,0.00011444091796875,high-load:exploratory,60,,15,37.37701039885325,"[37053.188678499995, 37324.243752]",37229.454298,"[37.322043205961165, 37.608874255818534]",37.492844553359745,20,8,"[1.0, 1.0]",1.0,"[36439.359499, 37217.611544, 37108.718332, 35928.771223, 36471.213324, 36997.659025, 37246.504408, 37810.02616, 37589.378433, 37241.297052, 37492.731147, 37196.924124, 37194.218455, 37263.067056, 36343.00724, 36977.055528, 37282.389345, 37575.59127, 37366.098159, 37443.271357]",eu_to_us,"[0, 1, 2, 3, 4, 5, 6, 7, 8, 9, 10, 11, 12, 13, 14, 15, 16, 17, 18, 19]",1.9073486328125e-06
phase-coalesced-itemwise,"{'median_reduction': 17066895396771119270, 'median_difference': 14349376186559727293, 'rank_biserial': 14573178273209023808}",preswap-eu-load-v3-final,load,batch-joint-presigning-itemwise,batch_joint_presigning_vs_phase_coalesced_itemwise,1024,stage-wall,eu_load,1.0,high-load:exploratory,60,,15,-0.1127151983977777,"[-169.27961349999998, 125.6726345]",-97.9681355,"[-0.27210056473019584, 0.2014751948949713]",-0.1575532003518627,20,8,"[-0.6571428571428571, 0.3142857142857143]",-0.20952380952380953,"[228.851163, -164.835456, -97.823323, 183.754587, 288.810827, 143.569119, 278.280799, -98.112948, -430.436927, -141.193089, -142.825297, 34.080414, -560.41756, 394.113718, 107.77615, -533.09536, -358.208265, -379.269577, 36.623981, -173.723771]",eu_to_us,"[0, 1, 2, 3, 4, 5, 6, 7, 8, 9, 10, 11, 12, 13, 14, 15, 16, 17, 18, 19]",0.4304332733154297
reference-itemwise,"{'median_reduction': 9594055689415364613, 'median_difference': 5218588245838137247, 'rank_biserial': 13619004288716438424}",preswap-eu-load-v3-final,load,batch-joint-presigning-itemwise,batch_joint_presigning_vs_reference,1024,stage-wall,eu_load,0.00011444091796875,high-load:exploratory,60,,15,37.307354509117076,"[36842.1026155, 37250.276062000004]",37120.6660535,"[37.14171379822976, 37.48820154416083]",37.31860591444067,20,8,"[1.0, 1.0]",1.0,"[36668.210662, 37052.776088, 37010.895009, 36112.52581, 36760.024151, 37141.228144, 37524.785207, 37711.913212, 37158.941506, 37100.103963, 37349.90585, 37231.004538, 36633.800895, 37657.180774, 36450.78339, 36443.960168, 36924.18108, 37196.321693, 37402.72214, 37269.547586]",eu_to_us,"[0, 1, 2, 3, 4, 5, 6, 7, 8, 9, 10, 11, 12, 13, 14, 15, 16, 17, 18, 19]",1.9073486328125e-06
batch-joint-presigning-itemwise,"{'median_reduction': 10307269667005901458, 'median_difference': 11763620797496650898, 'rank_biserial': 10079086214931914552}",preswap-eu-load-v3-final,load,batch-joint-presigning-batch-verification,batch_verification_with_batch_joint_presigning,1024,stage-wall,eu_load,2.288818359375e-05,high-load:H1-aggregate-within-shared,12,,15,2.7721072825835327,"[1574.0990345, 1846.871799]",1728.46429,"[2.5279366899495663, 2.9669100841807667]",2.7815892755974674,20,8,"[1.0, 1.0]",1.0,"[1577.727789, 1796.805232, 1467.721427, 2080.51531, 1575.558924, 1852.210806, 1415.454743, 1530.044629, 2101.965231, 1754.540185, 1488.680867, 1702.388395, 1909.614647, 1027.029907, 1633.189691, 1835.078714, 1841.532792, 2402.242434, 1572.639145, 1954.422379]",eu_to_us,"[0, 1, 2, 3, 4, 5, 6, 7, 8, 9, 10, 11, 12, 13, 14, 15, 16, 17, 18, 19]",1.9073486328125e-06
phase-coalesced-itemwise,"{'median_reduction': 15180715217888169621, 'median_difference': 1443154465470036760, 'rank_biserial': 1843590276984157428}",preswap-eu-load-v3-final,load,phase-coalesced-batch-verification,batch_verification_with_phase_coalescing,1024,stage-wall,eu_load,0.00011444091796875,high-load:exploratory,60,,15,2.7549309208067045,"[1543.268032, 1864.583997]",1732.192666,"[2.4910882741689226, 2.994703048550538]",2.7768358647993208,20,8,"[1.0, 1.0]",1.0,"[1949.310886, 1890.219369, 1636.214939, 1996.335216, 2038.696524, 2049.787499, 1753.861888, 1361.070561, 1561.501348, 1838.948625, 1463.292378, 1615.3904, 1525.034716, 1436.74137, 1710.523444, 1474.499857, 1441.68616, 1975.524779, 1763.437322, 1787.260526]",eu_to_us,"[0, 1, 2, 3, 4, 5, 6, 7, 8, 9, 10, 11, 12, 13, 14, 15, 16, 17, 18, 19]",1.9073486328125e-06
phase-coalesced-batch-verification,"{'median_reduction': 1552224866187050544, 'median_difference': 16764937792562713535, 'rank_biserial': 8729572542848012746}",preswap-eu-load-v3-final,load,batch-joint-presigning-batch-verification,batch_joint_presigning_vs_phase_coalesced_aggregate,1024,stage-wall,eu_load,0.9730720520019531,high-load:H2-envelope-beyond-phase-coalescing,12,,15,-0.09380898896114749,"[-163.3453495, 36.040382]",-57.066959999999995,"[-0.2711599891213341, 0.059618786553250466]",-0.09419170186645293,20,8,"[-0.8285714285714286, 0.05714285714285714]",-0.42857142857142855,"[-142.731934, -258.249593, -266.316835, 267.934681, -174.326773, -54.007574, -60.126346, 70.86112, 110.026956, -225.601529, -117.436808, 121.078409, -175.837629, -15.597745, 30.442397, -172.516503, 41.638367, 47.448078, -154.174196, -6.561918]",eu_to_us,"[0, 1, 2, 3, 4, 5, 6, 7, 8, 9, 10, 11, 12, 13, 14, 15, 16, 17, 18, 19]",0.09730720520019531
additive_session_and_verification_main_effects,"{'median_reduction': 9667780054002260174, 'median_difference': 1316025816719208670, 'rank_biserial': 16689182868153573227}",preswap-eu-load-v3-final,load,observed_combined_shared_aggregate_effect,session_verification_interaction,1024,stage-wall-interaction,eu_load,1.0,high-load:exploratory,60,shared_itemwise + independent_aggregate - independent_itemwise - shared_aggregate; positive values mean the combined method saves more wall time than the sum of the two isolated main effects,15,0.021543971232073567,"[-179.6458445, 168.0679605]",-25.972632,"[-0.28897747838653276, 0.2711169213829092]",-0.041595652388078844,20,8,"[-0.49523809523809526, 0.5142857142857142]",0.01904761904761905,"[-371.583097, -93.414137, -168.493512, 84.180094, -463.1376, -197.576693, -338.407145, 168.974068, 540.463883, -84.40844, 25.388489, 86.997995, 384.579931, -409.711463, -77.333753, 360.578857, 399.846632, 426.717655, -190.798177, 167.161853]",eu_to_us,"[0, 1, 2, 3, 4, 5, 6, 7, 8, 9, 10, 11, 12, 13, 14, 15, 16, 17, 18, 19]",0.956329345703125
reference-itemwise,"{'median_reduction': 5170877137090248751, 'median_difference': 15667380354447376182, 'rank_biserial': 8977534143536699944}",preswap-eu-load-v3-final,load,batch-joint-presigning-batch-verification,complete_method_vs_reference,1,critical-pair-wall,eu_load,1.0,load-anchor:descriptive,0,,31,21.09429214371201,"[179.8182195, 228.7951745]",199.9779455,"[18.586983277745645, 22.599700248231358]",20.59071923995419,20,16,"[1.0, 1.0]",1.0,"[171.215875, 317.856203, 215.290944, 242.299405, 142.475348, 301.057117, 159.671438, 212.290456, 204.414084, 244.592061, 313.282183, 175.253247, 214.987104, 256.451422, 175.437237, 194.792495, 195.541807, 184.199202, 187.335424, 141.536222]",eu_to_us,"[0, 1, 2, 3, 4, 5, 6, 7, 8, 9, 10, 11, 12, 13, 14, 15, 16, 17, 18, 19]",1.9073486328125e-06
reference-itemwise,"{'median_reduction': 902688632096627829, 'median_difference': 696920987590672548, 'rank_biserial': 13817812866022539186}",preswap-eu-load-v3-final,load,phase-coalesced-itemwise,phase_coalescing_vs_reference,1,critical-pair-wall,eu_load,1.0,load-anchor:descriptive,0,,31,20.12134881781006,"[176.9295395, 217.6870225]",194.606978,"[18.277800837987222, 21.264574188884108]",19.75597071460911,20,16,"[1.0, 1.0]",1.0,"[203.113575, 254.566445, 181.255304, 252.225426, 173.389636, 263.204714, 131.517298, 175.802092, 176.847555, 213.784963, 281.135875, 173.677282, 203.888532, 224.691269, 190.962958, 177.479486, 221.589082, 172.359368, 198.250998, 177.011524]",eu_to_us,"[0, 1, 2, 3, 4, 5, 6, 7, 8, 9, 10, 11, 12, 13, 14, 15, 16, 17, 18, 19]",1.9073486328125e-06
phase-coalesced-itemwise,"{'median_reduction': 9430394144409546472, 'median_difference': 15285515688430933667, 'rank_biserial': 9624273813480872248}",preswap-eu-load-v3-final,load,batch-joint-presigning-itemwise,batch_joint_presigning_vs_phase_coalesced_itemwise,1,critical-pair-wall,eu_load,1.0,load-anchor:descriptive,0,,31,0.7518542190183843,"[2.1266014999999996, 12.987184500000001]",6.9848634999999994,"[0.27054843368154663, 1.631199352204702]",0.8630672502771635,20,16,"[0.0, 0.8761904761904762]",0.47619047619047616,"[-24.681726, 10.022197, 13.963888, 4.691155, -19.890184, 6.642853, -2.554048, 27.629873, 12.010481, 7.326874, 22.04362, 4.057668, 34.053277, 18.369588, 0.195535, 5.506722, 24.166664, -6.571079, 7.896981, -21.978812]",eu_to_us,"[0, 1, 2, 3, 4, 5, 6, 7, 8, 9, 10, 11, 12, 13, 14, 15, 16, 17, 18, 19]",0.06372261047363281
reference-itemwise,"{'median_reduction': 17817049147541366011, 'median_difference': 8583380033276032467, 'rank_biserial': 14442826899736099758}",preswap-eu-load-v3-final,load,batch-joint-presigning-itemwise,batch_joint_presigning_vs_reference,1,critical-pair-wall,eu_load,1.0,load-anchor:descriptive,0,,31,20.706359059342972,"[180.7090285, 240.501333]",199.3255785,"[18.738561608513283, 23.50791927526105]",20.37855506713818,20,16,"[1.0, 1.0]",1.0,"[178.431849, 264.588642, 195.219192, 256.916581, 153.499452, 269.847567, 128.96325, 203.431965, 188.858036, 221.111837, 303.179495, 177.73495, 237.941809, 243.060857, 191.158493, 182.986208, 245.755746, 165.788289, 206.147979, 155.032712]",eu_to_us,"[0, 1, 2, 3, 4, 5, 6, 7, 8, 9, 10, 11, 12, 13, 14, 15, 16, 17, 18, 19]",1.9073486328125e-06
batch-joint-presigning-itemwise,"{'median_reduction': 4377606223476603960, 'median_difference': 2818209263142033671, 'rank_biserial': 13497648249549125382}",preswap-eu-load-v3-final,load,batch-joint-presigning-batch-verification,batch_verification_with_batch_joint_presigning,1,critical-pair-wall,eu_load,1.0,load-anchor:descriptive,0,,31,0.4898923452301333,"[-12.260297, 16.9834805]",9.4805895,"[-1.5286234449280245, 2.152514635521265]",1.2114724258920855,20,16,"[-0.3047619047619048, 0.6666666666666666]",0.20952380952380953,"[-7.215974, 53.267561, 20.071752, -14.617176, -11.024104, 31.20955, 30.708188, 8.858491, 15.556048, 23.480224, 10.102688, -2.481703, -22.954705, 13.390565, -15.721256, 11.806287, -50.213939, 18.410913, -18.812555, -13.49649]",eu_to_us,"[0, 1, 2, 3, 4, 5, 6, 7, 8, 9, 10, 11, 12, 13, 14, 15, 16, 17, 18, 19]",0.4304332733154297
phase-coalesced-itemwise,"{'median_reduction': 11608005901630873920, 'median_difference': 8145932647343630385, 'rank_biserial': 8145578387017006885}",preswap-eu-load-v3-final,load,phase-coalesced-batch-verification,batch_verification_with_phase_coalescing,1,critical-pair-wall,eu_load,1.0,load-anchor:descriptive,0,,31,1.828813185132829,"[1.057657, 21.102233]",14.468135499999999,"[0.13184224067777547, 2.6292988344143398]",1.7994801711749218,20,16,"[0.38095238095238093, 0.9523809523809523]",0.7333333333333333,"[-0.873612, 30.464543, 19.360454, 20.265314, -7.78885, 21.939152, 18.705152, 10.494284, 44.242209, 35.784572, 61.952973, 6.311609, 1.718695, 17.642578, -12.24527, -1.315472, 26.131148, 0.396619, 11.293693, -9.316446]",eu_to_us,"[0, 1, 2, 3, 4, 5, 6, 7, 8, 9, 10, 11, 12, 13, 14, 15, 16, 17, 18, 19]",0.002712249755859375
phase-coalesced-batch-verification,"{'median_reduction': 12838153295886038228, 'median_difference': 10151893044822277580, 'rank_biserial': 8614978183425218466}",preswap-eu-load-v3-final,load,batch-joint-presigning-batch-verification,batch_joint_presigning_vs_phase_coalesced_aggregate,1,critical-pair-wall,eu_load,1.0,load-anchor:descriptive,0,,31,-0.6087788802892182,"[-22.6673525, 12.780395]",-4.0080475,"[-2.8784133438329094, 1.616969881497082]",-0.5085893395344964,20,16,"[-0.6571428571428571, 0.3142857142857143]",-0.20952380952380953,"[-31.024088, 32.825215, 14.675186, -30.191335, -23.125438, 15.913251, 9.448988, 25.99408, -16.67568, -4.977474, -29.806665, -4.735644, 9.379877, 14.117575, -3.280451, 18.628481, -52.178423, 11.443215, -22.209267, -26.158856]",eu_to_us,"[0, 1, 2, 3, 4, 5, 6, 7, 8, 9, 10, 11, 12, 13, 14, 15, 16, 17, 18, 19]",0.4304332733154297
additive_session_and_verification_main_effects,"{'median_reduction': 17642494181119582859, 'median_difference': 11063265354279002199, 'rank_biserial': 657456978434877456}",preswap-eu-load-v3-final,load,observed_combined_shared_aggregate_effect,session_verification_interaction,1,critical-pair-wall-interaction,eu_load,1.0,load-anchor:descriptive,0,shared_itemwise + independent_aggregate - independent_itemwise - shared_aggregate; positive values mean the combined method saves more wall time than the sum of the two isolated main effects,31,-1.3419068381882542,"[-18.488874, -0.46224750000000003]",-4.2160285,"[-2.2923615618227933, -0.057153166128892936]",-0.5309265829644614,20,16,"[-0.8476190476190476, 0.05714285714285714]",-0.4380952380952381,"[-6.342362, 22.803018, 0.711298, -34.88249, -3.235254, 9.270398, 12.003036, -1.635793, -28.686161, -12.304348, -51.850285, -8.793312, -24.6734, -4.252013, -3.475986, 13.121759, -76.345087, 18.014294, -30.106248, -4.180044]",eu_to_us,"[0, 1, 2, 3, 4, 5, 6, 7, 8, 9, 10, 11, 12, 13, 14, 15, 16, 17, 18, 19]",0.08969497680664062
reference-itemwise,"{'median_reduction': 9890480907704984874, 'median_difference': 17018628213085241854, 'rank_biserial': 12679968340194843683}",preswap-eu-load-v3-final,load,batch-joint-presigning-batch-verification,complete_method_vs_reference,64,stage-wall,eu_load,2.288818359375e-05,high-load:H3-secondary-system-contrast,12,,31,41.473513626283236,"[3172.710391, 3337.701372]",3275.7272175,"[40.86701166781009, 42.11847515853798]",41.49606388650615,20,16,"[1.0, 1.0]",1.0,"[3269.759515, 3281.69492, 3389.661832, 3354.676789, 3200.601848, 3133.652335, 3044.567734, 3320.725955, 3169.384057, 3108.154094, 3090.130993, 3360.40633, 3176.036725, 3458.718666, 3311.726414, 3383.231036, 3167.607512, 3301.827309, 3449.779036, 3208.857417]",eu_to_us,"[0, 1, 2, 3, 4, 5, 6, 7, 8, 9, 10, 11, 12, 13, 14, 15, 16, 17, 18, 19]",1.9073486328125e-06
reference-itemwise,"{'median_reduction': 13473655476235731452, 'median_difference': 15744426901394037853, 'rank_biserial': 16603869456508263457}",preswap-eu-load-v3-final,load,phase-coalesced-itemwise,phase_coalescing_vs_reference,64,stage-wall,eu_load,0.00011444091796875,high-load:exploratory,60,,31,38.68293074398658,"[2981.322833, 3087.052585]",3031.930587,"[38.312052108695994, 39.02793001868231]",38.559474678974496,20,16,"[1.0, 1.0]",1.0,"[3075.378111, 3034.399954, 3121.076248, 3095.063217, 2994.683895, 2942.214369, 2836.355884, 3005.259855, 3063.512118, 2967.961771, 2858.846234, 3149.682368, 2949.092291, 3241.597556, 3079.041953, 3218.148123, 2941.830799, 3029.46122, 3176.672127, 3014.678652]",eu_to_us,"[0, 1, 2, 3, 4, 5, 6, 7, 8, 9, 10, 11, 12, 13, 14, 15, 16, 17, 18, 19]",1.9073486328125e-06
phase-coalesced-itemwise,"{'median_reduction': 13213101904580260777, 'median_difference': 11551388347802674903, 'rank_biserial': 10894482883061550341}",preswap-eu-load-v3-final,load,batch-joint-presigning-itemwise,batch_joint_presigning_vs_phase_coalesced_itemwise,64,stage-wall,eu_load,1.0,high-load:exploratory,60,,31,-0.3435567645479417,"[-46.720977000000005, 8.931972]",-18.1610875,"[-0.9669357137685609, 0.18654831241915013]",-0.3798433490574947,20,16,"[-0.780952380952381, 0.1619047619047619]",-0.3238095238095238,"[36.766288, -12.443948, -7.510579, 26.78959, -41.988681, -43.863061, -56.34485, 97.501484, -17.887043, -18.435132, -13.120638, 114.54803, -52.572812, -49.578893, -33.172945, -107.118567, -50.305005, 50.22423, 25.374523, -173.477573]",eu_to_us,"[0, 1, 2, 3, 4, 5, 6, 7, 8, 9, 10, 11, 12, 13, 14, 15, 16, 17, 18, 19]",0.21616744995117188
reference-itemwise,"{'median_reduction': 13564902491085791614, 'median_difference': 7183442335329717735, 'rank_biserial': 16491358055429406517}",preswap-eu-load-v3-final,load,batch-joint-presigning-itemwise,batch_joint_presigning_vs_reference,64,stage-wall,eu_load,0.00011444091796875,high-load:exploratory,60,,31,38.471770665045945,"[2923.9389735, 3111.5869775]",3045.7470415,"[37.63135828163291, 39.295920010969056]",38.6347283507102,20,16,"[1.0, 1.0]",1.0,"[3112.144399, 3021.956006, 3113.565669, 3121.852807, 2952.695214, 2898.351308, 2780.011034, 3102.761339, 3045.625075, 2949.526639, 2845.725596, 3264.230398, 2896.519479, 3192.018663, 3045.869008, 3111.029556, 2891.525794, 3079.68545, 3202.04665, 2841.201079]",eu_to_us,"[0, 1, 2, 3, 4, 5, 6, 7, 8, 9, 10, 11, 12, 13, 14, 15, 16, 17, 18, 19]",1.9073486328125e-06
batch-joint-presigning-itemwise,"{'median_reduction': 14848589187050805267, 'median_difference': 1103337631544893857, 'rank_biserial': 13811419911585834901}",preswap-eu-load-v3-final,load,batch-joint-presigning-batch-verification,batch_verification_with_batch_joint_presigning,64,stage-wall,eu_load,2.288818359375e-05,high-load:H1-aggregate-within-shared,12,,31,4.866131825834113,"[227.4829205, 266.2787045]",247.81950999999998,"[4.728806901794798, 5.4686275590385005]",5.1616758774631055,20,16,"[1.0, 1.0]",1.0,"[157.615116, 259.738914, 276.096163, 232.823982, 247.906634, 235.301027, 264.5567, 217.964616, 123.758982, 158.627455, 244.405397, 96.175932, 279.517246, 266.700003, 265.857406, 272.20148, 276.081718, 222.141859, 247.732386, 367.656338]",eu_to_us,"[0, 1, 2, 3, 4, 5, 6, 7, 8, 9, 10, 11, 12, 13, 14, 15, 16, 17, 18, 19]",1.9073486328125e-06
phase-coalesced-itemwise,"{'median_reduction': 15743713114235554073, 'median_difference': 11481390699918997290, 'rank_biserial': 6275512896335602778}",preswap-eu-load-v3-final,load,phase-coalesced-batch-verification,batch_verification_with_phase_coalescing,64,stage-wall,eu_load,0.00011444091796875,high-load:exploratory,60,,31,4.71442700962538,"[193.537517, 263.60433]",232.62756000000002,"[4.037890941184793, 5.461929371729358]",4.823938284589809,20,16,"[1.0, 1.0]",1.0,"[225.945047, 285.863037, 210.949533, 275.664495, 191.793618, 145.955884, 276.377706, 236.167853, 184.789267, 176.069757, 257.258456, 259.029572, 235.073473, 270.53015, 268.179088, 153.070102, 230.181647, 311.365747, 195.281416, 155.235883]",eu_to_us,"[0, 1, 2, 3, 4, 5, 6, 7, 8, 9, 10, 11, 12, 13, 14, 15, 16, 17, 18, 19]",1.9073486328125e-06
phase-coalesced-batch-verification,"{'median_reduction': 8638598617936940548, 'median_difference': 16737804739035711227, 'rank_biserial': 14821431428608281739}",preswap-eu-load-v3-final,load,batch-joint-presigning-batch-verification,batch_joint_presigning_vs_phase_coalesced_aggregate,64,stage-wall,eu_load,1.0,high-load:H2-envelope-beyond-phase-coalescing,12,,31,-0.1772927555588754,"[-37.2227525, 13.068573]",-21.01231,"[-0.8130411539563807, 0.28398785494420975]",-0.46211523586416,20,16,"[-0.6857142857142857, 0.3142857142857143]",-0.19047619047619047,"[-31.563643, -38.568071, 57.636051, -16.050923, 14.124335, 45.482082, -68.165856, 79.298247, -78.917328, -35.877434, -25.973697, -48.30561, -8.129039, -53.40904, -35.494627, 12.012811, -4.404934, -38.999658, 77.825493, 38.942882]",eu_to_us,"[0, 1, 2, 3, 4, 5, 6, 7, 8, 9, 10, 11, 12, 13, 14, 15, 16, 17, 18, 19]",0.47490501403808594
additive_session_and_verification_main_effects,"{'median_reduction': 6433879068678643276, 'median_difference': 13162675737246722006, 'rank_biserial': 5335261090754273009}",preswap-eu-load-v3-final,load,observed_combined_shared_aggregate_effect,session_verification_interaction,64,stage-wall-interaction,eu_load,1.0,high-load:exploratory,60,shared_itemwise + independent_aggregate - independent_itemwise - shared_aggregate; positive values mean the combined method saves more wall time than the sum of the two isolated main effects,31,0.179397306232562,"[-22.16368, 49.1755205]",-7.8255765,"[-0.4559405696062472, 1.0240173530165677]",-0.16226468734014626,20,16,"[-0.4857142857142857, 0.5428571428571428]",0.05714285714285714,"[-68.329931, -26.124123, 65.14663, -42.840513, 56.113016, 89.345143, -11.821006, -18.203237, -61.030285, -17.442302, -12.853059, -162.85364, 44.443773, -3.830147, -2.321682, 119.131378, 45.900071, -89.223888, 52.45097, 212.420455]",eu_to_us,"[0, 1, 2, 3, 4, 5, 6, 7, 8, 9, 10, 11, 12, 13, 14, 15, 16, 17, 18, 19]",0.8408222198486328
reference-itemwise,"{'median_reduction': 16833086493343136034, 'median_difference': 15690750785089037110, 'rank_biserial': 15651528114566279965}",preswap-eu-load-v3-final,load,batch-joint-presigning-batch-verification,complete_method_vs_reference,128,stage-wall,eu_load,2.288818359375e-05,high-load:H3-secondary-system-contrast,12,,31,41.798293763230916,"[6341.193386, 6453.6234035]",6399.9431875,"[41.57948047014636, 42.13560606254816]",41.916989816256375,20,16,"[1.0, 1.0]",1.0,"[6415.661327, 6410.359389, 6571.808183, 6369.07465, 5966.739963, 6336.944172, 6522.795304, 6367.3585, 6465.574393, 6527.229867, 6260.429743, 6061.921709, 6452.02536, 6438.291215, 6555.533455, 6027.458674, 6381.574217, 6389.526986, 6313.312122, 6455.221447]",eu_to_us,"[0, 1, 2, 3, 4, 5, 6, 7, 8, 9, 10, 11, 12, 13, 14, 15, 16, 17, 18, 19]",1.9073486328125e-06
reference-itemwise,"{'median_reduction': 5713789747760266102, 'median_difference': 17891768651158171119, 'rank_biserial': 947888119319371762}",preswap-eu-load-v3-final,load,phase-coalesced-itemwise,phase_coalescing_vs_reference,128,stage-wall,eu_load,0.00011444091796875,high-load:exploratory,60,,31,38.64860712970649,"[5822.35038, 6009.0365905]",5900.9796795,"[38.15821335734958, 39.20366946293592]",38.765061059289316,20,16,"[1.0, 1.0]",1.0,"[5993.51966, 5899.841664, 6046.44225, 5902.117695, 5463.719317, 5791.287658, 5882.002175, 6072.16885, 6104.565578, 6020.379338, 5761.3088, 5652.123688, 6096.508333, 5976.346606, 6025.490934, 5529.459359, 5856.391646, 5853.413102, 5776.700308, 5997.693843]",eu_to_us,"[0, 1, 2, 3, 4, 5, 6, 7, 8, 9, 10, 11, 12, 13, 14, 15, 16, 17, 18, 19]",1.9073486328125e-06
phase-coalesced-itemwise,"{'median_reduction': 5697704135364051208, 'median_difference': 12107738659389274598, 'rank_biserial': 5518500852488050717}",preswap-eu-load-v3-final,load,batch-joint-presigning-itemwise,batch_joint_presigning_vs_phase_coalesced_itemwise,128,stage-wall,eu_load,1.0,high-load:exploratory,60,,31,0.16143122929743894,"[-5.4347685, 54.776405]",8.1620955,"[-0.058470254612864925, 0.5844909198672931]",0.08746589224405883,20,16,"[-0.2571428571428571, 0.7238095238095238]",0.24761904761904763,"[9.713817, 134.168072, 41.101305, 2.429004, 219.625136, 120.784133, -130.285183, -192.356896, 8.271765, 140.906811, 148.210172, -7.068079, -134.768255, -81.673707, 8.052426, -70.316685, 68.451505, -3.801458, 3.169631, 24.382669]",eu_to_us,"[0, 1, 2, 3, 4, 5, 6, 7, 8, 9, 10, 11, 12, 13, 14, 15, 16, 17, 18, 19]",0.34881019592285156
reference-itemwise,"{'median_reduction': 6405685323626214574, 'median_difference': 15059260489655435937, 'rank_biserial': 4491256675563682101}",preswap-eu-load-v3-final,load,batch-joint-presigning-itemwise,batch_joint_presigning_vs_reference,128,stage-wall,eu_load,0.00011444091796875,high-load:exploratory,60,,31,38.75152476780403,"[5864.711799, 6012.6549945]",5910.7953815,"[38.27208907978203, 39.28741043776516]",38.8499039275238,20,16,"[1.0, 1.0]",1.0,"[6003.233477, 6034.009736, 6087.543555, 5904.546699, 5683.344453, 5912.071791, 5751.716992, 5879.811954, 6112.837343, 6161.286149, 5909.518972, 5645.055609, 5961.740078, 5894.672899, 6033.54336, 5459.142674, 5924.843151, 5849.611644, 5779.869939, 6022.076512]",eu_to_us,"[0, 1, 2, 3, 4, 5, 6, 7, 8, 9, 10, 11, 12, 13, 14, 15, 16, 17, 18, 19]",1.9073486328125e-06
batch-joint-presigning-itemwise,"{'median_reduction': 12879024630825787795, 'median_difference': 16355550163224475201, 'rank_biserial': 16868965575343363562}",preswap-eu-load-v3-final,load,batch-joint-presigning-batch-verification,batch_verification_with_batch_joint_presigning,128,stage-wall,eu_load,2.288818359375e-05,high-load:H1-aggregate-within-shared,12,,31,4.967697991435662,"[414.646975, 506.13768849999997]",460.6295085,"[4.49600326554695, 5.4165129055419845]",4.948003845598531,20,16,"[1.0, 1.0]",1.0,"[412.42785, 376.349653, 484.264628, 464.527951, 283.39551, 424.872381, 771.078312, 487.546546, 352.73705, 365.943718, 350.910771, 416.8661, 490.285282, 543.618316, 521.990095, 568.316, 456.731066, 539.915342, 533.442183, 433.144935]",eu_to_us,"[0, 1, 2, 3, 4, 5, 6, 7, 8, 9, 10, 11, 12, 13, 14, 15, 16, 17, 18, 19]",1.9073486328125e-06
phase-coalesced-itemwise,"{'median_reduction': 8808832019522150962, 'median_difference': 14158904550787383345, 'rank_biserial': 2650699571314349670}",preswap-eu-load-v3-final,load,phase-coalesced-batch-verification,batch_verification_with_phase_coalescing,128,stage-wall,eu_load,0.00011444091796875,high-load:exploratory,60,,31,4.650993603415268,"[348.7990835, 524.6938005]",449.819815,"[3.74618762814781, 5.5887343307829]",4.823540353706193,20,16,"[1.0, 1.0]",1.0,"[230.412343, 534.206673, 317.207121, 416.093118, 406.491232, 678.070295, 487.876129, 296.62062, 305.593769, 526.897258, 483.546512, 236.577926, 415.443704, 361.585019, 336.013148, 505.452893, 529.455453, 578.96446, 522.490343, 532.012144]",eu_to_us,"[0, 1, 2, 3, 4, 5, 6, 7, 8, 9, 10, 11, 12, 13, 14, 15, 16, 17, 18, 19]",1.9073486328125e-06
phase-coalesced-batch-verification,"{'median_reduction': 12556043137355273816, 'median_difference': 18202106225571341953, 'rank_biserial': 3238466716158548522}",preswap-eu-load-v3-final,load,batch-joint-presigning-batch-verification,batch_joint_presigning_vs_phase_coalesced_aggregate,128,stage-wall,eu_load,1.0,high-load:H2-envelope-beyond-phase-coalescing,12,,31,0.4908290936529024,"[-13.7501535, 98.444502]",14.847951,"[-0.15557078690249942, 1.0991975272383967]",0.16680202209823108,20,16,"[-0.11428571428571428, 0.7619047619047619]",0.38095238095238093,"[191.729324, -23.688948, 208.158812, 50.863837, 96.529414, -132.413781, 152.917, -1.43097, 55.415046, -20.046729, 15.574431, 173.220095, -59.926677, 100.35959, 194.029373, -7.453578, -4.272882, -42.850576, 14.121471, -74.48454]",eu_to_us,"[0, 1, 2, 3, 4, 5, 6, 7, 8, 9, 10, 11, 12, 13, 14, 15, 16, 17, 18, 19]",0.14290618896484375
additive_session_and_verification_main_effects,"{'median_reduction': 11638944343692344704, 'median_difference': 7247055820661978364, 'rank_biserial': 8585290549155149556}",preswap-eu-load-v3-final,load,observed_combined_shared_aggregate_effect,session_verification_interaction,128,stage-wall-interaction,eu_load,1.0,high-load:exploratory,60,shared_itemwise + independent_aggregate - independent_itemwise - shared_aggregate; positive values mean the combined method saves more wall time than the sum of the two isolated main effects,31,0.3168602480614234,"[-85.79579799999999, 173.6728405]",47.789057,"[-0.916298873658016, 1.8758275722500666]",0.5137820684773335,20,16,"[-0.24761904761904763, 0.7142857142857143]",0.26666666666666666,"[182.015507, -157.85702, 167.057507, 48.434833, -123.095722, -253.197914, 283.202183, 190.925926, 47.143281, -160.95354, -132.635741, 180.288174, 74.841578, 182.033297, 185.976947, 62.863107, -72.724387, -39.049118, 10.95184, -98.867209]",eu_to_us,"[0, 1, 2, 3, 4, 5, 6, 7, 8, 9, 10, 11, 12, 13, 14, 15, 16, 17, 18, 19]",0.3117942810058594
reference-itemwise,"{'median_reduction': 515786219944426710, 'median_difference': 8465856070396064027, 'rank_biserial': 6844535411070459346}",preswap-eu-load-v3-final,load,batch-joint-presigning-batch-verification,complete_method_vs_reference,1024,stage-wall,eu_load,2.288818359375e-05,high-load:H3-secondary-system-contrast,12,,31,41.54243563814068,"[49839.8521005, 50572.0022755]",50269.775328,"[41.31497419194143, 41.730089679903934]",41.38856288076829,20,16,"[1.0, 1.0]",1.0,"[49243.229614, 52378.051205, 49827.702289, 50692.934444, 51707.589758, 49541.000012, 50046.353621, 50675.73739, 50468.267161, 50413.723554, 49449.081574, 49852.001912, 50320.30964, 50219.241016, 50705.650635, 50110.335207, 49760.751033, 49623.824711, 50749.989952, 50374.667377]",eu_to_us,"[0, 1, 2, 3, 4, 5, 6, 7, 8, 9, 10, 11, 12, 13, 14, 15, 16, 17, 18, 19]",1.9073486328125e-06
reference-itemwise,"{'median_reduction': 9444894509944415840, 'median_difference': 12847661214329192763, 'rank_biserial': 3496385440503903833}",preswap-eu-load-v3-final,load,phase-coalesced-itemwise,phase_coalescing_vs_reference,1024,stage-wall,eu_load,0.00011444091796875,high-load:exploratory,60,,31,38.45414655914023,"[46216.006059499996, 46761.038794]",46448.2985355,"[38.25630962888357, 38.556260495420595]",38.34686407208134,20,16,"[1.0, 1.0]",1.0,"[45810.427604, 48593.229867, 45749.04192, 47062.333926, 47529.988711, 46182.301548, 46327.024586, 46987.33836, 46570.15195, 46507.309885, 46068.605791, 46299.137969, 46222.215809, 46919.54722, 46546.138755, 46389.287186, 46209.79631, 45818.774353, 46959.864758, 46602.530368]",eu_to_us,"[0, 1, 2, 3, 4, 5, 6, 7, 8, 9, 10, 11, 12, 13, 14, 15, 16, 17, 18, 19]",1.9073486328125e-06
phase-coalesced-itemwise,"{'median_reduction': 18295647370250776276, 'median_difference': 3967237566325474633, 'rank_biserial': 2857924315561834154}",preswap-eu-load-v3-final,load,batch-joint-presigning-itemwise,batch_joint_presigning_vs_phase_coalesced_itemwise,1024,stage-wall,eu_load,1.0,high-load:exploratory,60,,31,-0.08820139925797793,"[-323.871882, 118.266429]",-49.4513905,"[-0.4370734358167167, 0.15731884463781168]",-0.06618999773885645,20,16,"[-0.7333333333333333, 0.2]",-0.2857142857142857,"[-337.172802, -354.298118, 321.165521, -241.563694, -27.704845, -354.656036, 391.958996, -72.086462, 305.013791, -33.513205, -310.570962, 9.030004, 287.679471, -538.506233, 612.333882, -48.609322, -517.133833, -50.293459, -564.789501, 227.502854]",eu_to_us,"[0, 1, 2, 3, 4, 5, 6, 7, 8, 9, 10, 11, 12, 13, 14, 15, 16, 17, 18, 19]",0.2773551940917969
reference-itemwise,"{'median_reduction': 12892673747964890409, 'median_difference': 6190913052572478468, 'rank_biserial': 1177146237552937470}",preswap-eu-load-v3-final,load,batch-joint-presigning-itemwise,batch_joint_presigning_vs_reference,1024,stage-wall,eu_load,0.00011444091796875,high-load:exploratory,60,,31,38.40048728448163,"[46189.187707000005, 46825.401727000004]",46434.435968499994,"[38.16334854366312, 38.62878678079221]",38.32471006314476,20,16,"[1.0, 1.0]",1.0,"[45473.254802, 48238.931749, 46070.207441, 46820.770232, 47502.283866, 45827.645512, 46718.983582, 46915.251898, 46875.165741, 46473.79668, 45758.034829, 46308.167973, 46509.89528, 46381.040987, 47158.472637, 46340.677864, 45692.662477, 45768.480894, 46395.075257, 46830.033222]",eu_to_us,"[0, 1, 2, 3, 4, 5, 6, 7, 8, 9, 10, 11, 12, 13, 14, 15, 16, 17, 18, 19]",1.9073486328125e-06
batch-joint-presigning-itemwise,"{'median_reduction': 1288516721383620168, 'median_difference': 3988092986473692115, 'rank_biserial': 15144835411831664446}",preswap-eu-load-v3-final,load,batch-joint-presigning-batch-verification,batch_verification_with_batch_joint_presigning,1024,stage-wall,eu_load,2.288818359375e-05,high-load:H1-aggregate-within-shared,12,,31,5.100712297406075,"[3702.2006225, 3863.7540145000003]",3769.8160774999997,"[4.954791425506876, 5.182964898826148]",5.077194910566298,20,16,"[1.0, 1.0]",1.0,"[3769.974812, 4139.119456, 3757.494848, 3872.164212, 4205.305892, 3713.3545, 3327.370039, 3760.485492, 3593.10142, 3939.926874, 3691.046745, 3543.833939, 3810.41436, 3838.200029, 3547.177998, 3769.657343, 4068.088556, 3855.343817, 4354.914695, 3544.634155]",eu_to_us,"[0, 1, 2, 3, 4, 5, 6, 7, 8, 9, 10, 11, 12, 13, 14, 15, 16, 17, 18, 19]",1.9073486328125e-06
phase-coalesced-itemwise,"{'median_reduction': 6295179695313089873, 'median_difference': 6224892995107354551, 'rank_biserial': 8445667688714036537}",preswap-eu-load-v3-final,load,phase-coalesced-batch-verification,batch_verification_with_phase_coalescing,1024,stage-wall,eu_load,0.00011444091796875,high-load:exploratory,60,,31,5.124561850015092,"[3690.7859289999997, 3931.609701]",3847.608857,"[4.9575013785098445, 5.285273455059002]",5.154197118589913,20,16,"[1.0, 1.0]",1.0,"[3587.963047, 3028.223438, 4507.624951, 3662.627869, 3814.751835, 3919.190408, 3753.131647, 3514.274647, 3880.465879, 3907.432811, 3756.206566, 3173.236983, 4437.033433, 3718.943989, 4253.7058, 4201.035642, 3312.518986, 3944.028994, 4131.976399, 3902.4788]",eu_to_us,"[0, 1, 2, 3, 4, 5, 6, 7, 8, 9, 10, 11, 12, 13, 14, 15, 16, 17, 18, 19]",1.9073486328125e-06
phase-coalesced-batch-verification,"{'median_reduction': 3066439633834719055, 'median_difference': 10571120035888743925, 'rank_biserial': 2290379601243702024}",preswap-eu-load-v3-final,load,batch-joint-presigning-batch-verification,batch_joint_presigning_vs_phase_coalesced_aggregate,1024,stage-wall,eu_load,1.0,high-load:H2-envelope-beyond-phase-coalescing,12,,31,-0.11421993267698678,"[-340.3954035, 8.315095000000001]",-112.2678555,"[-0.4817277416438255, 0.011783497387735138]",-0.15772437903510406,20,16,"[-0.7904761904761904, 0.1523809523809524]",-0.34285714285714286,"[-155.161037, 756.5979, -428.964582, -32.027351, 362.849212, -560.491944, -33.802612, 174.124383, 17.649332, -1.019142, -375.730783, 379.62696, -338.939602, -419.250193, -94.19392, -479.987621, 238.435737, -138.978636, -341.851205, -130.341791]",eu_to_us,"[0, 1, 2, 3, 4, 5, 6, 7, 8, 9, 10, 11, 12, 13, 14, 15, 16, 17, 18, 19]",0.1893482208251953
additive_session_and_verification_main_effects,"{'median_reduction': 1084977564591278906, 'median_difference': 3171179318751009777, 'rank_biserial': 1653377334747539516}",preswap-eu-load-v3-final,load,observed_combined_shared_aggregate_effect,session_verification_interaction,1024,stage-wall-interaction,eu_load,1.0,high-load:exploratory,60,shared_itemwise + independent_aggregate - independent_itemwise - shared_aggregate; positive values mean the combined method saves more wall time than the sum of the two isolated main effects,31,-0.0184748260182278,"[-322.604552, 216.2373195]",-16.332879,"[-0.4309357651956239, 0.2905732894041457]",-0.02181504366796015,20,16,"[-0.5619047619047619, 0.4380952380952381]",-0.06666666666666667,"[182.011765, 1110.896018, -750.130103, 209.536343, 390.554057, -205.835908, -425.761608, 246.210845, -287.364459, 32.494063, -65.159821, 370.596956, -626.619073, 119.25604, -706.527802, -431.378299, 755.56957, -88.685177, 222.938296, -357.844645]",eu_to_us,"[0, 1, 2, 3, 4, 5, 6, 7, 8, 9, 10, 11, 12, 13, 14, 15, 16, 17, 18, 19]",0.8123550415039062
reference-itemwise,"{'median_reduction': 8717682583572521463, 'median_difference': 6298261552784239606, 'rank_biserial': 15756654039036028550}",preswap-sg-primary-v3-final,primary,batch-joint-presigning-batch-verification,complete_method_vs_reference,1,critical-pair-wall,sg_primary,1.0,one-pair:H3-secondary-system-contrast,8,,5,-0.13971484454520003,"[-26.030806, 15.706734]",-9.9174455,"[-1.4891585358168096, 0.8732832074479487]",-0.5728184008534326,100,3,"[-0.2594059405940594, 0.19405940594059407]",-0.03089108910891089,"[-20.359692, 50.236154, -42.380883, -93.067738, -71.114651, -34.727948, 40.098916, -50.947394, -39.773776, -21.182726, 166.181415, -76.163006, -68.645905, -56.105471, -18.053022, -27.727564, -158.582547, -134.544896, 29.55832, 6.145526, -61.34432, 47.884677, -45.595657, -57.184802, 100.61512, -85.443348, -60.690098, 32.006364, 136.362764, 35.790781, -33.688567, 82.936229, -88.051935, 3.988912, 65.08135, -80.641252, -25.578403, -46.147758, 15.706734, 102.160674, -41.397541, 33.645221, 35.578941, -109.649898, 105.359292, 29.181031, 77.766745, -19.354742, 62.545641, 101.539989, -88.871974, -46.327135, -67.803462, -25.366086, 61.705843, 26.439073, -52.048938, -60.684013, 119.236558, -76.762747, 86.428585, 51.247962, 83.660307, -106.345763, 121.698681, -99.104835, 69.90801, 13.369146, -133.47051, 154.079346, 1.341376, 5.908808, 60.754669, -24.334048, -54.864623, 28.125612, -11.455488, -27.753065, 90.149679, 19.998494, -76.1047, -8.379403, 105.998598, -14.831966, -133.056235, 16.105663, -92.259446, 52.813468, -43.863624, -33.62141, 22.726688, 1.122538, 170.936877, -71.927052, 99.571659, -17.442669, 1.082667, 62.409317, 59.531993, 6.643033]",sg_to_us,"[0, 1, 2, 3, 4, 5, 6, 7, 8, 9, 10, 11, 12, 13, 14, 15, 16, 17, 18, 19, 20, 21, 22, 23, 24, 25, 26, 27, 28, 29, 30, 31, 32, 33, 34, 35, 36, 37, 38, 39, 40, 41, 42, 43, 44, 45, 46, 47, 48, 49, 50, 51, 52, 53, 54, 55, 56, 57, 58, 59, 60, 61, 62, 63, 64, 65, 66, 67, 68, 69, 70, 71, 72, 73, 74, 75, 76, 77, 78, 79, 80, 81, 82, 83, 84, 85, 86, 87, 88, 89, 90, 91, 92, 93, 94, 95, 96, 97, 98, 99]",0.7885535816793301
reference-itemwise,"{'median_reduction': 15927648533856455827, 'median_difference': 2012741066822193373, 'rank_biserial': 9966401166164266032}",preswap-sg-primary-v3-final,primary,phase-coalesced-itemwise,phase_coalescing_vs_reference,1,critical-pair-wall,sg_primary,1.0,one-pair:exploratory,40,,5,-0.9068695802093277,"[-29.324333, 1.696164]",-9.4886535,"[-1.7367156858122843, 0.09460614574856498]",-0.5214178714884838,100,3,"[-0.438019801980198, 0.012673267326732674]",-0.21148514851485148,"[-69.646997, 55.442289, -108.348709, -29.324333, -27.579747, 1.970917, -22.889952, 74.576179, -53.081559, -101.013945, 102.824056, -61.056322, -156.839519, -123.395301, 7.062024, -39.00331, -166.577116, 1.817168, -54.44731, 42.297179, 10.960933, 60.133879, 149.123006, 74.845914, 11.10226, 43.107867, -75.163966, 125.079507, 142.291327, 8.901523, 25.991941, -49.435752, 11.650384, -6.203198, 13.526182, -77.419473, -35.836324, -86.126531, -22.097828, 6.289053, -132.264672, -6.880154, -30.842943, -164.292002, 5.175718, -84.331123, 1.696164, -52.896942, -10.857566, 94.570295, -56.231562, -130.801687, -84.173656, -86.269714, -17.806796, -36.576905, 114.135439, -29.045864, -23.927519, -107.643485, -8.119741, -44.159868, 75.623864, -37.679934, 160.482178, -109.005276, 16.776084, -62.166417, -92.42976, 105.100733, -58.309188, -5.048165, 96.067401, -158.430986, -57.127487, -6.342666, -128.182047, 19.418803, 48.978645, 93.458311, -137.075379, -19.88252, -7.730044, 74.102231, -135.073327, -2.422911, -166.374, 173.901217, 45.779859, -22.417638, -98.327949, 22.701281, 95.006137, 71.567436, -7.4092, 42.418012, 54.785441, 146.98072, 0.491709, -158.62518]",sg_to_us,"[0, 1, 2, 3, 4, 5, 6, 7, 8, 9, 10, 11, 12, 13, 14, 15, 16, 17, 18, 19, 20, 21, 22, 23, 24, 25, 26, 27, 28, 29, 30, 31, 32, 33, 34, 35, 36, 37, 38, 39, 40, 41, 42, 43, 44, 45, 46, 47, 48, 49, 50, 51, 52, 53, 54, 55, 56, 57, 58, 59, 60, 61, 62, 63, 64, 65, 66, 67, 68, 69, 70, 71, 72, 73, 74, 75, 76, 77, 78, 79, 80, 81, 82, 83, 84, 85, 86, 87, 88, 89, 90, 91, 92, 93, 94, 95, 96, 97, 98, 99]",0.0663479749390851
phase-coalesced-itemwise,"{'median_reduction': 17796195837826185435, 'median_difference': 15499931026595653173, 'rank_biserial': 1101747543923531828}",preswap-sg-primary-v3-final,primary,batch-joint-presigning-itemwise,batch_joint_presigning_vs_phase_coalesced_itemwise,1,critical-pair-wall,sg_primary,1.0,one-pair:exploratory,40,,5,0.12825480019640534,"[-16.351953, 19.745327]",6.029097500000001,"[-0.8991413124098091, 1.115261682777582]",0.3340828785359061,100,3,"[-0.17465346534653464, 0.27722772277227725]",0.053465346534653464,"[98.611735, 18.780724, -5.430075, -31.842883, -59.710238, -21.083428, 8.080643, -44.267197, -50.741654, 7.72208, 70.188782, -25.674418, 142.105569, -0.46628, 9.180401, -52.511582, 75.862699, -136.635667, 36.911978, -46.522648, -60.789885, -102.716536, -19.570837, -114.001638, 14.829917, 9.290257, -96.479139, -111.360417, 7.746848, -92.760909, -37.872558, 51.410239, -91.672996, -63.482581, 146.812956, -31.880304, -23.636004, 27.87311, -45.290746, -86.582037, 77.255012, -45.46084, 121.381014, 44.562174, -63.282017, 98.181031, 66.170503, 19.338725, 2.820472, -87.240402, 66.65556, 69.319775, -14.597261, 20.802167, 93.111324, 45.259662, -37.191261, -8.24745, 112.753153, -53.384846, 64.594327, 76.923657, -4.147747, -96.204047, -78.453718, -55.356558, 67.170951, 33.517613, -60.720005, 58.988827, 20.70993, 21.158154, -18.095065, 146.70752, 170.332079, 37.231774, 79.537823, -47.128194, -16.351953, -113.955477, 90.539663, 36.388089, -28.232423, 86.547644, 54.75652, 4.336115, 78.04761, -35.494544, -88.887886, 74.564613, 27.60367, 80.517902, 36.998397, 12.334043, 2.348966, -97.094161, 11.669507, -174.662854, -6.130095, 126.916702]",sg_to_us,"[0, 1, 2, 3, 4, 5, 6, 7, 8, 9, 10, 11, 12, 13, 14, 15, 16, 17, 18, 19, 20, 21, 22, 23, 24, 25, 26, 27, 28, 29, 30, 31, 32, 33, 34, 35, 36, 37, 38, 39, 40, 41, 42, 43, 44, 45, 46, 47, 48, 49, 50, 51, 52, 53, 54, 55, 56, 57, 58, 59, 60, 61, 62, 63, 64, 65, 66, 67, 68, 69, 70, 71, 72, 73, 74, 75, 76, 77, 78, 79, 80, 81, 82, 83, 84, 85, 86, 87, 88, 89, 90, 91, 92, 93, 94, 95, 96, 97, 98, 99]",0.6425231921087418
reference-itemwise,"{'median_reduction': 17686240671642516041, 'median_difference': 2420879710782124787, 'rank_biserial': 2732173700930986350}",preswap-sg-primary-v3-final,primary,batch-joint-presigning-itemwise,batch_joint_presigning_vs_reference,1,critical-pair-wall,sg_primary,1.0,one-pair:exploratory,40,,5,-0.6987009168072821,"[-38.224519, 1.8112615]",-18.3239215,"[-2.1959518947625245, 0.10715038771339114]",-1.0476113771126325,100,3,"[-0.4003960396039604, 0.047524752475247525]",-0.1778217821782178,"[28.964738, 74.223013, -113.778784, -61.167216, -87.289985, -19.112511, -14.809309, 30.308982, -103.823213, -93.291865, 173.012838, -86.73074, -14.73395, -123.861581, 16.242425, -91.514892, -90.714417, -134.818499, -17.535332, -4.225469, -49.828952, -42.582657, 129.552169, -39.155724, 25.932177, 52.398124, -171.643105, 13.71909, 150.038175, -83.859386, -11.880617, 1.974487, -80.022612, -69.685779, 160.339138, -109.299777, -59.472328, -58.253421, -67.388574, -80.292984, -55.00966, -52.340994, 90.538071, -119.729828, -58.106299, 13.849908, 67.866667, -33.558217, -8.037094, 7.329893, 10.423998, -61.481912, -98.770917, -65.467547, 75.304528, 8.682757, 76.944178, -37.293314, 88.825634, -161.028331, 56.474586, 32.763789, 71.476117, -133.883981, 82.02846, -164.361834, 83.947035, -28.648804, -153.149765, 164.08956, -37.599258, 16.109989, 77.972336, -11.723466, 113.204592, 30.889108, -48.644224, -27.709391, 32.626692, -20.497166, -46.535716, 16.505569, -35.962467, 160.649875, -80.316807, 1.913204, -88.32639, 138.406673, -43.108027, 52.146975, -70.724279, 103.219183, 132.004534, 83.901479, -5.060234, -54.676149, 66.454948, -27.682134, -5.638386, -31.708478]",sg_to_us,"[0, 1, 2, 3, 4, 5, 6, 7, 8, 9, 10, 11, 12, 13, 14, 15, 16, 17, 18, 19, 20, 21, 22, 23, 24, 25, 26, 27, 28, 29, 30, 31, 32, 33, 34, 35, 36, 37, 38, 39, 40, 41, 42, 43, 44, 45, 46, 47, 48, 49, 50, 51, 52, 53, 54, 55, 56, 57, 58, 59, 60, 61, 62, 63, 64, 65, 66, 67, 68, 69, 70, 71, 72, 73, 74, 75, 76, 77, 78, 79, 80, 81, 82, 83, 84, 85, 86, 87, 88, 89, 90, 91, 92, 93, 94, 95, 96, 97, 98, 99]",0.12263488790119957
batch-joint-presigning-itemwise,"{'median_reduction': 6913981018808012602, 'median_difference': 9842735546119444081, 'rank_biserial': 7557610736091994822}",preswap-sg-primary-v3-final,primary,batch-joint-presigning-batch-verification,batch_verification_with_batch_joint_presigning,1,critical-pair-wall,sg_primary,0.16720705550235948,one-pair:H1-aggregate-within-shared,8,,5,0.4595867823959787,"[-0.240997, 28.658525]",14.197966999999998,"[-0.002422973604480949, 1.5964696924950539]",0.7965354516084002,100,3,"[0.008712871287128714, 0.45702970297029705]",0.23445544554455444,"[-49.32443, -23.986859, 71.397901, -31.900522, 16.175334, -15.615437, 54.908225, -81.256376, 64.049437, 72.109139, -6.831423, 10.567734, -53.911955, 67.75611, -34.295447, 63.787328, -67.86813, 0.273603, 47.093652, 10.370995, -11.515368, 90.467334, -175.147826, -18.029078, 74.682943, -137.841472, 110.953007, 18.287274, -13.675411, 119.650167, -21.80795, 80.961742, -8.029323, 73.674691, -95.257788, 28.658525, 33.893925, 12.105663, 83.095308, 182.453658, 13.612119, 85.986215, -54.95913, 10.07993, 163.465591, 15.331123, 9.900078, 14.203475, 70.582735, 94.210096, -99.295972, 15.154777, 30.967455, 40.101461, -13.598685, 17.756316, -128.993116, -23.390699, 30.410924, 84.265584, 29.953999, 18.484173, 12.18419, 27.538218, 39.670221, 65.256999, -14.039025, 42.01795, 19.679255, -10.010214, 38.940634, -10.201181, -17.217667, -12.610582, -168.069215, -2.763496, 37.188736, -0.043674, 57.522987, 40.49566, -29.568984, -24.884972, 141.961065, -175.481841, -52.739428, 14.192459, -3.933056, -85.593205, -0.755597, -85.768385, 93.450967, -102.096645, 38.932343, -155.828531, 104.631893, 37.23348, -65.372281, 90.091451, 65.170379, 38.351511]",sg_to_us,"[0, 1, 2, 3, 4, 5, 6, 7, 8, 9, 10, 11, 12, 13, 14, 15, 16, 17, 18, 19, 20, 21, 22, 23, 24, 25, 26, 27, 28, 29, 30, 31, 32, 33, 34, 35, 36, 37, 38, 39, 40, 41, 42, 43, 44, 45, 46, 47, 48, 49, 50, 51, 52, 53, 54, 55, 56, 57, 58, 59, 60, 61, 62, 63, 64, 65, 66, 67, 68, 69, 70, 71, 72, 73, 74, 75, 76, 77, 78, 79, 80, 81, 82, 83, 84, 85, 86, 87, 88, 89, 90, 91, 92, 93, 94, 95, 96, 97, 98, 99]",0.04180176387558987
phase-coalesced-itemwise,"{'median_reduction': 16259949537133220130, 'median_difference': 15034892895270564588, 'rank_biserial': 2525265814897122291}",preswap-sg-primary-v3-final,primary,phase-coalesced-batch-verification,batch_verification_with_phase_coalescing,1,critical-pair-wall,sg_primary,1.0,one-pair:exploratory,40,,5,0.20438320169080398,"[-19.0926815, 16.4478915]",-1.0536655,"[-1.0189468971671933, 0.9276157958231372]",-0.05939131456755303,100,3,"[-0.16594059405940595, 0.27722772277227725]",0.05742574257425743,"[8.607548, -91.661356, 78.360928, -21.424873, -119.796842, -1.96675, -32.240147, -82.68581, 87.860241, 72.652018, -97.043981, 11.687292, 140.831297, 68.121869, 25.407434, -10.187571, 142.044164, -54.756448, -78.045379, -86.546329, -33.489046, -6.503685, -13.192724, -64.45866, 87.218417, 2.631067, 39.792133, -46.554517, -49.501532, -97.864799, 10.769499, 33.965521, -64.408676, 7.806999, 97.443011, 67.242735, 1.246987, -62.735212, -56.41367, 30.853513, 119.700046, 39.647629, 38.072923, 47.731467, -0.140581, 51.505743, -29.23957, 42.649964, 42.779222, 15.392833, -67.670911, 95.79145, -22.431068, 13.19437, 71.639501, -22.657583, -6.966536, -11.979547, 114.271174, 68.384848, 60.065138, 101.011761, 99.688419, -55.486885, -151.655232, -2.092583, -84.727443, -16.76049, 102.195076, -62.879763, -18.246087, -12.291331, 13.740082, 118.69221, 151.308731, -44.528212, -57.199159, -62.026746, 22.906653, -118.276118, 71.422268, 19.155701, -49.677803, -51.788098, -33.304629, -29.492177, 172.789475, -39.352645, -57.877522, -65.97974, 121.74947, 53.116996, -36.285929, 26.184453, 39.336051, -34.896616, -85.873294, -56.316214, 34.455191, 79.72524]",sg_to_us,"[0, 1, 2, 3, 4, 5, 6, 7, 8, 9, 10, 11, 12, 13, 14, 15, 16, 17, 18, 19, 20, 21, 22, 23, 24, 25, 26, 27, 28, 29, 30, 31, 32, 33, 34, 35, 36, 37, 38, 39, 40, 41, 42, 43, 44, 45, 46, 47, 48, 49, 50, 51, 52, 53, 54, 55, 56, 57, 58, 59, 60, 61, 62, 63, 64, 65, 66, 67, 68, 69, 70, 71, 72, 73, 74, 75, 76, 77, 78, 79, 80, 81, 82, 83, 84, 85, 86, 87, 88, 89, 90, 91, 92, 93, 94, 95, 96, 97, 98, 99]",0.61809143216358
phase-coalesced-batch-verification,"{'median_reduction': 10024383394608499860, 'median_difference': 476395740673351024, 'rank_biserial': 6849410817751493194}",preswap-sg-primary-v3-final,primary,batch-joint-presigning-batch-verification,batch_joint_presigning_vs_phase_coalesced_aggregate,1,critical-pair-wall,sg_primary,1.0,one-pair:H2-envelope-beyond-phase-coalescing,8,,5,0.37400310138550596,"[-8.423139, 25.7986325]",7.044919,"[-0.4940975635049238, 1.418718243788978]",0.3955024571510053,100,3,"[-0.08792079207920792, 0.35207920792079206]",0.13663366336633664,"[40.679757, 86.455221, -12.393102, -42.318532, 76.261938, -34.732115, 95.229015, -42.837763, -74.552458, 7.179201, 160.40134, -26.793976, -52.637683, -0.832039, -50.52248, 21.463317, -134.049595, -81.605616, 162.051009, 50.394676, -38.816207, -5.745517, -181.525939, -67.572056, 2.294443, -131.182282, -25.318265, -46.518626, 43.572969, 124.754057, -70.450007, 98.40646, -35.293643, 2.385111, -45.887843, -70.464514, 9.010934, 102.713985, 94.218232, 65.018108, -28.832915, 0.877746, 28.348961, 6.910637, 100.324155, 62.006411, 105.310151, -9.107764, 30.623985, -8.423139, 35.030499, -11.316898, 38.801262, 47.709258, 7.873138, 85.673561, -159.217841, -19.658602, 28.892903, -37.50411, 34.483188, -5.603931, -91.651976, -13.178944, 112.871735, 11.993024, 137.859369, 92.296053, -143.235826, 111.858376, 77.896651, 23.248304, -49.052814, 15.404728, -149.045867, 78.99649, 173.925718, 14.854878, 18.264381, 44.816301, -10.451589, -7.652584, 163.406445, -37.146099, 35.321721, 48.020751, -98.674921, -81.735104, -31.765961, 54.775968, -0.694833, -74.695739, 112.216669, -169.678941, 67.644808, -24.964065, 32.17052, -28.255189, 24.585093, 85.542973]",sg_to_us,"[0, 1, 2, 3, 4, 5, 6, 7, 8, 9, 10, 11, 12, 13, 14, 15, 16, 17, 18, 19, 20, 21, 22, 23, 24, 25, 26, 27, 28, 29, 30, 31, 32, 33, 34, 35, 36, 37, 38, 39, 40, 41, 42, 43, 44, 45, 46, 47, 48, 49, 50, 51, 52, 53, 54, 55, 56, 57, 58, 59, 60, 61, 62, 63, 64, 65, 66, 67, 68, 69, 70, 71, 72, 73, 74, 75, 76, 77, 78, 79, 80, 81, 82, 83, 84, 85, 86, 87, 88, 89, 90, 91, 92, 93, 94, 95, 96, 97, 98, 99]",0.23553461229179673
additive_session_and_verification_main_effects,"{'median_reduction': 9637112515003356727, 'median_difference': 4986281832021246496, 'rank_biserial': 18258432983810643145}",preswap-sg-primary-v3-final,primary,observed_combined_shared_aggregate_effect,session_verification_interaction,1,critical-pair-wall-interaction,sg_primary,1.0,one-pair:exploratory,40,shared_itemwise + independent_aggregate - independent_itemwise - shared_aggregate; positive values mean the combined method saves more wall time than the sum of the two isolated main effects,5,0.31731652788923737,"[-11.5055615, 42.0492675]",21.2373455,"[-0.6383795267262127, 2.367685290969466]",1.2439291117647986,100,3,"[-0.11168316831683169, 0.3493069306930693]",0.11801980198019801,"[-57.931978, 67.674497, -6.963027, -10.475649, 135.972176, -13.648687, 87.148372, 1.429434, -23.810804, -0.542879, 90.212558, -1.119558, -194.743252, -0.365759, -59.702881, 73.974899, -209.912294, 55.030051, 125.139031, 96.917324, 21.973678, 96.971019, -161.955102, 46.429582, -12.535474, -140.472539, 71.160874, 64.841791, 35.826121, 217.514966, -32.577449, 46.996221, 56.379353, 65.867692, -192.700799, -38.58421, 32.646938, 74.840875, 139.508978, 151.600145, -106.087927, 46.338586, -93.032053, -37.651537, 163.606172, -36.17462, 39.139648, -28.446489, 27.803513, 78.817263, -31.625061, -80.636673, 53.398523, 26.907091, -85.238186, 40.413899, -122.02658, -11.411152, -83.86025, 15.880736, -30.111139, -82.527588, -87.504229, 83.025103, 191.325453, 67.349582, 70.688418, 58.77844, -82.515821, 52.869549, 57.186721, 2.09015, -30.957749, -131.302792, -319.377946, 41.764716, 94.387895, 61.983072, 34.616334, 158.771778, -100.991252, -44.040673, 191.638868, -123.693743, -19.434799, 43.684636, -176.722531, -46.24056, 57.121925, -19.788645, -28.298503, -155.213641, 75.218272, -182.012984, 65.295842, 72.130096, 20.501013, 146.407665, 30.715188, -41.373729]",sg_to_us,"[0, 1, 2, 3, 4, 5, 6, 7, 8, 9, 10, 11, 12, 13, 14, 15, 16, 17, 18, 19, 20, 21, 22, 23, 24, 25, 26, 27, 28, 29, 30, 31, 32, 33, 34, 35, 36, 37, 38, 39, 40, 41, 42, 43, 44, 45, 46, 47, 48, 49, 50, 51, 52, 53, 54, 55, 56, 57, 58, 59, 60, 61, 62, 63, 64, 65, 66, 67, 68, 69, 70, 71, 72, 73, 74, 75, 76, 77, 78, 79, 80, 81, 82, 83, 84, 85, 86, 87, 88, 89, 90, 91, 92, 93, 94, 95, 96, 97, 98, 99]",0.3055421446183436
reference-itemwise,"{'median_reduction': 6464765712263721033, 'median_difference': 14967017255898805258, 'rank_biserial': 5275943026030264388}",preswap-sg-primary-v3-final,primary,batch-joint-presigning-batch-verification,complete_method_vs_reference,1,critical-pair-wall,sg_primary,1.0,one-pair:H3-secondary-system-contrast,8,,9,-0.026621206451310882,"[-12.6541485, 11.70119]",1.617616,"[-0.7916484894638748, 0.6855495227789619]",0.09190002231241973,100,5,"[-0.2320792079207921, 0.22851485148514852]",0.0031683168316831685,"[26.908917, -2.232548, 81.672142, 13.359876, 112.215507, -54.413875, -5.46113, -60.828452, -37.444511, -69.575353, 87.525142, -92.636605, -110.632615, 86.632301, 2.094605, -48.184388, -99.471126, 159.422743, 15.077845, 18.327359, 125.419941, 25.244724, -17.213083, 78.195228, -92.267993, 79.283453, 65.079692, 19.530764, -40.085804, 3.188541, 18.542927, -6.31986, 47.005178, 145.54174, 11.70119, -33.048035, -18.022356, -10.795994, -30.022858, 17.039464, -17.761711, 4.169823, 72.836896, -20.064097, -17.841711, 26.354809, -32.012654, 81.291693, 1.140627, 36.061071, 5.878955, 65.704176, -40.229052, 63.505147, -120.890906, -1.596463, -44.944961, -3.591378, 7.382423, -76.027371, -57.788121, -72.445821, -91.998466, 67.495197, -3.812462, -101.138449, 31.137709, -55.238475, -14.512303, 72.433539, -93.063319, 0.676916, 86.055018, 36.194447, -22.676028, 75.034131, 44.616499, -15.486283, -40.196986, -40.067806, -121.713767, 37.745241, -117.465072, 3.236137, -98.174474, 66.366297, -85.59355, -83.973058, 79.701773, 8.449792, 27.955342, 6.83898, 83.806356, 75.486495, 3.89291, -46.752685, -14.019989, 28.102367, -60.977437, 74.743317]",sg_to_us,"[0, 1, 2, 3, 4, 5, 6, 7, 8, 9, 10, 11, 12, 13, 14, 15, 16, 17, 18, 19, 20, 21, 22, 23, 24, 25, 26, 27, 28, 29, 30, 31, 32, 33, 34, 35, 36, 37, 38, 39, 40, 41, 42, 43, 44, 45, 46, 47, 48, 49, 50, 51, 52, 53, 54, 55, 56, 57, 58, 59, 60, 61, 62, 63, 64, 65, 66, 67, 68, 69, 70, 71, 72, 73, 74, 75, 76, 77, 78, 79, 80, 81, 82, 83, 84, 85, 86, 87, 88, 89, 90, 91, 92, 93, 94, 95, 96, 97, 98, 99]",0.9780556767995897
reference-itemwise,"{'median_reduction': 11770996934165350186, 'median_difference': 5876432373306142666, 'rank_biserial': 10804386438997095092}",preswap-sg-primary-v3-final,primary,phase-coalesced-itemwise,phase_coalescing_vs_reference,1,critical-pair-wall,sg_primary,1.0,one-pair:exploratory,40,,9,-0.26550252333545343,"[-20.247533, 16.7959175]",-8.257645,"[-1.3233928431789737, 1.1510456364390258]",-0.4690833756201157,100,5,"[-0.2732673267326733, 0.1786138613861386]",-0.04673267326732673,"[84.795362, 23.397728, 63.566874, 11.103768, 72.135566, -76.618005, 48.718855, -105.988341, -27.533772, -71.168444, 88.387314, -32.562363, -111.452193, 80.249022, -1.724865, -26.034222, -138.984716, 56.371027, 21.015293, 104.595383, 147.681951, 5.083524, -8.060737, 22.847624, -100.529202, 79.561757, 39.451042, -73.63247, -3.533905, 83.089127, -93.691805, -16.959271, 100.236892, 53.123292, 139.063269, -115.45263, -34.392459, 96.317911, -39.400752, 74.523129, -5.14891, -20.247533, -9.500272, -136.251528, 22.488067, -51.807248, -99.426827, 81.773948, 5.046689, -57.83003, -94.523562, 176.861778, -59.904367, 96.568554, -67.5799, 70.429759, -149.507652, 22.388403, -64.278464, -25.341794, -110.074954, -30.74828, -31.662216, 24.280052, -90.318608, -67.807247, -14.30867, 117.033838, -47.73351, 86.710688, -98.285322, 8.102135, 49.435297, 73.215324, 67.09117, 38.663171, -17.608866, -8.513727, -12.846664, 52.420415, -166.729117, -79.729156, -3.520937, -81.483804, -187.0013, -61.731167, 27.827936, -9.230649, 49.95696, -89.456396, 134.646622, -67.872679, 31.914586, 92.996541, -26.788571, 117.440306, 54.038344, -8.454553, -65.029765, -12.07574]",sg_to_us,"[0, 1, 2, 3, 4, 5, 6, 7, 8, 9, 10, 11, 12, 13, 14, 15, 16, 17, 18, 19, 20, 21, 22, 23, 24, 25, 26, 27, 28, 29, 30, 31, 32, 33, 34, 35, 36, 37, 38, 39, 40, 41, 42, 43, 44, 45, 46, 47, 48, 49, 50, 51, 52, 53, 54, 55, 56, 57, 58, 59, 60, 61, 62, 63, 64, 65, 66, 67, 68, 69, 70, 71, 72, 73, 74, 75, 76, 77, 78, 79, 80, 81, 82, 83, 84, 85, 86, 87, 88, 89, 90, 91, 92, 93, 94, 95, 96, 97, 98, 99]",0.6849466319950608
phase-coalesced-itemwise,"{'median_reduction': 1114728559919853560, 'median_difference': 15383057886726722660, 'rank_biserial': 136342969685241538}",preswap-sg-primary-v3-final,primary,batch-joint-presigning-itemwise,batch_joint_presigning_vs_phase_coalesced_itemwise,1,critical-pair-wall,sg_primary,1.0,one-pair:exploratory,40,,9,-0.5136874478135295,"[-11.657928, 10.71038]",-0.7756705,"[-0.6884170695197249, 0.61940170437409]",-0.04438855798461548,100,5,"[-0.3093069306930693, 0.14178217821782177]",-0.08633663366336633,"[-136.26265, -48.111221, -1.295614, 7.441932, -153.429855, 10.397161, 37.092337, 1.396337, 57.638157, 47.262692, -64.985742, -74.825742, 36.138377, -35.692415, 54.929647, 8.897697, 71.690963, -10.168376, -62.295285, -15.499739, -154.385312, -122.013047, 10.71038, 15.502252, 98.37935, 45.418692, -44.229535, 67.04056, -81.48209, -6.092245, 55.827043, -4.685754, -88.223244, 29.815068, -54.401667, 74.689843, 57.730314, -85.862948, -2.336617, -49.26685, -97.281897, -11.35391, -85.299336, 19.599695, -0.255727, -28.853856, 87.996637, -11.657928, -161.187865, 96.68315, 41.829213, -159.487195, 80.956608, -4.794796, 34.34183, -100.626033, 47.57511, 48.336276, -15.478156, -57.358955, 56.423131, -121.347065, 41.171005, -9.304901, -28.282671, -74.323977, 37.905978, -154.054733, -61.557441, -57.920095, 74.28126, 114.698348, -18.690209, -112.891356, -43.946733, 41.739368, -32.271784, -12.505785, 55.97882, 49.406861, 81.174911, 151.08141, -5.265388, 49.374683, 56.40943, 45.659913, -111.411937, 8.312612, 55.743271, 148.697073, -70.190502, -80.488343, 44.572376, 20.294415, 11.752942, -35.466961, -115.207935, 6.184966, -0.0925, 2.280377]",sg_to_us,"[0, 1, 2, 3, 4, 5, 6, 7, 8, 9, 10, 11, 12, 13, 14, 15, 16, 17, 18, 19, 20, 21, 22, 23, 24, 25, 26, 27, 28, 29, 30, 31, 32, 33, 34, 35, 36, 37, 38, 39, 40, 41, 42, 43, 44, 45, 46, 47, 48, 49, 50, 51, 52, 53, 54, 55, 56, 57, 58, 59, 60, 61, 62, 63, 64, 65, 66, 67, 68, 69, 70, 71, 72, 73, 74, 75, 76, 77, 78, 79, 80, 81, 82, 83, 84, 85, 86, 87, 88, 89, 90, 91, 92, 93, 94, 95, 96, 97, 98, 99]",0.45352287270111424
reference-itemwise,"{'median_reduction': 18228599335371240754, 'median_difference': 15784405280354209927, 'rank_biserial': 9579642798463000907}",preswap-sg-primary-v3-final,primary,batch-joint-presigning-itemwise,batch_joint_presigning_vs_reference,1,critical-pair-wall,sg_primary,1.0,one-pair:exploratory,40,,9,-0.6860145059229004,"[-24.713493, 10.7612185]",-9.290844,"[-1.5089706987100864, 0.6002794109483793]",-0.5136115156093553,100,5,"[-0.38415841584158417, 0.06297029702970297]",-0.1615841584158416,"[-51.467288, -24.713493, 62.27126, 18.5457, -81.294289, -66.220844, 85.811192, -104.592004, 30.104385, -23.905752, 23.401572, -107.388105, -75.313816, 44.556607, 53.204782, -17.136525, -67.293753, 46.202651, -41.279992, 89.095644, -6.703361, -116.929523, 2.649643, 38.349876, -2.149852, 124.980449, -4.778493, -6.59191, -85.015995, 76.996882, -37.864762, -21.645025, 12.013648, 82.93836, 84.661602, -40.762787, 23.337855, 10.454963, -41.737369, 25.256279, -102.430807, -31.601443, -94.799608, -116.651833, 22.23234, -80.661104, -11.43019, 70.11602, -156.141176, 38.85312, -52.694349, 17.374583, 21.052241, 91.773758, -33.23807, -30.196274, -101.932542, 70.724679, -79.75662, -82.700749, -53.651823, -152.095345, 9.508789, 14.975151, -118.601279, -142.131224, 23.597308, -37.020895, -109.290951, 28.790593, -24.004062, 122.800483, 30.745088, -39.676032, 23.144437, 80.402539, -49.88065, -21.019512, 43.132156, 101.827276, -85.554206, 71.352254, -8.786325, -32.109121, -130.59187, -16.071254, -83.584001, -0.918037, 105.700231, 59.240677, 64.45612, -148.361022, 76.486962, 113.290956, -15.035629, 81.973345, -61.169591, -2.269587, -65.122265, -9.795363]",sg_to_us,"[0, 1, 2, 3, 4, 5, 6, 7, 8, 9, 10, 11, 12, 13, 14, 15, 16, 17, 18, 19, 20, 21, 22, 23, 24, 25, 26, 27, 28, 29, 30, 31, 32, 33, 34, 35, 36, 37, 38, 39, 40, 41, 42, 43, 44, 45, 46, 47, 48, 49, 50, 51, 52, 53, 54, 55, 56, 57, 58, 59, 60, 61, 62, 63, 64, 65, 66, 67, 68, 69, 70, 71, 72, 73, 74, 75, 76, 77, 78, 79, 80, 81, 82, 83, 84, 85, 86, 87, 88, 89, 90, 91, 92, 93, 94, 95, 96, 97, 98, 99]",0.16066558919960083
batch-joint-presigning-itemwise,"{'median_reduction': 10804983055705609361, 'median_difference': 10440809874418808478, 'rank_biserial': 402311775516627162}",preswap-sg-primary-v3-final,primary,batch-joint-presigning-batch-verification,batch_verification_with_batch_joint_presigning,1,critical-pair-wall,sg_primary,0.25542840433655317,one-pair:H1-aggregate-within-shared,8,,9,0.5672327861528264,"[-4.136298, 30.5086035]",11.445091999999999,"[-0.2292320365716069, 1.6856297142505714]",0.6443494733597668,100,5,"[-0.04554455445544554, 0.38772277227722773]",0.17544554455445543,"[78.376205, 22.480945, 19.400882, -5.185824, 193.509796, 11.806969, -91.272322, 43.763552, -67.548896, -45.669601, 64.12357, 14.7515, -35.318799, 42.075694, -51.110177, -31.047863, -32.177373, 113.220092, 56.357837, -70.768285, 132.123302, 142.174247, -19.862726, 39.845352, -90.118141, -45.696996, 69.858185, 26.122674, 44.930191, -73.808341, 56.407689, 15.325165, 34.99153, 62.60338, -72.960412, 7.714752, -41.360211, -21.250957, 11.714511, -8.216815, 84.669096, 35.771266, 167.636504, 96.587736, -40.074051, 107.015913, -20.582464, 11.175673, 157.281803, -2.792049, 58.573304, 48.329593, -61.281293, -28.268611, -87.652836, 28.599811, 56.987581, -74.316057, 87.139043, 6.673378, -4.136298, 79.649524, -101.507255, 52.520046, 114.788817, 40.992775, 7.540401, -18.21758, 94.778648, 43.642946, -69.059257, -122.123567, 55.30993, 75.870479, -45.820465, -5.368408, 94.497149, 5.533229, -83.329142, -141.895082, -36.159561, -33.607013, -108.678747, 35.345258, 32.417396, 82.437551, -2.009549, -83.055021, -25.998458, -50.790885, -36.500778, 155.200002, 7.319394, -37.804461, 18.928539, -128.72603, 47.149602, 30.371954, 4.144828, 84.53868]",sg_to_us,"[0, 1, 2, 3, 4, 5, 6, 7, 8, 9, 10, 11, 12, 13, 14, 15, 16, 17, 18, 19, 20, 21, 22, 23, 24, 25, 26, 27, 28, 29, 30, 31, 32, 33, 34, 35, 36, 37, 38, 39, 40, 41, 42, 43, 44, 45, 46, 47, 48, 49, 50, 51, 52, 53, 54, 55, 56, 57, 58, 59, 60, 61, 62, 63, 64, 65, 66, 67, 68, 69, 70, 71, 72, 73, 74, 75, 76, 77, 78, 79, 80, 81, 82, 83, 84, 85, 86, 87, 88, 89, 90, 91, 92, 93, 94, 95, 96, 97, 98, 99]",0.12771420216827659
phase-coalesced-itemwise,"{'median_reduction': 254107802123833875, 'median_difference': 16510831262596414389, 'rank_biserial': 12455807601902245043}",preswap-sg-primary-v3-final,primary,phase-coalesced-batch-verification,batch_verification_with_phase_coalescing,1,critical-pair-wall,sg_primary,1.0,one-pair:exploratory,40,,9,-0.27778603425286486,"[-28.0214955, 25.762893]",-3.0502545000000003,"[-1.485019218095224, 1.4418237943387653]",-0.170950761609435,100,5,"[-0.2724752475247525, 0.1714851485148515]",-0.05465346534653465,"[-93.910137, 31.113271, -75.75803, 19.984698, -48.003565, -5.287523, -5.7028, 7.849799, -91.957191, 59.158226, -79.519384, -88.57601, 85.4855, -50.256328, 86.0922, -61.177411, 50.658411, 42.07348, 98.138423, -82.511247, -31.821984, -100.92904, -53.596851, -24.221007, -61.443025, -109.20683, 41.005194, 98.535044, -69.250203, -120.410987, 113.601077, -33.715177, -66.520049, 97.551958, -158.093274, 20.878798, 73.572307, -77.455658, -11.140966, 18.787991, -41.617095, -36.044802, 51.862613, 167.639874, -6.829396, 79.346025, 40.484028, 28.570712, -68.760091, 146.031588, 22.533305, -49.275702, -20.36333, -24.446673, 34.660422, -76.033747, 79.212488, 26.613834, 83.978256, -88.591492, 68.063145, 28.266233, 38.410181, 25.762893, -11.610747, -78.497487, -41.246537, -36.067601, 77.646792, 62.239694, 4.583385, -20.051993, -0.812986, -125.438082, -80.756399, 28.792143, 37.007376, -42.961805, -6.244132, 45.85438, 97.022959, 79.598661, -36.548364, 46.76278, 64.37033, 39.086297, -159.595038, 16.729376, 30.973561, 0.779468, -84.885788, 100.149896, -81.514649, -112.675751, 45.4408, -121.181566, -83.306472, 91.153664, -54.424863, 116.610437]",sg_to_us,"[0, 1, 2, 3, 4, 5, 6, 7, 8, 9, 10, 11, 12, 13, 14, 15, 16, 17, 18, 19, 20, 21, 22, 23, 24, 25, 26, 27, 28, 29, 30, 31, 32, 33, 34, 35, 36, 37, 38, 39, 40, 41, 42, 43, 44, 45, 46, 47, 48, 49, 50, 51, 52, 53, 54, 55, 56, 57, 58, 59, 60, 61, 62, 63, 64, 65, 66, 67, 68, 69, 70, 71, 72, 73, 74, 75, 76, 77, 78, 79, 80, 81, 82, 83, 84, 85, 86, 87, 88, 89, 90, 91, 92, 93, 94, 95, 96, 97, 98, 99]",0.6351513625895362
phase-coalesced-batch-verification,"{'median_reduction': 170190234492002566, 'median_difference': 13326359085702875670, 'rank_biserial': 9348923910364713388}",preswap-sg-primary-v3-final,primary,batch-joint-presigning-batch-verification,batch_joint_presigning_vs_phase_coalesced_aggregate,1,critical-pair-wall,sg_primary,1.0,one-pair:H2-envelope-beyond-phase-coalescing,8,,9,0.3511747378440244,"[-5.13351, 28.501768]",12.9575545,"[-0.29670026930876425, 1.569511405437394]",0.7141243807987807,100,5,"[-0.07524752475247524, 0.3786138613861386]",0.15485148514851485,"[36.023692, -56.743547, 93.863298, -17.72859, 88.083506, 27.491653, -48.477185, 37.31009, 82.046452, -57.565135, 78.657212, 28.501768, -84.665922, 56.639607, -82.27273, 39.027245, -11.144821, 60.978236, -104.075871, -3.756777, 9.559974, 121.09024, 44.444505, 79.568611, 69.704234, 108.928526, -15.376544, -5.37181, 32.698304, 40.510401, -1.366345, 44.354588, 13.288335, -5.13351, 30.731195, 61.525797, -57.202204, -29.658247, 20.51886, -76.271656, 29.004294, 60.462158, 30.474555, -51.452443, -33.500382, -1.183968, 26.930145, -29.052967, 64.854029, -52.140487, 77.869212, -61.8819, 40.038645, -8.616734, -87.971428, 4.007525, 25.350203, -52.593615, -12.317369, 37.905915, -15.776312, -69.963774, -98.746431, 17.452252, 98.116893, 45.166285, 86.692916, -136.204712, -44.425585, -76.516843, 0.638618, 12.626774, 37.432707, 88.417205, -9.010799, 7.578817, 25.217989, 35.989249, -21.10619, -138.342601, -52.007609, 37.875736, -77.395771, 37.957161, 24.456496, 89.011167, 46.173552, -91.471785, -1.228748, 97.12672, -21.805492, -25.438237, 133.406419, 95.165705, -14.759319, -43.011425, 15.248139, -54.596744, 58.477191, -29.79138]",sg_to_us,"[0, 1, 2, 3, 4, 5, 6, 7, 8, 9, 10, 11, 12, 13, 14, 15, 16, 17, 18, 19, 20, 21, 22, 23, 24, 25, 26, 27, 28, 29, 30, 31, 32, 33, 34, 35, 36, 37, 38, 39, 40, 41, 42, 43, 44, 45, 46, 47, 48, 49, 50, 51, 52, 53, 54, 55, 56, 57, 58, 59, 60, 61, 62, 63, 64, 65, 66, 67, 68, 69, 70, 71, 72, 73, 74, 75, 76, 77, 78, 79, 80, 81, 82, 83, 84, 85, 86, 87, 88, 89, 90, 91, 92, 93, 94, 95, 96, 97, 98, 99]",0.17882391733984515
additive_session_and_verification_main_effects,"{'median_reduction': 11937297606382298468, 'median_difference': 438464308820698043, 'rank_biserial': 11863977189896814130}",preswap-sg-primary-v3-final,primary,observed_combined_shared_aggregate_effect,session_verification_interaction,1,critical-pair-wall-interaction,sg_primary,1.0,one-pair:exploratory,40,shared_itemwise + independent_aggregate - independent_itemwise - shared_aggregate; positive values mean the combined method saves more wall time than the sum of the two isolated main effects,9,0.9300148848417945,"[-13.164046, 39.143594]",20.352749000000003,"[-0.8046999137250395, 2.1844996459635175]",1.1571906511571666,100,5,"[-0.06099009900990099, 0.3782178217821782]",0.1615841584158416,"[172.286342, -8.632326, 95.158912, -25.170522, 241.513361, 17.094492, -85.569522, 35.913753, 24.408295, -104.827827, 143.642954, 103.32751, -120.804299, 92.332022, -137.202377, 30.129548, -82.835784, 71.146612, -41.780586, 11.742962, 163.945286, 243.103287, 33.734125, 64.066359, -28.675116, 63.509834, 28.852991, -72.41237, 114.180394, 46.602646, -57.193388, 49.040342, 101.511579, -34.948578, 85.132862, -13.164046, -114.932518, 56.204701, 22.855477, -27.004806, 126.286191, 71.816068, 115.773891, -71.052138, -33.244655, 27.669888, -61.066492, -17.395039, 226.041894, -148.823637, 36.039999, 97.605295, -40.917963, -3.821938, -122.313258, 104.633558, -22.224907, -100.929891, 3.160787, 95.26487, -72.199443, 51.383291, -139.917436, 26.757153, 126.399564, 119.490262, 48.786938, 17.850021, 17.131856, -18.596748, -73.642642, -102.071574, 56.122916, 201.308561, 34.935934, -34.160551, 57.489773, 48.495034, -77.08501, -187.749462, -133.18252, -113.205674, -72.130383, -11.417522, -31.952934, 43.351254, 157.585489, -99.784397, -56.972019, -51.570353, 48.38501, 55.050106, 88.834043, 74.87129, -26.512261, -7.544464, 130.456074, -60.78171, 58.569691, -32.071757]",sg_to_us,"[0, 1, 2, 3, 4, 5, 6, 7, 8, 9, 10, 11, 12, 13, 14, 15, 16, 17, 18, 19, 20, 21, 22, 23, 24, 25, 26, 27, 28, 29, 30, 31, 32, 33, 34, 35, 36, 37, 38, 39, 40, 41, 42, 43, 44, 45, 46, 47, 48, 49, 50, 51, 52, 53, 54, 55, 56, 57, 58, 59, 60, 61, 62, 63, 64, 65, 66, 67, 68, 69, 70, 71, 72, 73, 74, 75, 76, 77, 78, 79, 80, 81, 82, 83, 84, 85, 86, 87, 88, 89, 90, 91, 92, 93, 94, 95, 96, 97, 98, 99]",0.16066558919960083
reference-itemwise,"{'median_reduction': 1034638542651822873, 'median_difference': 18085821067756387735, 'rank_biserial': 292164873578990904}",preswap-sg-primary-v3-final,primary,batch-joint-presigning-batch-verification,complete_method_vs_reference,1,critical-pair-wall,sg_primary,3.1172478760767274e-17,one-pair:H3-secondary-system-contrast,8,,15,18.85618573993089,"[411.278188, 447.828291]",432.394162,"[18.61633183749111, 19.962982981838294]",19.09020002133125,100,8,"[1.0, 1.0]",1.0,"[449.032883, 279.130789, 414.287121, 489.794992, 338.103752, 312.252597, 373.288335, 385.315713, 414.182676, 469.140057, 280.857977, 470.086434, 383.598683, 404.659617, 423.895192, 487.24765, 492.915872, 199.790284, 280.783998, 525.785117, 113.306689, 311.249065, 224.550551, 416.263803, 547.428748, 271.706572, 565.44708, 412.748147, 321.792432, 504.961184, 384.550767, 432.712935, 492.21937, 612.07984, 537.595727, 313.503357, 398.620595, 378.601811, 481.101913, 408.269255, 432.249612, 512.098619, 586.410665, 522.082564, 487.082877, 379.622026, 488.122928, 344.392301, 449.92537, 401.098895, 433.434951, 390.110775, 421.053727, 432.538712, 389.91023, 314.175199, 493.308355, 433.36675, 478.479496, 596.298723, 433.383204, 380.230813, 509.300286, 493.013945, 460.189415, 435.651309, 525.301452, 384.402692, 479.390568, 385.015136, 346.95462, 477.078297, 405.65321, 418.611174, 501.150751, 440.295114, 336.011277, 311.75438, 506.295007, 350.876971, 535.290083, 508.33975, 433.131043, 415.750263, 442.432239, 208.317543, 368.149156, 510.751272, 423.490514, 605.110725, 394.511164, 511.119339, 173.499621, 477.127099, 173.075814, 456.564751, 317.275735, 537.832232, 447.828291, 464.033878]",sg_to_us,"[0, 1, 2, 3, 4, 5, 6, 7, 8, 9, 10, 11, 12, 13, 14, 15, 16, 17, 18, 19, 20, 21, 22, 23, 24, 25, 26, 27, 28, 29, 30, 31, 32, 33, 34, 35, 36, 37, 38, 39, 40, 41, 42, 43, 44, 45, 46, 47, 48, 49, 50, 51, 52, 53, 54, 55, 56, 57, 58, 59, 60, 61, 62, 63, 64, 65, 66, 67, 68, 69, 70, 71, 72, 73, 74, 75, 76, 77, 78, 79, 80, 81, 82, 83, 84, 85, 86, 87, 88, 89, 90, 91, 92, 93, 94, 95, 96, 97, 98, 99]",3.896559845095909e-18
reference-itemwise,"{'median_reduction': 17909351472610553207, 'median_difference': 2302858498072853821, 'rank_biserial': 11796650827375720205}",preswap-sg-primary-v3-final,primary,phase-coalesced-itemwise,phase_coalescing_vs_reference,1,critical-pair-wall,sg_primary,1.5586239380383637e-16,one-pair:exploratory,40,,15,18.44225075924827,"[394.497975, 437.448171]",416.463438,"[17.837058632923906, 19.53679304184996]",18.621059911484014,100,8,"[1.0, 1.0]",1.0,"[491.595088, 392.264545, 453.466088, 457.270069, 290.379176, 382.35045, 353.192068, 347.144051, 426.938276, 411.201957, 343.591919, 528.19775, 498.778674, 350.8406, 362.41825, 343.010497, 609.517665, 249.295689, 372.767646, 537.6774, 249.330352, 324.328117, 247.068875, 406.43084, 517.124232, 125.484826, 569.18822, 410.481228, 326.915038, 470.526018, 388.871322, 327.004948, 397.22323, 584.513691, 540.052742, 381.668908, 322.038385, 237.564727, 486.186241, 331.886893, 429.21107, 501.45753, 573.879691, 472.21933, 496.097932, 443.044558, 452.638076, 248.903781, 453.42353, 440.000989, 418.357009, 532.260157, 494.684084, 409.662133, 351.925455, 327.118964, 461.944752, 394.497975, 388.69144, 566.423647, 340.244042, 402.325538, 411.076738, 423.824324, 346.070691, 393.232019, 449.059256, 420.025604, 483.59474, 394.587615, 425.32731, 349.71782, 421.007954, 458.464308, 561.143606, 382.604211, 251.323511, 455.561576, 472.85471, 367.84801, 472.400165, 484.911553, 463.783221, 419.047062, 364.202189, 219.29565, 414.569867, 437.448171, 520.67251, 568.13816, 382.356861, 609.853092, 144.607966, 443.733134, 117.977357, 532.541481, 249.706424, 507.013461, 431.431348, 377.790069]",sg_to_us,"[0, 1, 2, 3, 4, 5, 6, 7, 8, 9, 10, 11, 12, 13, 14, 15, 16, 17, 18, 19, 20, 21, 22, 23, 24, 25, 26, 27, 28, 29, 30, 31, 32, 33, 34, 35, 36, 37, 38, 39, 40, 41, 42, 43, 44, 45, 46, 47, 48, 49, 50, 51, 52, 53, 54, 55, 56, 57, 58, 59, 60, 61, 62, 63, 64, 65, 66, 67, 68, 69, 70, 71, 72, 73, 74, 75, 76, 77, 78, 79, 80, 81, 82, 83, 84, 85, 86, 87, 88, 89, 90, 91, 92, 93, 94, 95, 96, 97, 98, 99]",3.896559845095909e-18
phase-coalesced-itemwise,"{'median_reduction': 17749433257127509233, 'median_difference': 11681316453679356377, 'rank_biserial': 7620196396204016074}",preswap-sg-primary-v3-final,primary,batch-joint-presigning-itemwise,batch_joint_presigning_vs_phase_coalesced_itemwise,1,critical-pair-wall,sg_primary,1.0,one-pair:exploratory,40,,15,-0.2669012815884419,"[-20.378, 13.579208000000001]",0.97895,"[-1.1620638352968773, 0.8196976200876191]",0.054493708009006145,100,8,"[-0.28316831683168314, 0.16871287128712872]",-0.05702970297029703,"[-32.5513, -26.960181, -63.865396, 23.401827, 47.291584, 24.426262, 108.256688, 14.906729, 7.870259, 31.872479, -54.660647, -109.956658, -122.700111, 1.514038, 79.72726, 3.33762, -96.36911, -1.301218, -96.570183, -149.059867, -122.890595, -46.509146, -21.214551, 50.176671, -118.506669, 87.489145, -69.082534, 103.996046, 0.443862, 92.384015, -8.362254, 80.09952, 64.245939, 23.877068, 80.028713, 18.788513, 27.081967, 80.915271, -79.32215, -76.881005, -63.31817, 1.987909, -49.623353, -111.756633, -54.399895, -135.888882, -22.291985, 130.850571, 159.71949, 17.096713, 32.009081, -46.008198, -5.739489, 43.895587, 39.448014, -12.168325, -20.378, 4.101428, -8.035373, 51.523022, 6.443645, -110.19068, 69.492875, 5.422089, 160.913225, -36.715554, 41.665192, 42.848968, -5.28066, -67.396397, -88.161161, 63.057493, 97.074449, 31.630346, -22.895921, 15.867752, 102.769139, -87.805126, -102.232925, -19.390731, -46.208847, -54.108796, 35.88603, 1.688243, 19.92741, -96.050746, -39.201747, 27.791552, -121.832313, -54.376687, -67.284261, -66.775693, 41.524387, -22.389561, -22.182129, -6.713892, 158.362366, 84.322829, 10.061703, 74.483604]",sg_to_us,"[0, 1, 2, 3, 4, 5, 6, 7, 8, 9, 10, 11, 12, 13, 14, 15, 16, 17, 18, 19, 20, 21, 22, 23, 24, 25, 26, 27, 28, 29, 30, 31, 32, 33, 34, 35, 36, 37, 38, 39, 40, 41, 42, 43, 44, 45, 46, 47, 48, 49, 50, 51, 52, 53, 54, 55, 56, 57, 58, 59, 60, 61, 62, 63, 64, 65, 66, 67, 68, 69, 70, 71, 72, 73, 74, 75, 76, 77, 78, 79, 80, 81, 82, 83, 84, 85, 86, 87, 88, 89, 90, 91, 92, 93, 94, 95, 96, 97, 98, 99]",0.6205162798090659
reference-itemwise,"{'median_reduction': 4206392556874740978, 'median_difference': 9314637820225872304, 'rank_biserial': 10002247556984363809}",preswap-sg-primary-v3-final,primary,batch-joint-presigning-itemwise,batch_joint_presigning_vs_reference,1,critical-pair-wall,sg_primary,1.5586239380383637e-16,one-pair:exploratory,40,,15,18.281939261442098,"[389.600692, 436.147904]",407.586629,"[17.659690130103296, 19.3993633656356]",18.680628763825176,100,8,"[1.0, 1.0]",1.0,"[459.043788, 365.304364, 389.600692, 480.671896, 337.67076, 406.776712, 461.448756, 362.05078, 434.808535, 443.074436, 288.931272, 418.241092, 376.078563, 352.354638, 442.14551, 346.348117, 513.148555, 247.994471, 276.197463, 388.617533, 126.439757, 277.818971, 225.854324, 456.607511, 398.617563, 212.973971, 500.105686, 514.477274, 327.3589, 562.910033, 380.509068, 407.104468, 461.469169, 608.390759, 620.081455, 400.457421, 349.120352, 318.479998, 406.864091, 255.005888, 365.8929, 503.445439, 524.256338, 360.462697, 441.698037, 307.155676, 430.346091, 379.754352, 613.14302, 457.097702, 450.36609, 486.251959, 488.944595, 453.55772, 391.373469, 314.950639, 441.566752, 398.599403, 380.656067, 617.946669, 346.687687, 292.134858, 480.569613, 429.246413, 506.983916, 356.516465, 490.724448, 462.874572, 478.31408, 327.191218, 337.166149, 412.775313, 518.082403, 490.094654, 538.247685, 398.471963, 354.09265, 367.75645, 370.621785, 348.457279, 426.191318, 430.802757, 499.669251, 420.735305, 384.129599, 123.244904, 375.36812, 465.239723, 398.840197, 513.761473, 315.0726, 543.077399, 186.132353, 421.343573, 95.795228, 525.827589, 408.06879, 591.33629, 441.493051, 452.273673]",sg_to_us,"[0, 1, 2, 3, 4, 5, 6, 7, 8, 9, 10, 11, 12, 13, 14, 15, 16, 17, 18, 19, 20, 21, 22, 23, 24, 25, 26, 27, 28, 29, 30, 31, 32, 33, 34, 35, 36, 37, 38, 39, 40, 41, 42, 43, 44, 45, 46, 47, 48, 49, 50, 51, 52, 53, 54, 55, 56, 57, 58, 59, 60, 61, 62, 63, 64, 65, 66, 67, 68, 69, 70, 71, 72, 73, 74, 75, 76, 77, 78, 79, 80, 81, 82, 83, 84, 85, 86, 87, 88, 89, 90, 91, 92, 93, 94, 95, 96, 97, 98, 99]",3.896559845095909e-18
batch-joint-presigning-itemwise,"{'median_reduction': 348095324584194871, 'median_difference': 17757138514561433596, 'rank_biserial': 1230520485696661844}",preswap-sg-primary-v3-final,primary,batch-joint-presigning-batch-verification,batch_verification_with_batch_joint_presigning,1,critical-pair-wall,sg_primary,0.2367616118111351,one-pair:H1-aggregate-within-shared,8,,15,0.6248585879252886,"[-1.1193395, 29.740437]",8.08665,"[-0.07190818657319346, 1.649573412824948]",0.4465335982529933,100,8,"[-0.019801980198019802, 0.4162376237623762]",0.2023762376237624,"[-10.010905, -86.173575, 24.686429, 9.123096, 0.432992, -94.524115, -88.160421, 23.264933, -20.625859, 26.065621, -8.073295, 51.845342, 7.52012, 52.304979, -18.250318, 140.899533, -20.232683, -48.204187, 4.586535, 137.167584, -13.133068, 33.430094, -1.303773, -40.343708, 148.811185, 58.732601, 65.341394, -101.729127, -5.566468, -57.948849, 4.041699, 25.608467, 30.750201, 3.689081, -82.485728, -86.954064, 49.500243, 60.121813, 74.237822, 153.263367, 66.356712, 8.65318, 62.154327, 161.619867, 45.38484, 72.46635, 57.776837, -35.362051, -163.21765, -55.998807, -16.931139, -96.141184, -67.890868, -21.019008, -1.463239, -0.77544, 51.741603, 34.767347, 97.823429, -21.647946, 86.695517, 88.095955, 28.730673, 63.767532, -46.794501, 79.134844, 34.577004, -78.47188, 1.076488, 57.823918, 9.788471, 64.302984, -112.429193, -71.48348, -37.096934, 41.823151, -18.081373, -56.00207, 135.673222, 2.419692, 109.098765, 77.536993, -66.538208, -4.985042, 58.30264, 85.072639, -7.218964, 45.511549, 24.650317, 91.349252, 79.438564, -31.95806, -12.632732, 55.783526, 77.280586, -69.262838, -90.793055, -53.504058, 6.33524, 11.760205]",sg_to_us,"[0, 1, 2, 3, 4, 5, 6, 7, 8, 9, 10, 11, 12, 13, 14, 15, 16, 17, 18, 19, 20, 21, 22, 23, 24, 25, 26, 27, 28, 29, 30, 31, 32, 33, 34, 35, 36, 37, 38, 39, 40, 41, 42, 43, 44, 45, 46, 47, 48, 49, 50, 51, 52, 53, 54, 55, 56, 57, 58, 59, 60, 61, 62, 63, 64, 65, 66, 67, 68, 69, 70, 71, 72, 73, 74, 75, 76, 77, 78, 79, 80, 81, 82, 83, 84, 85, 86, 87, 88, 89, 90, 91, 92, 93, 94, 95, 96, 97, 98, 99]",0.07892053727037836
phase-coalesced-itemwise,"{'median_reduction': 5660401936057329682, 'median_difference': 2215450927107155592, 'rank_biserial': 11276288249424278978}",preswap-sg-primary-v3-final,primary,phase-coalesced-batch-verification,batch_verification_with_phase_coalescing,1,critical-pair-wall,sg_primary,1.0,one-pair:exploratory,40,,15,0.35613888681850175,"[4.917614, 26.2260875]",16.110355,"[0.2712751007307293, 1.4053288082988031]",0.9024903798294743,100,8,"[-0.0594059405940594, 0.38732673267326734]",0.16435643564356436,"[33.843793, 11.435634, 28.180524, -55.61665, 69.670835, 32.02374, 45.013557, 58.114849, 110.736326, 31.554148, 45.343721, 13.422665, 39.429388, 56.226102, 147.94808, 85.325001, -167.549346, -59.562834, -86.181973, -135.628982, -42.288325, 47.620992, -55.905686, 4.917614, -135.429067, 85.065961, -21.277763, 24.102567, 41.439655, -74.534795, -87.497511, 116.041887, 4.768611, -65.581282, 56.762415, -34.124416, 2.024679, 112.303147, -97.588215, 96.361123, 13.097094, -54.339521, -131.779408, -13.131413, -55.483367, -38.431309, -25.207527, 124.097707, 25.41904, 14.991769, -55.140026, -70.675308, -52.47582, 39.211535, 47.212554, 82.03413, 32.560534, -21.976763, 19.727028, 17.585538, 12.698856, 0.008367, 22.189024, 27.267479, 63.652359, 3.221547, -39.251611, 20.335992, 27.033135, 38.795646, -4.683849, 129.700216, 19.434216, 47.653273, 6.800246, 33.736146, 175.110449, -37.300663, -10.61293, 9.196979, -37.416623, -30.974992, 23.85118, 9.539319, 38.342164, -156.831921, 131.126731, -55.117669, -12.47225, -76.800499, 54.847656, -161.007942, 84.090872, 17.228941, 20.178851, 5.480592, 75.456738, 105.432421, 48.844366, -38.307674]",sg_to_us,"[0, 1, 2, 3, 4, 5, 6, 7, 8, 9, 10, 11, 12, 13, 14, 15, 16, 17, 18, 19, 20, 21, 22, 23, 24, 25, 26, 27, 28, 29, 30, 31, 32, 33, 34, 35, 36, 37, 38, 39, 40, 41, 42, 43, 44, 45, 46, 47, 48, 49, 50, 51, 52, 53, 54, 55, 56, 57, 58, 59, 60, 61, 62, 63, 64, 65, 66, 67, 68, 69, 70, 71, 72, 73, 74, 75, 76, 77, 78, 79, 80, 81, 82, 83, 84, 85, 86, 87, 88, 89, 90, 91, 92, 93, 94, 95, 96, 97, 98, 99]",0.15360733419330938
phase-coalesced-batch-verification,"{'median_reduction': 1562628993201499200, 'median_difference': 3506355559264249883, 'rank_biserial': 17124156181877559727}",preswap-sg-primary-v3-final,primary,batch-joint-presigning-batch-verification,batch_joint_presigning_vs_phase_coalesced_aggregate,1,critical-pair-wall,sg_primary,1.0,one-pair:H2-envelope-beyond-phase-coalescing,8,,15,-0.00953923712289901,"[-21.946259, 20.0598905]",-8.557603,"[-1.209829964201022, 1.1062252778907293]",-0.4800222961502352,100,8,"[-0.2194059405940594, 0.2376237623762376]",0.011881188118811881,"[-76.405998, -124.56939, -67.359491, 88.141573, -21.946259, -102.121593, -24.91729, -19.943187, -123.491926, 26.383952, -108.077663, -71.533981, -154.609379, -2.407085, -86.471138, 58.912152, 50.947553, 10.057429, -5.801675, 123.736699, -93.735338, -60.700044, 33.387362, 4.915349, 165.733583, 61.155785, 17.536623, -21.835648, -46.562261, 108.969961, 83.176956, -10.3339, 90.227529, 93.147431, -59.21943, -34.041135, 74.557531, 28.733937, 92.503887, -19.978761, -10.058552, 64.98061, 144.310382, 62.994647, 46.468312, -24.991223, 60.692379, -28.609187, -28.9172, -53.893863, 70.217968, -71.474074, -21.154537, -16.334956, -9.227779, -94.977895, -1.196931, 60.845538, 70.061028, 12.289538, 80.440306, -22.103092, 76.034524, 41.922142, 50.466365, 39.197743, 115.493807, -55.958904, -31.237307, -48.368125, -73.688841, -2.339739, -34.78896, -87.506407, -66.793101, 23.954757, -90.422683, -106.506533, 44.053227, -26.168018, 100.306541, 54.403189, -54.503358, -12.836118, 39.887886, 145.853814, -177.547442, 128.42077, -84.709746, 113.773064, -42.693353, 62.274189, -55.199217, 16.165024, 34.919606, -81.457322, -7.887427, -74.61365, -32.447423, 124.551483]",sg_to_us,"[0, 1, 2, 3, 4, 5, 6, 7, 8, 9, 10, 11, 12, 13, 14, 15, 16, 17, 18, 19, 20, 21, 22, 23, 24, 25, 26, 27, 28, 29, 30, 31, 32, 33, 34, 35, 36, 37, 38, 39, 40, 41, 42, 43, 44, 45, 46, 47, 48, 49, 50, 51, 52, 53, 54, 55, 56, 57, 58, 59, 60, 61, 62, 63, 64, 65, 66, 67, 68, 69, 70, 71, 72, 73, 74, 75, 76, 77, 78, 79, 80, 81, 82, 83, 84, 85, 86, 87, 88, 89, 90, 91, 92, 93, 94, 95, 96, 97, 98, 99]",0.9178441245028052
additive_session_and_verification_main_effects,"{'median_reduction': 8586477415300126518, 'median_difference': 14405928099643601541, 'rank_biserial': 15625544640807133620}",preswap-sg-primary-v3-final,primary,observed_combined_shared_aggregate_effect,session_verification_interaction,1,critical-pair-wall-interaction,sg_primary,1.0,one-pair:exploratory,40,shared_itemwise + independent_aggregate - independent_itemwise - shared_aggregate; positive values mean the combined method saves more wall time than the sum of the two isolated main effects,15,0.34465955225970213,"[-25.465876, 29.155257]",7.314327,"[-1.3864975494065865, 1.6621370320939362]",0.39638209564488547,100,8,"[-0.1908910891089109, 0.2601980198019802]",0.03643564356435643,"[-43.854698, -97.609209, -3.494095, 64.739746, -69.237843, -126.547855, -133.173978, -34.849916, -131.362185, -5.488527, -53.417016, 38.422677, -31.909268, -3.921123, -166.198398, 55.574532, 147.316663, 11.358647, 90.768508, 272.796566, 29.155257, -14.190898, 54.601913, -45.261322, 284.240252, -26.33336, 86.619157, -125.831694, -47.006123, 16.585946, 91.53921, -90.43342, 25.98159, 69.270363, -139.248143, -52.829648, 47.475564, -52.181334, 171.826037, 56.902244, 53.259618, 62.992701, 193.933735, 174.75128, 100.868207, 110.897659, 82.984364, -159.459758, -188.63669, -70.990576, 38.208887, -25.465876, -15.415048, -60.230543, -48.675793, -82.80957, 19.181069, 56.74411, 78.096401, -39.233484, 73.996661, 88.087588, 6.541649, 36.500053, -110.44686, 75.913297, 73.828615, -98.807872, -25.956647, 19.028272, 14.47232, -65.397232, -131.863409, -119.136753, -43.89718, 8.087005, -193.191822, -18.701407, 146.286152, -6.777287, 146.515388, 108.511985, -90.389388, -14.524361, 19.960476, 241.90456, -138.345695, 100.629218, 37.122567, 168.149751, 24.590908, 129.049882, -96.723604, 38.554585, 57.101735, -74.74343, -166.249793, -158.936479, -42.509126, 50.067879]",sg_to_us,"[0, 1, 2, 3, 4, 5, 6, 7, 8, 9, 10, 11, 12, 13, 14, 15, 16, 17, 18, 19, 20, 21, 22, 23, 24, 25, 26, 27, 28, 29, 30, 31, 32, 33, 34, 35, 36, 37, 38, 39, 40, 41, 42, 43, 44, 45, 46, 47, 48, 49, 50, 51, 52, 53, 54, 55, 56, 57, 58, 59, 60, 61, 62, 63, 64, 65, 66, 67, 68, 69, 70, 71, 72, 73, 74, 75, 76, 77, 78, 79, 80, 81, 82, 83, 84, 85, 86, 87, 88, 89, 90, 91, 92, 93, 94, 95, 96, 97, 98, 99]",0.75175516524754
reference-itemwise,"{'median_reduction': 8236671401232749230, 'median_difference': 17668683850541482095, 'rank_biserial': 6975585386173234967}",preswap-sg-primary-v3-final,primary,batch-joint-presigning-batch-verification,complete_method_vs_reference,1,critical-pair-wall,sg_primary,3.1172478760767274e-17,one-pair:H3-secondary-system-contrast,8,,31,21.927801387815208,"[455.940336, 508.577223]",477.476607,"[20.154782981525365, 22.41820887779481]",20.796534576338296,100,16,"[1.0, 1.0]",1.0,"[442.457192, 704.326742, 428.076013, 526.008399, 786.967734, 334.678108, 324.808141, 449.175069, 637.832527, 337.735407, 353.87161, 455.46, 762.489945, 499.970079, 564.023144, 685.039147, 471.811759, 518.721143, 742.636905, 328.701385, 375.035799, 370.63629, 432.043725, 392.198219, 578.771744, 631.130231, 391.314753, 695.976446, 827.999992, 381.574892, 455.940336, 438.637467, 631.262123, 642.265514, 414.622845, 456.347875, 419.98716, 485.528646, 431.493469, 367.293208, 477.584133, 489.941968, 637.157573, 458.973647, 660.318165, 365.671999, 380.412543, 399.31716, 392.995852, 485.02278, 517.141685, 375.91046, 598.646733, 487.379444, 668.373429, 839.410401, 738.97062, 464.46416, 491.901908, 436.780679, 583.82188, 354.357953, 589.688708, 783.87602, 615.992889, 613.21158, 579.797626, 467.513873, 610.538201, 641.681059, 497.204935, 471.32699, 374.789086, 448.412908, 529.37168, 553.664295, 477.369081, 475.025375, 431.11854, 699.606998, 846.28877, 322.960651, 656.505041, 455.436734, 372.322104, 642.795133, 675.375218, 369.990338, 446.537476, 671.626367, 382.892032, 508.577223, 377.443074, 478.334635, 569.517614, 630.210237, 379.290661, 453.632217, 419.125216, 470.806086]",sg_to_us,"[0, 1, 2, 3, 4, 5, 6, 7, 8, 9, 10, 11, 12, 13, 14, 15, 16, 17, 18, 19, 20, 21, 22, 23, 24, 25, 26, 27, 28, 29, 30, 31, 32, 33, 34, 35, 36, 37, 38, 39, 40, 41, 42, 43, 44, 45, 46, 47, 48, 49, 50, 51, 52, 53, 54, 55, 56, 57, 58, 59, 60, 61, 62, 63, 64, 65, 66, 67, 68, 69, 70, 71, 72, 73, 74, 75, 76, 77, 78, 79, 80, 81, 82, 83, 84, 85, 86, 87, 88, 89, 90, 91, 92, 93, 94, 95, 96, 97, 98, 99]",3.896559845095909e-18
reference-itemwise,"{'median_reduction': 4355513878666731076, 'median_difference': 13500494161549596766, 'rank_biserial': 5056103616737794299}",preswap-sg-primary-v3-final,primary,phase-coalesced-itemwise,phase_coalescing_vs_reference,1,critical-pair-wall,sg_primary,1.5586239380383637e-16,one-pair:exploratory,40,,31,20.966328291362164,"[451.011602, 521.191616]",476.6573455,"[19.59827740601356, 22.271725933670254]",20.825924408589877,100,16,"[1.0, 1.0]",1.0,"[441.008054, 576.851654, 382.638846, 548.630297, 720.906066, 316.706576, 327.263144, 488.441826, 580.744102, 363.158074, 433.273398, 407.715228, 668.996952, 350.147772, 437.545837, 675.483031, 372.04601, 521.191616, 753.503345, 394.583227, 484.191348, 365.080241, 348.320482, 327.417015, 522.441822, 702.348855, 348.755785, 716.095814, 712.96051, 355.388235, 453.210234, 482.192877, 561.313921, 528.080141, 329.403381, 370.466327, 525.816036, 364.258303, 333.596262, 406.670853, 356.152001, 599.32321, 623.563067, 461.511616, 645.848982, 374.163963, 371.966037, 348.952567, 461.808871, 548.913133, 545.139632, 477.547357, 748.27857, 635.820617, 642.011403, 739.876514, 649.53216, 456.942472, 444.872884, 438.771367, 466.017709, 546.730844, 531.30948, 647.007749, 517.732253, 568.567642, 573.498889, 431.896546, 558.069203, 614.848251, 459.594874, 447.431763, 308.812959, 589.007875, 475.767334, 493.882483, 474.392292, 310.718963, 391.614414, 668.841659, 840.181461, 300.812199, 649.050719, 327.387561, 352.911931, 642.626168, 654.280813, 269.947097, 312.071281, 664.768495, 317.083847, 499.885367, 427.661786, 504.23249, 585.307575, 591.388823, 489.557114, 459.003741, 255.032507, 451.011602]",sg_to_us,"[0, 1, 2, 3, 4, 5, 6, 7, 8, 9, 10, 11, 12, 13, 14, 15, 16, 17, 18, 19, 20, 21, 22, 23, 24, 25, 26, 27, 28, 29, 30, 31, 32, 33, 34, 35, 36, 37, 38, 39, 40, 41, 42, 43, 44, 45, 46, 47, 48, 49, 50, 51, 52, 53, 54, 55, 56, 57, 58, 59, 60, 61, 62, 63, 64, 65, 66, 67, 68, 69, 70, 71, 72, 73, 74, 75, 76, 77, 78, 79, 80, 81, 82, 83, 84, 85, 86, 87, 88, 89, 90, 91, 92, 93, 94, 95, 96, 97, 98, 99]",3.896559845095909e-18
phase-coalesced-itemwise,"{'median_reduction': 3577463753527514346, 'median_difference': 4644986348206613929, 'rank_biserial': 8928845728057864430}",preswap-sg-primary-v3-final,primary,batch-joint-presigning-itemwise,batch_joint_presigning_vs_phase_coalesced_itemwise,1,critical-pair-wall,sg_primary,1.0,one-pair:exploratory,40,,31,0.13742518677090687,"[-12.6906445, 16.520718]",-8.361995499999999,"[-0.6843318461242002, 0.8984151496995209]",-0.46398903649766127,100,16,"[-0.1801980198019802, 0.26495049504950496]",0.043168316831683165,"[47.194241, 88.488296, 78.34437, -86.36948, -12.73796, 133.761274, -66.195476, -8.347672, -11.730916, -13.182929, -87.236034, -79.69536, 82.15806, 148.212372, 120.877232, -10.23154, 69.546868, -28.05847, 59.486367, -28.52682, 41.939912, 94.24591, 71.628593, 60.214103, 42.694404, -3.744666, 50.468869, -20.956033, -51.768097, 112.362542, 19.83075, -81.558264, -31.272793, 88.306388, 68.581188, 56.381312, -149.83064, 63.259129, -11.888218, -62.679712, -38.414961, -63.800272, -8.376319, -30.952251, 154.143078, -51.11794, 48.835005, 17.802529, 27.434288, -89.186801, 19.958519, -67.160869, -48.66948, -32.797255, -25.295783, -41.892859, 1.401117, -12.643329, -9.360397, 6.764961, -12.27063, -65.378596, 59.102316, 96.223486, -73.446795, -40.677022, -10.659182, 16.520718, -94.966947, -26.264091, -58.843828, 13.52081, 52.835825, -83.576255, 0.988705, 19.311387, 29.637588, 43.181255, -52.872099, -52.87816, -9.556457, 98.326711, 85.185851, 94.261557, -24.832944, -9.68533, -6.074501, -19.789602, 91.093482, -98.681584, 61.742459, -139.637861, -98.097926, -69.791112, -4.144579, -21.463731, 51.495986, 63.449872, 59.063338, 8.540888]",sg_to_us,"[0, 1, 2, 3, 4, 5, 6, 7, 8, 9, 10, 11, 12, 13, 14, 15, 16, 17, 18, 19, 20, 21, 22, 23, 24, 25, 26, 27, 28, 29, 30, 31, 32, 33, 34, 35, 36, 37, 38, 39, 40, 41, 42, 43, 44, 45, 46, 47, 48, 49, 50, 51, 52, 53, 54, 55, 56, 57, 58, 59, 60, 61, 62, 63, 64, 65, 66, 67, 68, 69, 70, 71, 72, 73, 74, 75, 76, 77, 78, 79, 80, 81, 82, 83, 84, 85, 86, 87, 88, 89, 90, 91, 92, 93, 94, 95, 96, 97, 98, 99]",0.7078260175355122
reference-itemwise,"{'median_reduction': 15420913194832770494, 'median_difference': 5932754352175337776, 'rank_biserial': 3629823162759369341}",preswap-sg-primary-v3-final,primary,batch-joint-presigning-itemwise,batch_joint_presigning_vs_reference,1,critical-pair-wall,sg_primary,1.5586239380383637e-16,one-pair:exploratory,40,,31,21.13084511901517,"[447.3834965, 504.02988]",465.42651650000005,"[19.64271008200341, 21.749243494998932]",20.4584342498597,100,16,"[1.0, 1.0]",1.0,"[488.202295, 665.33995, 460.983216, 462.260817, 708.168106, 450.46785, 261.067668, 480.094154, 569.013186, 349.975145, 346.037364, 328.019868, 751.155012, 498.360144, 558.423069, 665.251491, 441.592878, 493.133146, 812.989712, 366.056407, 526.13126, 459.326151, 419.949075, 387.631118, 565.136226, 698.604189, 399.224654, 695.139781, 661.192413, 467.750777, 473.040984, 400.634613, 530.041128, 616.386529, 397.984569, 426.847639, 375.985396, 427.517432, 321.708044, 343.991141, 317.73704, 535.522938, 615.186748, 430.559365, 799.99206, 323.046023, 420.801042, 366.755096, 489.243159, 459.726332, 565.098151, 410.386488, 699.60909, 603.023362, 616.71562, 697.983655, 650.933277, 444.299143, 435.512487, 445.536328, 453.747079, 481.352248, 590.411796, 743.231235, 444.285458, 527.89062, 562.839707, 448.417264, 463.102256, 588.58416, 400.751046, 460.952573, 361.648784, 505.43162, 476.756039, 513.19387, 504.02988, 353.900218, 338.742315, 615.963499, 830.625004, 399.13891, 734.23657, 421.649118, 328.078987, 632.940838, 648.206312, 250.157495, 403.164763, 566.086911, 378.826306, 360.247506, 329.56386, 434.441378, 581.162996, 569.925092, 541.0531, 522.453613, 314.095845, 459.55249]",sg_to_us,"[0, 1, 2, 3, 4, 5, 6, 7, 8, 9, 10, 11, 12, 13, 14, 15, 16, 17, 18, 19, 20, 21, 22, 23, 24, 25, 26, 27, 28, 29, 30, 31, 32, 33, 34, 35, 36, 37, 38, 39, 40, 41, 42, 43, 44, 45, 46, 47, 48, 49, 50, 51, 52, 53, 54, 55, 56, 57, 58, 59, 60, 61, 62, 63, 64, 65, 66, 67, 68, 69, 70, 71, 72, 73, 74, 75, 76, 77, 78, 79, 80, 81, 82, 83, 84, 85, 86, 87, 88, 89, 90, 91, 92, 93, 94, 95, 96, 97, 98, 99]",3.896559845095909e-18
batch-joint-presigning-itemwise,"{'median_reduction': 11740896803165377610, 'median_difference': 11722576485995230029, 'rank_biserial': 14941978281456076498}",preswap-sg-primary-v3-final,primary,batch-joint-presigning-batch-verification,batch_verification_with_batch_joint_presigning,1,critical-pair-wall,sg_primary,0.026198172760607746,one-pair:H1-aggregate-within-shared,8,,31,0.9418140566054453,"[11.334933, 32.562064]",21.067921,"[0.6182946031231905, 1.7667879798141168]",1.1441303678742125,100,16,"[0.09980198019801981, 0.5354455445544555]",0.3215841584158416,"[-45.745103, 38.986792, -32.907203, 63.747582, 78.799628, -115.789742, 63.740473, -30.919085, 68.819341, -12.239738, 7.834246, 127.440132, 11.334933, 1.609935, 5.600075, 19.787656, 30.218881, 25.587997, -70.352807, -37.355022, -151.095461, -88.689861, 12.09465, 4.567101, 13.635518, -67.473958, -7.909901, 0.836665, 166.807579, -86.175885, -17.100648, 38.002854, 101.220995, 25.878985, 16.638276, 29.500236, 44.001764, 58.011214, 109.785425, 23.302067, 159.847093, -45.58097, 21.970825, 28.414282, -139.673895, 42.625976, -40.388499, 32.562064, -96.247307, 25.296448, -47.956466, -34.476028, -100.962357, -115.643918, 51.657809, 141.426746, 88.037343, 20.165017, 56.389421, -8.755649, 130.074801, -126.994295, -0.723088, 40.644785, 171.707431, 85.32096, 16.957919, 19.096609, 147.435945, 53.096899, 96.453889, 10.374417, 13.140302, -57.018712, 52.615641, 40.470425, -26.660799, 121.125157, 92.376225, 83.643499, 15.663766, -76.178259, -77.731529, 33.787616, 44.243117, 9.854295, 27.168906, 119.832843, 43.372713, 105.539456, 4.065726, 148.329717, 47.879214, 43.893257, -11.645382, 60.285145, -161.762439, -68.821396, 105.029371, 11.253596]",sg_to_us,"[0, 1, 2, 3, 4, 5, 6, 7, 8, 9, 10, 11, 12, 13, 14, 15, 16, 17, 18, 19, 20, 21, 22, 23, 24, 25, 26, 27, 28, 29, 30, 31, 32, 33, 34, 35, 36, 37, 38, 39, 40, 41, 42, 43, 44, 45, 46, 47, 48, 49, 50, 51, 52, 53, 54, 55, 56, 57, 58, 59, 60, 61, 62, 63, 64, 65, 66, 67, 68, 69, 70, 71, 72, 73, 74, 75, 76, 77, 78, 79, 80, 81, 82, 83, 84, 85, 86, 87, 88, 89, 90, 91, 92, 93, 94, 95, 96, 97, 98, 99]",0.005239634552121549
phase-coalesced-itemwise,"{'median_reduction': 14039092981635526455, 'median_difference': 317740844269352562, 'rank_biserial': 9471416545323885416}",preswap-sg-primary-v3-final,primary,phase-coalesced-batch-verification,batch_verification_with_phase_coalescing,1,critical-pair-wall,sg_primary,1.0,one-pair:exploratory,40,,31,0.5260684462482735,"[-8.3729345, 31.378569]",7.167540000000001,"[-0.46335875637889906, 1.697770247133081]",0.3945375501369303,100,16,"[-0.06059405940594059, 0.37663366336633664]",0.16435643564356436,"[59.880253, 64.088127, 132.414443, -41.485194, 2.949096, 60.218418, 99.714088, -80.321606, 79.608725, -73.615151, -32.99112, -66.308373, -5.636509, 47.71522, 17.36469, 1.65552, 88.992805, -37.047845, 29.89151, -10.291225, 1.102102, 112.27739, 86.965811, 82.761763, -31.066455, 42.608745, -36.063844, 17.827031, 12.270311, -14.704, 118.305909, -150.571741, 72.001184, 71.601665, -8.139618, 94.086228, -25.196228, 157.169275, 42.59155, -74.561227, 81.929021, -64.654619, -19.541809, -15.73752, 175.85745, -5.576877, 66.69024, 155.145658, 52.050524, -111.260293, -86.772287, -57.072975, -116.14113, -158.139092, -61.853006, 38.124725, -39.867213, 13.459398, -16.068817, 32.865628, 6.187482, -81.833047, -36.648002, 84.314848, 28.397678, 42.938677, 93.89158, 8.719047, 8.147598, -132.430608, -115.756562, -41.989552, 100.450082, -1.779297, 29.064311, 84.086908, 76.620103, 72.994488, 43.557044, -79.422317, -86.657362, 136.736254, -11.22811, -18.208799, -66.39413, -37.942177, 91.156199, 155.987932, 159.711865, -38.951952, 100.282272, 11.783469, -125.659272, -76.052595, 38.141033, -6.454644, -36.400908, -77.135393, 0.616222, 33.173484]",sg_to_us,"[0, 1, 2, 3, 4, 5, 6, 7, 8, 9, 10, 11, 12, 13, 14, 15, 16, 17, 18, 19, 20, 21, 22, 23, 24, 25, 26, 27, 28, 29, 30, 31, 32, 33, 34, 35, 36, 37, 38, 39, 40, 41, 42, 43, 44, 45, 46, 47, 48, 49, 50, 51, 52, 53, 54, 55, 56, 57, 58, 59, 60, 61, 62, 63, 64, 65, 66, 67, 68, 69, 70, 71, 72, 73, 74, 75, 76, 77, 78, 79, 80, 81, 82, 83, 84, 85, 86, 87, 88, 89, 90, 91, 92, 93, 94, 95, 96, 97, 98, 99]",0.15360733419330938
phase-coalesced-batch-verification,"{'median_reduction': 13286748373114100168, 'median_difference': 17221368838716700857, 'rank_biserial': 18330592087354479879}",preswap-sg-primary-v3-final,primary,batch-joint-presigning-batch-verification,batch_joint_presigning_vs_phase_coalesced_aggregate,1,critical-pair-wall,sg_primary,0.9431753170575635,one-pair:H2-envelope-beyond-phase-coalescing,8,,31,0.5257976329859876,"[-4.590139, 40.890657]",15.940991499999999,"[-0.25445304108214173, 2.2186112767121204]",0.8628917991418693,100,16,"[-0.04475247524752475, 0.3889108910891089]",0.17227722772277226,"[-58.431115, 63.386961, -86.977276, 18.863296, 63.112572, -42.246886, -102.169091, 41.054849, -22.5203, 48.192484, -46.410668, 114.053145, 99.129502, 102.107087, 109.112617, 7.900596, 10.772944, 34.577372, -40.75795, -55.590617, -110.257651, -106.721341, -3.242568, -17.980559, 87.396377, -113.827369, 78.622812, -37.946399, 102.769171, 40.890657, -115.575807, 107.016331, -2.052982, 42.583708, 93.359082, -8.20468, -80.632648, -35.898932, 55.305657, 35.183582, 39.503111, -44.726623, 33.136315, 13.199551, -161.388267, -2.915087, -58.243734, -104.781065, -120.863543, 47.36994, 58.77434, -44.563922, -33.490707, 9.697919, 88.215032, 61.409162, 129.305673, -5.93771, 63.097841, -34.856316, 111.616689, -110.539844, 95.02723, 52.553423, 69.862958, 1.705261, -87.592843, 26.89828, 44.3214, 159.263416, 153.366623, 65.884779, -34.473955, -138.81567, 24.540035, -24.305096, -73.643314, 91.311924, -4.052918, 110.187656, 92.764671, -114.587802, 18.682432, 146.257972, 85.804303, 38.111142, -70.061794, -55.944691, -25.24567, 45.809824, -34.474087, -3.091613, 75.44056, 50.15474, -53.930994, 45.276058, -73.865545, 71.763869, 163.476487, -13.379]",sg_to_us,"[0, 1, 2, 3, 4, 5, 6, 7, 8, 9, 10, 11, 12, 13, 14, 15, 16, 17, 18, 19, 20, 21, 22, 23, 24, 25, 26, 27, 28, 29, 30, 31, 32, 33, 34, 35, 36, 37, 38, 39, 40, 41, 42, 43, 44, 45, 46, 47, 48, 49, 50, 51, 52, 53, 54, 55, 56, 57, 58, 59, 60, 61, 62, 63, 64, 65, 66, 67, 68, 69, 70, 71, 72, 73, 74, 75, 76, 77, 78, 79, 80, 81, 82, 83, 84, 85, 86, 87, 88, 89, 90, 91, 92, 93, 94, 95, 96, 97, 98, 99]",0.13473933100822336
additive_session_and_verification_main_effects,"{'median_reduction': 9219111227311626948, 'median_difference': 16865851126740247461, 'rank_biserial': 2776763972569315262}",preswap-sg-primary-v3-final,primary,observed_combined_shared_aggregate_effect,session_verification_interaction,1,critical-pair-wall-interaction,sg_primary,1.0,one-pair:exploratory,40,shared_itemwise + independent_aggregate - independent_itemwise - shared_aggregate; positive values mean the combined method saves more wall time than the sum of the two isolated main effects,31,0.4729142403316163,"[-16.990366, 42.382283]",20.835298,"[-0.9557418153731372, 2.3504792655041795]",1.1661356917355452,100,16,"[-0.12, 0.3235643564356436]",0.100990099009901,"[-105.625356, -25.101335, -165.321646, 105.232776, 75.850532, -176.00816, -35.973615, 49.402521, -10.789384, 61.375413, 40.825366, 193.748505, 16.971442, -46.105285, -11.764615, 18.132136, -58.773924, 62.635842, -100.244317, -27.063797, -152.197563, -200.967251, -74.871161, -78.194662, 44.701973, -110.082703, 28.153943, -16.990366, 154.537268, -71.471885, -135.406557, 188.574595, 29.219811, -45.72268, 24.777894, -64.585992, 69.197992, -99.158061, 67.193875, 97.863294, 77.918072, 19.073649, 41.512634, 44.151802, -315.531345, 48.202853, -107.078739, -122.583594, -148.297831, 136.556741, 38.815821, 22.596947, 15.178773, 42.495174, 113.510815, 103.302021, 127.904556, 6.705619, 72.458238, -41.621277, 123.887319, -45.161248, 35.924914, -43.670063, 143.309753, 42.382283, -76.933661, 10.377562, 139.288347, 185.527507, 212.210451, 52.363969, -87.30978, -55.239415, 23.55133, -43.616483, -103.280902, 48.130669, 48.819181, 163.065816, 102.321128, -212.914513, -66.503419, 51.996415, 110.637247, 47.796472, -63.987293, -36.155089, -116.339152, 144.491408, -96.216546, 136.546248, 173.538486, 119.945852, -49.786415, 66.739789, -125.361531, 8.313997, 104.413149, -21.919888]",sg_to_us,"[0, 1, 2, 3, 4, 5, 6, 7, 8, 9, 10, 11, 12, 13, 14, 15, 16, 17, 18, 19, 20, 21, 22, 23, 24, 25, 26, 27, 28, 29, 30, 31, 32, 33, 34, 35, 36, 37, 38, 39, 40, 41, 42, 43, 44, 45, 46, 47, 48, 49, 50, 51, 52, 53, 54, 55, 56, 57, 58, 59, 60, 61, 62, 63, 64, 65, 66, 67, 68, 69, 70, 71, 72, 73, 74, 75, 76, 77, 78, 79, 80, 81, 82, 83, 84, 85, 86, 87, 88, 89, 90, 91, 92, 93, 94, 95, 96, 97, 98, 99]",0.38061003668382276
reference-itemwise,"{'median_reduction': 11807389145149609997, 'median_difference': 15720654891758869953, 'rank_biserial': 4265484362068740439}",preswap-sg-load-v3-final,load,batch-joint-presigning-batch-verification,complete_method_vs_reference,1,critical-pair-wall,sg_load,1.0,load-anchor:descriptive,0,,15,19.27867941631068,"[401.5403635, 467.0751865]",435.993609,"[18.08025274765082, 21.22026840233455]",19.540735593620553,20,8,"[1.0, 1.0]",1.0,"[261.624504, 592.124162, 253.490877, 368.172219, 340.394905, 444.445385, 464.535104, 418.543567, 429.356552, 469.615269, 458.617499, 436.894156, 505.406456, 435.093062, 532.335008, 565.064619, 402.328732, 546.813363, 320.967268, 400.751995]",sg_to_us,"[0, 1, 2, 3, 4, 5, 6, 7, 8, 9, 10, 11, 12, 13, 14, 15, 16, 17, 18, 19]",1.9073486328125e-06
reference-itemwise,"{'median_reduction': 12982008544593600260, 'median_difference': 4926851482172971656, 'rank_biserial': 11860071782552101045}",preswap-sg-load-v3-final,load,phase-coalesced-itemwise,phase_coalescing_vs_reference,1,critical-pair-wall,sg_load,1.0,load-anchor:descriptive,0,,15,19.514853491113143,"[380.87903900000003, 508.5923485]",472.160097,"[16.984999609378615, 22.386040331742123]",20.842429111807565,20,8,"[1.0, 1.0]",1.0,"[409.120864, 502.492926, 252.258554, 524.204829, 499.290127, 458.968889, 485.351305, 358.354405, 499.474528, 356.658613, 528.743315, 577.29805, 527.040521, 366.461605, 518.967098, 514.691771, 277.014215, 414.032775, 291.095561, 395.296473]",sg_to_us,"[0, 1, 2, 3, 4, 5, 6, 7, 8, 9, 10, 11, 12, 13, 14, 15, 16, 17, 18, 19]",1.9073486328125e-06
phase-coalesced-itemwise,"{'median_reduction': 2920262272918618000, 'median_difference': 4562625336514425804, 'rank_biserial': 13299439199588672257}",preswap-sg-load-v3-final,load,batch-joint-presigning-itemwise,batch_joint_presigning_vs_phase_coalesced_itemwise,1,critical-pair-wall,sg_load,1.0,load-anchor:descriptive,0,,15,0.5264396165748706,"[-6.2268045, 34.978617]",2.987528,"[-0.35589393535163405, 1.9291747305830418]",0.16399433890608978,20,8,"[-0.26666666666666666, 0.6857142857142857]",0.22857142857142856,"[19.601322, 103.188037, 122.178073, 0.126243, -106.71286, -8.982869, -8.126171, 0.839608, -2.985634, 32.144388, -28.074243, -119.915597, -79.129695, 90.22072, 37.812846, -4.327438, 40.529197, 101.755571, 5.135448, 24.452016]",sg_to_us,"[0, 1, 2, 3, 4, 5, 6, 7, 8, 9, 10, 11, 12, 13, 14, 15, 16, 17, 18, 19]",0.38837623596191406
reference-itemwise,"{'median_reduction': 813898415150485500, 'median_difference': 8267201149074659634, 'rank_biserial': 2520839579017700880}",preswap-sg-load-v3-final,load,batch-joint-presigning-itemwise,batch_joint_presigning_vs_reference,1,critical-pair-wall,sg_load,1.0,load-anchor:descriptive,0,,15,20.019477938682673,"[406.162878, 498.578983]",453.3341725,"[18.05415055798415, 22.127006017427387]",19.883187461019197,20,8,"[1.0, 1.0]",1.0,"[428.722186, 605.680963, 374.436627, 524.331072, 392.577267, 449.98602, 477.225134, 359.194013, 496.488894, 388.803001, 500.669072, 457.382453, 447.910826, 456.682325, 556.779944, 510.364333, 317.543412, 515.788346, 296.231009, 419.748489]",sg_to_us,"[0, 1, 2, 3, 4, 5, 6, 7, 8, 9, 10, 11, 12, 13, 14, 15, 16, 17, 18, 19]",1.9073486328125e-06
batch-joint-presigning-itemwise,"{'median_reduction': 10926794411676990889, 'median_difference': 8033183747400915247, 'rank_biserial': 2253783683971580690}",preswap-sg-load-v3-final,load,batch-joint-presigning-batch-verification,batch_verification_with_batch_joint_presigning,1,critical-pair-wall,sg_load,1.0,load-anchor:descriptive,0,,15,-0.9697749126991801,"[-33.2482545, 27.880637999999998]",-16.2766475,"[-1.8976763916616306, 1.5615696090056463]",-0.8969078097809013,20,8,"[-0.6476190476190476, 0.3619047619047619]",-0.1523809523809524,"[-167.097682, -13.556801, -120.94575, -156.158853, -52.182362, -5.540635, -12.69003, 59.349554, -67.132342, 80.812268, -42.051573, -20.488297, 57.49563, -21.589263, -24.444936, 54.700286, 84.78532, 31.025017, 24.736259, -18.996494]",sg_to_us,"[0, 1, 2, 3, 4, 5, 6, 7, 8, 9, 10, 11, 12, 13, 14, 15, 16, 17, 18, 19]",0.5705966949462891
phase-coalesced-itemwise,"{'median_reduction': 15545140334309973358, 'median_difference': 16831405788436039878, 'rank_biserial': 6997105724856226659}",preswap-sg-load-v3-final,load,phase-coalesced-batch-verification,batch_verification_with_phase_coalescing,1,critical-pair-wall,sg_load,1.0,load-anchor:descriptive,0,,15,-1.0317035262594927,"[-63.3919295, 26.7846295]",-26.2409785,"[-3.5377116160460966, 1.4596272004559059]",-1.43157609811144,20,8,"[-0.7142857142857143, 0.24761904761904763]",-0.26666666666666666,"[-48.604869, 37.951965, -8.159588, -161.669677, -98.247703, 23.56827, -79.431915, 59.498176, -34.531655, -69.381663, -69.27826, -57.505599, 16.895085, -29.651336, -22.830621, -85.446466, 70.269127, 30.000989, 68.198695, 117.806976]",sg_to_us,"[0, 1, 2, 3, 4, 5, 6, 7, 8, 9, 10, 11, 12, 13, 14, 15, 16, 17, 18, 19]",0.3117942810058594
phase-coalesced-batch-verification,"{'median_reduction': 15079668623740864246, 'median_difference': 1775327491287789513, 'rank_biserial': 10117141067869578343}",preswap-sg-load-v3-final,load,batch-joint-presigning-batch-verification,batch_joint_presigning_vs_phase_coalesced_aggregate,1,critical-pair-wall,sg_load,1.0,load-anchor:descriptive,0,,15,0.5656249783722191,"[-38.209381, 53.3623305]",3.1640265,"[-2.157501360360495, 2.9543208523129643]",0.1689163091743247,20,8,"[-0.3904761904761905, 0.6]",0.12380952380952381,"[-98.891491, 51.679271, 9.391911, 5.637067, -60.647519, -38.091774, 58.615714, 0.690986, -35.586321, 182.338319, -0.847556, -82.898295, -38.52915, 98.282793, 36.198531, 135.819314, 55.04539, 102.779599, -38.326988, -112.351454]",sg_to_us,"[0, 1, 2, 3, 4, 5, 6, 7, 8, 9, 10, 11, 12, 13, 14, 15, 16, 17, 18, 19]",0.6476554870605469
additive_session_and_verification_main_effects,"{'median_reduction': 13881465625443620249, 'median_difference': 17000368088672534611, 'rank_biserial': 16570824394136148168}",preswap-sg-load-v3-final,load,observed_combined_shared_aggregate_effect,session_verification_interaction,1,critical-pair-wall-interaction,sg_load,1.0,load-anchor:descriptive,0,shared_itemwise + independent_aggregate - independent_itemwise - shared_aggregate; positive values mean the combined method saves more wall time than the sum of the two isolated main effects,15,0.07522929809155497,"[-30.854796, 32.1219945]",3.2674260000000004,"[-1.7359572807213581, 1.8483802429104914]",0.18669698768964085,20,8,"[-0.4380952380952381, 0.5619047619047619]",0.06666666666666667,"[-118.492813, -51.508766, -112.786162, 5.510824, 46.065341, -29.108905, 66.741885, -0.148622, -32.600687, 150.193931, 27.226687, 37.017302, 40.600545, 8.062073, -1.614315, 140.146752, 14.516193, 1.024028, -43.462436, -136.80347]",sg_to_us,"[0, 1, 2, 3, 4, 5, 6, 7, 8, 9, 10, 11, 12, 13, 14, 15, 16, 17, 18, 19]",0.8123550415039062
reference-itemwise,"{'median_reduction': 3556723770601141311, 'median_difference': 15597215708653207532, 'rank_biserial': 5105749422961030483}",preswap-sg-load-v3-final,load,batch-joint-presigning-batch-verification,complete_method_vs_reference,64,stage-wall,sg_load,2.288818359375e-05,high-load:H3-secondary-system-contrast,12,,15,39.737371321528954,"[5931.188275500001, 6237.144408]",6050.862583,"[39.171731915661894, 40.472940606944974]",39.75473121795943,20,8,"[1.0, 1.0]",1.0,"[5926.303844, 5781.397269, 6219.199573, 6192.209629, 6255.089243, 6056.269356, 6456.536524, 5972.560997, 6385.552704, 5644.307468, 5622.136495, 6118.931877, 5975.81809, 5541.494133, 5936.072707, 6389.047845, 5664.888146, 6045.45581, 6331.194909, 6298.046012]",sg_to_us,"[0, 1, 2, 3, 4, 5, 6, 7, 8, 9, 10, 11, 12, 13, 14, 15, 16, 17, 18, 19]",1.9073486328125e-06
reference-itemwise,"{'median_reduction': 1688326665218777152, 'median_difference': 7360109145051649195, 'rank_biserial': 8848591518578323510}",preswap-sg-load-v3-final,load,phase-coalesced-itemwise,phase_coalescing_vs_reference,64,stage-wall,sg_load,0.00011444091796875,high-load:exploratory,60,,15,39.30865893838941,"[5875.377464, 6154.0668335]",6048.452347,"[38.932435620123016, 40.00759239098066]",39.72012560429367,20,8,"[1.0, 1.0]",1.0,"[5901.753726, 5660.741664, 6161.355737, 6138.294796, 6169.525591, 6098.090479, 6310.105384, 5849.001202, 6324.489493, 5606.986366, 5546.150012, 6064.093364, 5963.51915, 5469.64005, 6032.81133, 6290.58981, 5548.594126, 6000.106123, 6146.77793, 6226.79593]",sg_to_us,"[0, 1, 2, 3, 4, 5, 6, 7, 8, 9, 10, 11, 12, 13, 14, 15, 16, 17, 18, 19]",1.9073486328125e-06
phase-coalesced-itemwise,"{'median_reduction': 3132568929038091021, 'median_difference': 12632443581710438635, 'rank_biserial': 7667208108457556}",preswap-sg-load-v3-final,load,batch-joint-presigning-itemwise,batch_joint_presigning_vs_phase_coalesced_itemwise,64,stage-wall,sg_load,1.0,high-load:exploratory,60,,15,0.14585923258666833,"[-23.8178945, 58.346517]",18.736612,"[-0.2589038525668379, 0.6323979980503576]",0.2032370379009204,20,8,"[-0.24761904761904763, 0.7047619047619048]",0.2761904761904762,"[-6.748099, 80.097872, 71.800428, -53.034599, 29.687916, -40.818122, 83.450521, -45.46543, -25.048503, 61.455816, 58.959032, -80.338369, 101.020514, 45.240075, -77.702218, 36.559226, 57.734002, 7.785308, -10.633764, -22.587286]",sg_to_us,"[0, 1, 2, 3, 4, 5, 6, 7, 8, 9, 10, 11, 12, 13, 14, 15, 16, 17, 18, 19]",0.2942523956298828
reference-itemwise,"{'median_reduction': 9826133260894440522, 'median_difference': 6659387348750847979, 'rank_biserial': 5329975329676614076}",preswap-sg-load-v3-final,load,batch-joint-presigning-itemwise,batch_joint_presigning_vs_reference,64,stage-wall,sg_load,0.00011444091796875,high-load:exploratory,60,,15,39.39969761540563,"[5847.974324000001, 6167.6788365]",6032.581894,"[38.75912640291558, 40.10391311999594]",39.4652506003486,20,8,"[1.0, 1.0]",1.0,"[5895.005627, 5740.839536, 6233.156165, 6085.260197, 6199.213507, 6057.272357, 6393.555905, 5803.535772, 6299.44099, 5668.442182, 5605.109044, 5983.754995, 6064.539664, 5514.880125, 5955.109112, 6327.149036, 5606.328128, 6007.891431, 6136.144166, 6204.208644]",sg_to_us,"[0, 1, 2, 3, 4, 5, 6, 7, 8, 9, 10, 11, 12, 13, 14, 15, 16, 17, 18, 19]",1.9073486328125e-06
batch-joint-presigning-itemwise,"{'median_reduction': 13922020772997858245, 'median_difference': 14823078363969951795, 'rank_biserial': 4682001715555749320}",preswap-sg-load-v3-final,load,batch-joint-presigning-batch-verification,batch_verification_with_batch_joint_presigning,64,stage-wall,sg_load,0.0023250579833984375,high-load:H1-aggregate-within-shared,12,,15,0.5584924881632811,"[21.8207295, 74.5461665]",48.2167345,"[0.2382303112571343, 0.8071344354212546]",0.5241060409752442,20,8,"[0.37142857142857144, 0.9714285714285714]",0.7428571428571429,"[31.298217, 40.557733, -13.956592, 106.949432, 55.875736, -1.003001, 62.980619, 169.025225, 86.111714, -24.134714, 17.027451, 135.176882, -88.721574, 26.614008, -19.036405, 61.898809, 58.560018, 37.564379, 195.050743, 93.837368]",sg_to_us,"[0, 1, 2, 3, 4, 5, 6, 7, 8, 9, 10, 11, 12, 13, 14, 15, 16, 17, 18, 19]",0.0023250579833984375
phase-coalesced-itemwise,"{'median_reduction': 10444490381719811511, 'median_difference': 2388533566079721815, 'rank_biserial': 4622517843356306904}",preswap-sg-load-v3-final,load,phase-coalesced-batch-verification,batch_verification_with_phase_coalescing,64,stage-wall,sg_load,0.00011444091796875,high-load:exploratory,60,,15,1.1236702242142766,"[63.6246115, 144.711557]",83.441103,"[0.6913256199413276, 1.5627104378439465]",0.9085178584996092,20,8,"[1.0, 1.0]",1.0,"[28.803664, 136.254626, 154.21463, 153.168488, 52.664764, 184.680446, 254.970198, 48.444071, 177.743532, 70.00179, 201.348537, 83.303724, 83.578482, 66.502815, 12.011217, 80.582054, 94.594815, 124.933877, 7.628808, 60.746408]",sg_to_us,"[0, 1, 2, 3, 4, 5, 6, 7, 8, 9, 10, 11, 12, 13, 14, 15, 16, 17, 18, 19]",1.9073486328125e-06
phase-coalesced-batch-verification,"{'median_reduction': 6013349299832638810, 'median_difference': 500458170725707410, 'rank_biserial': 2826456922912580892}",preswap-sg-load-v3-final,load,batch-joint-presigning-batch-verification,batch_joint_presigning_vs_phase_coalesced_aggregate,64,stage-wall,sg_load,0.7646713256835938,high-load:H2-envelope-beyond-phase-coalescing,12,,15,-0.4274295536466979,"[-97.8122245, 7.927471000000001]",-30.5729495,"[-1.0750647560013902, 0.08672729299478403]",-0.33531599700865994,20,8,"[-0.8571428571428571, 0.0]",-0.47619047619047616,"[-4.253546, -15.599021, -96.370794, -99.253655, 32.898888, -226.501569, -108.539058, 75.115724, -116.680321, -32.680688, -125.362054, -28.465211, -71.279542, 5.351268, -108.74984, 17.875981, 21.699205, -79.58419, 176.788171, 10.503674]",sg_to_us,"[0, 1, 2, 3, 4, 5, 6, 7, 8, 9, 10, 11, 12, 13, 14, 15, 16, 17, 18, 19]",0.06372261047363281
additive_session_and_verification_main_effects,"{'median_reduction': 3946345004889417917, 'median_difference': 6018288012724690840, 'rank_biserial': 7727734542575690508}",preswap-sg-load-v3-final,load,observed_combined_shared_aggregate_effect,session_verification_interaction,64,stage-wall-interaction,sg_load,0.8797683715820312,high-load:exploratory,60,shared_itemwise + independent_aggregate - independent_itemwise - shared_aggregate; positive values mean the combined method saves more wall time than the sum of the two isolated main effects,15,-0.5638523951326566,"[-94.9166985, -8.094346]",-43.053931500000004,"[-1.0265143866479334, -0.08831334497515891]",-0.4667072002598024,20,8,"[-0.9047619047619048, -0.06666666666666667]",-0.5238095238095238,"[2.494553, -95.696893, -168.171222, -46.219056, 3.210972, -185.683447, -191.989579, 120.581154, -91.631818, -94.136504, -184.321086, 51.873158, -172.300056, -39.888807, -31.047622, -18.683245, -36.034797, -87.369498, 187.421935, 33.09096]",sg_to_us,"[0, 1, 2, 3, 4, 5, 6, 7, 8, 9, 10, 11, 12, 13, 14, 15, 16, 17, 18, 19]",0.039989471435546875
reference-itemwise,"{'median_reduction': 521802321559854368, 'median_difference': 6933639086867996099, 'rank_biserial': 783927123180590668}",preswap-sg-load-v3-final,load,batch-joint-presigning-batch-verification,complete_method_vs_reference,128,stage-wall,sg_load,2.288818359375e-05,high-load:H3-secondary-system-contrast,12,,15,41.76322868648064,"[11816.994899000001, 12208.874246]",11988.5635215,"[41.29069039127086, 42.14617501906054]",41.7553795145721,20,8,"[1.0, 1.0]",1.0,"[11645.535562, 12505.055833, 11914.837283, 12007.918293, 11676.353283, 11779.616102, 12093.481404, 12407.517476, 12369.631281, 12097.193961, 12422.301451, 11969.20875, 11721.898523, 12320.554531, 12380.064498, 11721.683704, 11695.057807, 11862.051914, 11854.373696, 12096.313826]",sg_to_us,"[0, 1, 2, 3, 4, 5, 6, 7, 8, 9, 10, 11, 12, 13, 14, 15, 16, 17, 18, 19]",1.9073486328125e-06
reference-itemwise,"{'median_reduction': 15761635516263582458, 'median_difference': 1152266399640414617, 'rank_biserial': 17631023912366051344}",preswap-sg-load-v3-final,load,phase-coalesced-itemwise,phase_coalescing_vs_reference,128,stage-wall,sg_load,0.00011444091796875,high-load:exploratory,60,,15,41.060288586103226,"[11610.50575, 12010.7081505]",11802.18776,"[40.60642590747675, 41.37977675136478]",41.04654470206816,20,8,"[1.0, 1.0]",1.0,"[11407.897404, 12225.010314, 11812.143993, 11810.686977, 11421.506359, 11545.017225, 11925.612709, 12224.763403, 12227.34327, 11793.688543, 12333.23827, 11754.773929, 11623.781334, 12200.006889, 12091.061281, 11470.391526, 11424.515237, 11676.841262, 11597.230166, 11930.35502]",sg_to_us,"[0, 1, 2, 3, 4, 5, 6, 7, 8, 9, 10, 11, 12, 13, 14, 15, 16, 17, 18, 19]",1.9073486328125e-06
phase-coalesced-itemwise,"{'median_reduction': 8532552122975979515, 'median_difference': 15588540406601382465, 'rank_biserial': 4858767734796224575}",preswap-sg-load-v3-final,load,batch-joint-presigning-itemwise,batch_joint_presigning_vs_phase_coalesced_itemwise,128,stage-wall,sg_load,1.0,high-load:exploratory,60,,15,0.008564923064390106,"[-36.79038, 50.5936305]",1.4267905,"[-0.21671457493497523, 0.29837476945318964]",0.008572129437918886,20,8,"[-0.4857142857142857, 0.5238095238095238]",0.009523809523809525,"[31.163283, 101.324936, -24.939153, 10.918637, 72.988104, -8.065056, 34.9754, 66.211861, -107.483612, 27.511618, -125.547594, 98.382599, -43.335879, -36.522975, 78.004921, -37.057785, -76.039215, -91.739543, 91.520074, -30.08514]",sg_to_us,"[0, 1, 2, 3, 4, 5, 6, 7, 8, 9, 10, 11, 12, 13, 14, 15, 16, 17, 18, 19]",0.9854354858398438
reference-itemwise,"{'median_reduction': 12982448087764158449, 'median_difference': 274306304164332863, 'rank_biserial': 16116786898334220645}",preswap-sg-load-v3-final,load,batch-joint-presigning-itemwise,batch_joint_presigning_vs_reference,128,stage-wall,sg_load,0.00011444091796875,high-load:exploratory,60,,15,41.065774654929484,"[11582.773587, 12040.223883499999]",11821.4028875,"[40.53019373620775, 41.526679457408974]",41.11335576590092,20,8,"[1.0, 1.0]",1.0,"[11439.060687, 12326.33525, 11787.20484, 11821.605614, 11494.494463, 11536.952169, 11960.588109, 12290.975264, 12119.859658, 11821.200161, 12207.690676, 11853.156528, 11580.445455, 12163.483914, 12169.066202, 11433.333741, 11348.476022, 11585.101719, 11688.75024, 11900.26988]",sg_to_us,"[0, 1, 2, 3, 4, 5, 6, 7, 8, 9, 10, 11, 12, 13, 14, 15, 16, 17, 18, 19]",1.9073486328125e-06
batch-joint-presigning-itemwise,"{'median_reduction': 16716815115841969060, 'median_difference': 12752707584117748314, 'rank_biserial': 7896677918496101317}",preswap-sg-load-v3-final,load,batch-joint-presigning-batch-verification,batch_verification_with_batch_joint_presigning,128,stage-wall,sg_load,2.288818359375e-05,high-load:H1-aggregate-within-shared,12,,15,1.1813882733259145,"[161.3470365, 228.637354]",191.1783125,"[0.9497321797879585, 1.3461840150657787]",1.1269891148204074,20,8,"[1.0, 1.0]",1.0,"[206.474875, 178.720583, 127.632443, 186.312679, 181.85882, 242.663933, 132.893295, 116.542212, 249.771623, 275.9938, 214.610775, 116.052222, 141.453068, 157.070617, 210.998296, 288.349963, 346.581785, 276.950195, 165.623456, 196.043946]",sg_to_us,"[0, 1, 2, 3, 4, 5, 6, 7, 8, 9, 10, 11, 12, 13, 14, 15, 16, 17, 18, 19]",1.9073486328125e-06
phase-coalesced-itemwise,"{'median_reduction': 16966403138162496252, 'median_difference': 2954806806344468622, 'rank_biserial': 10083130408959950653}",preswap-sg-load-v3-final,load,phase-coalesced-batch-verification,batch_verification_with_phase_coalescing,128,stage-wall,sg_load,0.00011444091796875,high-load:exploratory,60,,15,1.003752410293132,"[132.71087550000001, 202.4975675]",178.589776,"[0.784006458431759, 1.1918519928276035]",1.0495606624087852,20,8,"[1.0, 1.0]",1.0,"[197.479197, 311.017497, 116.504022, 58.708589, 193.456952, 195.032965, 163.96873, 172.387655, 46.691657, 207.515938, 63.228412, 148.917729, 152.252646, 213.600991, 352.696521, 98.07112, 218.686987, 56.927807, 184.791897, 259.020346]",sg_to_us,"[0, 1, 2, 3, 4, 5, 6, 7, 8, 9, 10, 11, 12, 13, 14, 15, 16, 17, 18, 19]",1.9073486328125e-06
phase-coalesced-batch-verification,"{'median_reduction': 10653302886486813880, 'median_difference': 748131606549217197, 'rank_biserial': 15200428941315844614}",preswap-sg-load-v3-final,load,batch-joint-presigning-batch-verification,batch_joint_presigning_vs_phase_coalesced_aggregate,128,stage-wall,sg_load,0.8343658447265625,high-load:H2-envelope-beyond-phase-coalescing,12,,15,0.18743549422577224,"[-4.9553835, 68.9343625]",39.8624365,"[-0.029473421577628205, 0.4094645052937099]",0.23699564924437672,20,8,"[-0.01904761904761905, 0.8380952380952381]",0.45714285714285713,"[40.158961, -30.971978, -13.810732, 138.522727, 61.389972, 39.565912, 3.899965, 10.366418, 95.596354, 95.98948, 25.834769, 65.517092, -54.135457, -93.053349, -63.693304, 153.221058, 51.855583, 128.282845, 72.351633, -93.06154]",sg_to_us,"[0, 1, 2, 3, 4, 5, 6, 7, 8, 9, 10, 11, 12, 13, 14, 15, 16, 17, 18, 19]",0.0758514404296875
additive_session_and_verification_main_effects,"{'median_reduction': 10632918806297263795, 'median_difference': 4995454019996031036, 'rank_biserial': 11155482782128694271}",preswap-sg-load-v3-final,load,observed_combined_shared_aggregate_effect,session_verification_interaction,128,stage-wall-interaction,sg_load,1.0,high-load:exploratory,60,shared_itemwise + independent_aggregate - independent_itemwise - shared_aggregate; positive values mean the combined method saves more wall time than the sum of the two isolated main effects,15,0.17826736731398224,"[-31.970471, 98.040976]",-0.9019500000000003,"[-0.1887235903474433, 0.5773184084484589]",-0.005535571458108495,20,8,"[-0.34285714285714286, 0.638095238095238]",0.19047619047619047,"[8.995678, -132.296914, 11.128421, 127.60409, -11.598132, 47.630968, -31.075435, -55.845443, 203.079966, 68.477862, 151.382363, -32.865507, -10.799578, -56.530374, -141.698225, 190.278843, 127.894798, 220.022388, -19.168441, -62.9764]",sg_to_us,"[0, 1, 2, 3, 4, 5, 6, 7, 8, 9, 10, 11, 12, 13, 14, 15, 16, 17, 18, 19]",0.47490501403808594
reference-itemwise,"{'median_reduction': 8189805874535600550, 'median_difference': 2964700171588249268, 'rank_biserial': 10235550245532614645}",preswap-sg-load-v3-final,load,batch-joint-presigning-batch-verification,complete_method_vs_reference,1024,stage-wall,sg_load,2.288818359375e-05,high-load:H3-secondary-system-contrast,12,,15,43.40833625339248,"[96478.29123999999, 97674.70998099999]",97076.010893,"[43.26179306127129, 43.57781527140399]",43.44434978549678,20,8,"[1.0, 1.0]",1.0,"[95762.796376, 97344.443608, 98003.898539, 97848.214518, 95636.492034, 96539.192238, 96757.325463, 97179.632168, 96363.872202, 97916.19056, 98133.467766, 98799.370909, 96417.390242, 96300.944666, 97501.205444, 95784.313066, 97059.964911, 97092.056875, 97908.067764, 96916.975937]",sg_to_us,"[0, 1, 2, 3, 4, 5, 6, 7, 8, 9, 10, 11, 12, 13, 14, 15, 16, 17, 18, 19]",1.9073486328125e-06
reference-itemwise,"{'median_reduction': 13816654952661105530, 'median_difference': 1198706587569350904, 'rank_biserial': 8156430212934403642}",preswap-sg-load-v3-final,load,phase-coalesced-itemwise,phase_coalescing_vs_reference,1024,stage-wall,sg_load,0.00011444091796875,high-load:exploratory,60,,15,42.70251342459408,"[94965.727228, 96000.54248050001]",95617.600707,"[42.57562018762445, 42.82225558486971]",42.757991035457984,20,8,"[1.0, 1.0]",1.0,"[93873.934971, 95817.950829, 96039.228691, 95593.281329, 94474.202986, 94609.622658, 95167.783714, 95709.156074, 94772.660109, 95976.597575, 96441.766824, 97454.533162, 94792.207586, 95139.24687, 95641.920085, 94288.772957, 96026.592124, 95436.647994, 96416.013011, 96024.487386]",sg_to_us,"[0, 1, 2, 3, 4, 5, 6, 7, 8, 9, 10, 11, 12, 13, 14, 15, 16, 17, 18, 19]",1.9073486328125e-06
phase-coalesced-itemwise,"{'median_reduction': 12280885536302638732, 'median_difference': 1902180982935619412, 'rank_biserial': 6613584924164685897}",preswap-sg-load-v3-final,load,batch-joint-presigning-itemwise,batch_joint_presigning_vs_phase_coalesced_itemwise,1024,stage-wall,sg_load,1.0,high-load:exploratory,60,,15,-0.09029345675665788,"[-218.347653, 82.96811650000001]",-72.942063,"[-0.17036127810792992, 0.06466708602032029]",-0.0569320560990294,20,8,"[-0.7333333333333333, 0.2]",-0.3047619047619048,"[517.813822, 21.640915, 217.489388, 278.851133, -117.988457, 351.696039, -152.073081, -838.443341, 118.161535, -130.589389, 92.878322, -483.911385, -47.207928, -383.384056, -284.622225, -999.841979, -399.581477, -32.603874, 73.057911, -98.676198]",sg_to_us,"[0, 1, 2, 3, 4, 5, 6, 7, 8, 9, 10, 11, 12, 13, 14, 15, 16, 17, 18, 19]",0.24548721313476562
reference-itemwise,"{'median_reduction': 3550403987546249469, 'median_difference': 16813317388524733118, 'rank_biserial': 1127489985982007700}",preswap-sg-load-v3-final,load,batch-joint-presigning-itemwise,batch_joint_presigning_vs_reference,1024,stage-wall,sg_load,0.00011444091796875,high-load:exploratory,60,,15,42.651022334884544,"[94880.7671885, 95859.070324]",95380.67099000001,"[42.52480392431089, 42.80965810401476]",42.66439246551563,20,8,"[1.0, 1.0]",1.0,"[94391.748793, 95839.591744, 96256.718079, 95872.132462, 94356.214529, 94961.318697, 95015.710633, 94870.712733, 94890.821644, 95846.008186, 96534.645146, 96970.621777, 94744.999658, 94755.862814, 95357.29786, 93288.930978, 95627.010647, 95404.04412, 96489.070922, 95925.811188]",sg_to_us,"[0, 1, 2, 3, 4, 5, 6, 7, 8, 9, 10, 11, 12, 13, 14, 15, 16, 17, 18, 19]",1.9073486328125e-06
batch-joint-presigning-itemwise,"{'median_reduction': 8463510936527695635, 'median_difference': 12486019776157241473, 'rank_biserial': 12840872131382518892}",preswap-sg-load-v3-final,load,batch-joint-presigning-batch-verification,batch_verification_with_batch_joint_presigning,1024,stage-wall,sg_load,2.288818359375e-05,high-load:H1-aggregate-within-shared,12,,15,1.320124454923965,"[1488.951211, 1787.964796]",1635.6066019999998,"[1.164149797428382, 1.3927341002401974]",1.27488016231485,20,8,"[1.0, 1.0]",1.0,"[1371.047583, 1504.851864, 1747.18046, 1976.082056, 1280.277505, 1577.873541, 1741.61483, 2308.919435, 1473.050558, 2070.182374, 1598.82262, 1828.749132, 1672.390584, 1545.081852, 2143.907584, 2495.382088, 1432.954264, 1688.012755, 1418.996842, 991.164749]",sg_to_us,"[0, 1, 2, 3, 4, 5, 6, 7, 8, 9, 10, 11, 12, 13, 14, 15, 16, 17, 18, 19]",1.9073486328125e-06
phase-coalesced-itemwise,"{'median_reduction': 5653616270439925672, 'median_difference': 5684838264183334448, 'rank_biserial': 17406258086890395731}",preswap-sg-load-v3-final,load,phase-coalesced-batch-verification,batch_verification_with_phase_coalescing,1024,stage-wall,sg_load,0.00011444091796875,high-load:exploratory,60,,15,1.198975505654971,"[1231.9222095, 1781.1732889999998]",1622.6731105,"[0.9625469661477637, 1.3900663210564033]",1.2674316690806315,20,8,"[1.0, 1.0]",1.0,"[1977.341347, 1640.566742, 1922.257331, 2198.477665, 1265.504492, 2163.461833, 1187.108128, 928.02371, 1621.008424, 1624.337797, 1642.563545, 1115.081764, 1605.999345, 729.253871, 1444.732245, 1198.339927, 958.72136, 1957.725982, 1705.880649, 1856.465929]",sg_to_us,"[0, 1, 2, 3, 4, 5, 6, 7, 8, 9, 10, 11, 12, 13, 14, 15, 16, 17, 18, 19]",1.9073486328125e-06
phase-coalesced-batch-verification,"{'median_reduction': 17184710017816965142, 'median_difference': 7190089080292372107, 'rank_biserial': 18271763826654525578}",preswap-sg-load-v3-final,load,batch-joint-presigning-batch-verification,batch_joint_presigning_vs_phase_coalesced_aggregate,1024,stage-wall,sg_load,1.0,high-load:H2-envelope-beyond-phase-coalescing,12,,15,0.03236961705138478,"[-95.84769299999999, 263.47808249999997]",45.774957,"[-0.07557166081878462, 0.20796494691299428]",0.036144650838660794,20,8,"[-0.29523809523809524, 0.6761904761904762]",0.21904761904761905,"[-88.479942, -114.073963, 42.412517, 56.455524, -103.215444, -233.892253, 402.433621, 542.452384, -29.796331, 315.255188, 49.137397, 229.755983, 19.183311, 432.443925, 414.553114, 297.200182, 74.651427, -302.317101, -213.825896, -963.977378]",sg_to_us,"[0, 1, 2, 3, 4, 5, 6, 7, 8, 9, 10, 11, 12, 13, 14, 15, 16, 17, 18, 19]",0.40909767150878906
additive_session_and_verification_main_effects,"{'median_reduction': 8432301641519072341, 'median_difference': 16414831751682399454, 'rank_biserial': 49930913139463514}",preswap-sg-load-v3-final,load,observed_combined_shared_aggregate_effect,session_verification_interaction,1024,stage-wall-interaction,sg_load,1.0,high-load:exploratory,60,shared_itemwise + independent_aggregate - independent_itemwise - shared_aggregate; positive values mean the combined method saves more wall time than the sum of the two isolated main effects,15,0.12278333605634091,"[-198.73624, 514.369803]",-14.483956,"[-0.15447194127612596, 0.402356149736784]",-0.011278324417546736,20,8,"[-0.3523809523809524, 0.638095238095238]",0.18095238095238095,"[-606.293764, -135.714878, -175.076871, -222.395609, 14.773013, -585.588292, 554.506702, 1380.895725, -147.957866, 445.844577, -43.740925, 713.667368, 66.391239, 815.827981, 699.175339, 1297.042161, 474.232904, -269.713227, -286.883807, -865.30118]",sg_to_us,"[0, 1, 2, 3, 4, 5, 6, 7, 8, 9, 10, 11, 12, 13, 14, 15, 16, 17, 18, 19]",0.49800872802734375
reference-itemwise,"{'median_reduction': 15189274970764981630, 'median_difference': 7521634210983094438, 'rank_biserial': 16854201038130245535}",preswap-sg-load-v3-final,load,batch-joint-presigning-batch-verification,complete_method_vs_reference,1,critical-pair-wall,sg_load,1.0,load-anchor:descriptive,0,,31,20.264061341616216,"[430.67373050000003, 489.7743415]",442.601894,"[18.754907594577382, 21.754960582337446]",19.821148179821492,20,16,"[1.0, 1.0]",1.0,"[362.729827, 492.891726, 730.899213, 293.619135, 644.975587, 430.945768, 437.610088, 430.401693, 486.656957, 439.572289, 483.183923, 485.779859, 704.244986, 305.311376, 440.924009, 444.279779, 315.120237, 509.770913, 422.609402, 555.20671]",sg_to_us,"[0, 1, 2, 3, 4, 5, 6, 7, 8, 9, 10, 11, 12, 13, 14, 15, 16, 17, 18, 19]",1.9073486328125e-06
reference-itemwise,"{'median_reduction': 15752177422307672681, 'median_difference': 8290259073134338680, 'rank_biserial': 11945950738949579547}",preswap-sg-load-v3-final,load,phase-coalesced-itemwise,phase_coalescing_vs_reference,1,critical-pair-wall,sg_load,1.0,load-anchor:descriptive,0,,31,20.193468114039028,"[414.123738, 532.6267035]",430.10068,"[18.293603397362062, 22.808305176606645]",19.152710779246114,20,16,"[1.0, 1.0]",1.0,"[336.865688, 316.4275, 701.729238, 425.310474, 557.832963, 534.787524, 411.832298, 422.875311, 530.465883, 454.129401, 416.415178, 423.027065, 743.732809, 326.624428, 528.85608, 330.474144, 396.254543, 535.831928, 434.890886, 560.051859]",sg_to_us,"[0, 1, 2, 3, 4, 5, 6, 7, 8, 9, 10, 11, 12, 13, 14, 15, 16, 17, 18, 19]",1.9073486328125e-06
phase-coalesced-itemwise,"{'median_reduction': 1713292622111593962, 'median_difference': 17555167385034593105, 'rank_biserial': 6052955264114519175}",preswap-sg-load-v3-final,load,batch-joint-presigning-itemwise,batch_joint_presigning_vs_phase_coalesced_itemwise,1,critical-pair-wall,sg_load,1.0,load-anchor:descriptive,0,,31,-0.2961138777019033,"[-18.653089, 29.1043635]",-5.4284775,"[-1.0167615751027606, 1.5947724081991173]",-0.2928427544689465,20,16,"[-0.4857142857142857, 0.5142857142857142]",0.009523809523809525,"[19.082929, 77.27175, -3.523513, -14.743291, 52.665593, -14.048009, -7.333442, 4.224222, -16.993733, 39.125798, -20.312445, -57.538335, 17.688692, 64.372688, -124.461612, -58.175203, -25.590343, -160.724198, 68.890183, 72.730606]",sg_to_us,"[0, 1, 2, 3, 4, 5, 6, 7, 8, 9, 10, 11, 12, 13, 14, 15, 16, 17, 18, 19]",0.9854354858398438
reference-itemwise,"{'median_reduction': 11345051544607271216, 'median_difference': 12828455560849952801, 'rank_biserial': 9542863964923056204}",preswap-sg-load-v3-final,load,batch-joint-presigning-itemwise,batch_joint_presigning_vs_reference,1,critical-pair-wall,sg_load,1.0,load-anchor:descriptive,0,,31,19.984578647170668,"[392.348183, 508.62660950000003]",407.5330195,"[17.54375901545449, 21.89328231570234]",18.27549137210785,20,16,"[1.0, 1.0]",1.0,"[355.948617, 393.69925, 698.205725, 410.567183, 610.498556, 520.739515, 404.498856, 427.099533, 513.47215, 493.255199, 396.102733, 365.48873, 761.421501, 390.997116, 404.394468, 272.298941, 370.6642, 375.10773, 503.781069, 632.782465]",sg_to_us,"[0, 1, 2, 3, 4, 5, 6, 7, 8, 9, 10, 11, 12, 13, 14, 15, 16, 17, 18, 19]",1.9073486328125e-06
batch-joint-presigning-itemwise,"{'median_reduction': 16659101600377006371, 'median_difference': 13009554558379662721, 'rank_biserial': 538629157440646112}",preswap-sg-load-v3-final,load,batch-joint-presigning-batch-verification,batch_verification_with_batch_joint_presigning,1,critical-pair-wall,sg_load,1.0,load-anchor:descriptive,0,,31,0.2362374146691184,"[-56.360239, 35.503286]",5.041685,"[-3.0915927885286028, 1.9533133775207823]",0.27331921943371074,20,16,"[-0.44761904761904764, 0.5523809523809524]",0.06666666666666667,"[6.78121, 99.192476, 32.693488, -116.948048, 34.477031, -89.793747, 33.111232, 3.30216, -26.815193, -53.68291, 87.08119, 120.291129, -57.176515, -85.68574, 36.529541, 171.980838, -55.543963, 134.663183, -81.171667, -77.575755]",sg_to_us,"[0, 1, 2, 3, 4, 5, 6, 7, 8, 9, 10, 11, 12, 13, 14, 15, 16, 17, 18, 19]",0.8123550415039062
phase-coalesced-itemwise,"{'median_reduction': 12387431769372345766, 'median_difference': 8299090040762998482, 'rank_biserial': 17491976672360218266}",preswap-sg-load-v3-final,load,phase-coalesced-batch-verification,batch_verification_with_phase_coalescing,1,critical-pair-wall,sg_load,1.0,load-anchor:descriptive,0,,31,0.18163788254901353,"[-50.5109255, 32.859571]",-18.455517,"[-2.7858135156075416, 1.768446334364591]",-1.0103342380400835,20,16,"[-0.6285714285714286, 0.4]",-0.08571428571428572,"[-28.877651, 215.712561, 110.21187, -62.015617, -18.74117, -60.270253, 84.161133, -2.571785, -51.175315, -49.846536, -13.895591, -18.169864, 22.788034, 49.519172, -62.123506, 42.931108, -20.29253, -84.308518, -54.006271, 96.138943]",sg_to_us,"[0, 1, 2, 3, 4, 5, 6, 7, 8, 9, 10, 11, 12, 13, 14, 15, 16, 17, 18, 19]",0.7561664581298828
phase-coalesced-batch-verification,"{'median_reduction': 618820480302920798, 'median_difference': 6950628246659072899, 'rank_biserial': 14967287297998897724}",preswap-sg-load-v3-final,load,batch-joint-presigning-batch-verification,batch_joint_presigning_vs_phase_coalesced_aggregate,1,critical-pair-wall,sg_load,1.0,load-anchor:descriptive,0,,31,-0.22645811885794837,"[-59.6125595, 48.2332885]",-9.221088000000002,"[-3.2864102009022993, 2.5340988626065815]",-0.5167233189072868,20,16,"[-0.5714285714285714, 0.4380952380952381]",-0.06666666666666667,"[54.74179, -39.248335, -81.041895, -69.675722, 105.883794, -43.571503, -58.383343, 10.098167, 7.366389, 35.289424, 80.664336, 80.922658, -62.275857, -70.832224, -25.808565, 70.874527, -60.841776, 58.247503, 41.724787, -100.984092]",sg_to_us,"[0, 1, 2, 3, 4, 5, 6, 7, 8, 9, 10, 11, 12, 13, 14, 15, 16, 17, 18, 19]",0.8123550415039062
additive_session_and_verification_main_effects,"{'median_reduction': 6322379274022725163, 'median_difference': 3989319275541273838, 'rank_biserial': 17201625738638999936}",preswap-sg-load-v3-final,load,observed_combined_shared_aggregate_effect,session_verification_interaction,1,critical-pair-wall-interaction,sg_load,1.0,load-anchor:descriptive,0,shared_itemwise + independent_aggregate - independent_itemwise - shared_aggregate; positive values mean the combined method saves more wall time than the sum of the two isolated main effects,31,0.1285559869274074,"[-52.991166, 44.438531]",-15.500885,"[-2.928110278963279, 2.419972802605221]",-0.8362185603141493,20,16,"[-0.5428571428571428, 0.45714285714285713]",-0.02857142857142857,"[35.658861, -116.520085, -77.518382, -54.932431, 53.218201, -29.523494, -51.049901, 5.873945, 24.360122, -3.836374, 100.976781, 138.460993, -79.964549, -135.204912, 98.653047, 129.04973, -35.251433, 218.971701, -27.165396, -173.714698]",sg_to_us,"[0, 1, 2, 3, 4, 5, 6, 7, 8, 9, 10, 11, 12, 13, 14, 15, 16, 17, 18, 19]",0.9272785186767578
reference-itemwise,"{'median_reduction': 467062320248506724, 'median_difference': 9517940872324852010, 'rank_biserial': 4032722089062470472}",preswap-sg-load-v3-final,load,batch-joint-presigning-batch-verification,complete_method_vs_reference,64,stage-wall,sg_load,2.288818359375e-05,high-load:H3-secondary-system-contrast,12,,31,45.42576524546195,"[7859.728047, 8052.36638]",7936.454943000001,"[45.14210228524168, 45.85563250846954]",45.394560843658326,20,16,"[1.0, 1.0]",1.0,"[7842.435524, 7924.29396, 7790.910042, 8004.001202, 7856.867952, 8131.760179, 8100.731558, 7837.672387, 7450.86797, 7739.135172, 7902.077789, 7896.827105, 7961.70546, 8106.505814, 8151.805905, 8317.005227, 7957.835724, 8211.714667, 7862.588142, 7948.615926]",sg_to_us,"[0, 1, 2, 3, 4, 5, 6, 7, 8, 9, 10, 11, 12, 13, 14, 15, 16, 17, 18, 19]",1.9073486328125e-06
reference-itemwise,"{'median_reduction': 5860529943959291007, 'median_difference': 17620338535403868858, 'rank_biserial': 18007702043580221174}",preswap-sg-load-v3-final,load,phase-coalesced-itemwise,phase_coalescing_vs_reference,64,stage-wall,sg_load,0.00011444091796875,high-load:exploratory,60,,31,44.00127896230716,"[7598.7042525, 7816.5030495]",7692.863829,"[43.732669630717005, 44.45328024953025]",44.09008544576194,20,16,"[1.0, 1.0]",1.0,"[7555.789621, 7669.022182, 7597.790975, 7639.530739, 7465.666929, 7836.538753, 7931.544597, 7534.169239, 7152.996557, 7599.61753, 7664.770153, 7716.705476, 7797.102422, 7951.82208, 7835.903677, 8099.960227, 7780.910765, 7929.434241, 7471.61783, 7782.11612]",sg_to_us,"[0, 1, 2, 3, 4, 5, 6, 7, 8, 9, 10, 11, 12, 13, 14, 15, 16, 17, 18, 19]",1.9073486328125e-06
phase-coalesced-itemwise,"{'median_reduction': 4527323555094278225, 'median_difference': 17091804602562516246, 'rank_biserial': 13620709923363764421}",preswap-sg-load-v3-final,load,batch-joint-presigning-itemwise,batch_joint_presigning_vs_phase_coalesced_itemwise,64,stage-wall,sg_load,1.0,high-load:exploratory,60,,31,0.33109336761899316,"[-20.916416, 77.960573]",0.7597269999999998,"[-0.21420726421584002, 0.7948696719062316]",0.007297058282706062,20,16,"[-0.26666666666666666, 0.6952380952380952]",0.2761904761904762,"[80.314961, 55.916112, -24.502528, 8.321686, 144.40253, -17.330304, -47.468073, 119.301139, 169.099439, -10.76226, 102.101331, -50.526172, -76.800417, 8.624776, -15.292951, -61.229972, -6.802232, 75.606185, 237.244712, -30.322726]",sg_to_us,"[0, 1, 2, 3, 4, 5, 6, 7, 8, 9, 10, 11, 12, 13, 14, 15, 16, 17, 18, 19]",0.2942523956298828
reference-itemwise,"{'median_reduction': 14944253583831055592, 'median_difference': 7669052138399523771, 'rank_biserial': 10772461668634664321}",preswap-sg-load-v3-final,load,batch-joint-presigning-itemwise,batch_joint_presigning_vs_reference,64,stage-wall,sg_load,0.00011444091796875,high-load:exploratory,60,,31,44.19209468496058,"[7650.6614015, 7796.658491]",7722.6201495,"[43.95412648394897, 44.36692254271392]",44.23814383575588,20,16,"[1.0, 1.0]",1.0,"[7636.104582, 7724.938294, 7573.288447, 7647.852425, 7610.069459, 7819.208449, 7884.076524, 7653.470378, 7322.095996, 7588.85527, 7766.871484, 7666.179304, 7720.302005, 7960.446856, 7820.610726, 8038.730255, 7774.108533, 8005.040426, 7708.862542, 7751.793394]",sg_to_us,"[0, 1, 2, 3, 4, 5, 6, 7, 8, 9, 10, 11, 12, 13, 14, 15, 16, 17, 18, 19]",1.9073486328125e-06
batch-joint-presigning-itemwise,"{'median_reduction': 5764539646744165666, 'median_difference': 5787381737653222160, 'rank_biserial': 12216990558266534064}",preswap-sg-load-v3-final,load,batch-joint-presigning-batch-verification,batch_verification_with_batch_joint_presigning,64,stage-wall,sg_load,2.288818359375e-05,high-load:H1-aggregate-within-shared,12,,31,2.210927392277334,"[183.96460000000002, 236.02562799999998]",206.5025915,"[1.8869612704208798, 2.4105894354850728]",2.12237742738473,20,16,"[1.0, 1.0]",1.0,"[206.330942, 199.355666, 217.621595, 356.148777, 246.798493, 312.55173, 216.655034, 184.202009, 128.771974, 150.279902, 135.206305, 230.647801, 241.403455, 146.058958, 331.195179, 278.274972, 183.727191, 206.674241, 153.7256, 196.822532]",sg_to_us,"[0, 1, 2, 3, 4, 5, 6, 7, 8, 9, 10, 11, 12, 13, 14, 15, 16, 17, 18, 19]",1.9073486328125e-06
phase-coalesced-itemwise,"{'median_reduction': 15618647972834461538, 'median_difference': 11313289801780064686, 'rank_biserial': 11044152770672433738}",preswap-sg-load-v3-final,load,phase-coalesced-batch-verification,batch_verification_with_phase_coalescing,64,stage-wall,sg_load,0.00011444091796875,high-load:exploratory,60,,31,2.8384800658532656,"[203.9281115, 332.50235299999997]",285.713573,"[2.090275642879649, 3.3898088194889264]",2.9145595963837065,20,16,"[1.0, 1.0]",1.0,"[284.828685, 194.306596, 183.407259, 296.300485, 480.748325, 347.412401, 140.017998, 351.607076, 440.168017, 188.08995, 359.871023, 94.873534, 296.956248, 174.916248, 286.598461, 317.592305, 229.224189, 277.846453, 417.874059, 213.549627]",sg_to_us,"[0, 1, 2, 3, 4, 5, 6, 7, 8, 9, 10, 11, 12, 13, 14, 15, 16, 17, 18, 19]",1.9073486328125e-06
phase-coalesced-batch-verification,"{'median_reduction': 5321437192365597129, 'median_difference': 7315419086185967953, 'rank_biserial': 13512754426066494458}",preswap-sg-load-v3-final,load,batch-joint-presigning-batch-verification,batch_joint_presigning_vs_phase_coalesced_aggregate,64,stage-wall,sg_load,0.9730720520019531,high-load:H2-envelope-beyond-phase-coalescing,12,,31,-0.31452703356023093,"[-52.2451025, 7.0728905]",-36.976784,"[-0.5500716803158485, 0.07424896001331777]",-0.38880372582050216,20,16,"[-0.8, 0.06666666666666667]",-0.41904761904761906,"[1.817218, 60.965182, 9.711808, 68.169978, -89.547302, -52.190975, 29.168963, -48.103928, -142.296604, -48.572308, -122.563387, 85.248095, -132.35321, -20.232514, 29.303767, -100.547305, -52.29923, 4.433973, -26.903747, -47.049821]",sg_to_us,"[0, 1, 2, 3, 4, 5, 6, 7, 8, 9, 10, 11, 12, 13, 14, 15, 16, 17, 18, 19]",0.10539817810058594
additive_session_and_verification_main_effects,"{'median_reduction': 2460056634106915577, 'median_difference': 14609993827990708234, 'rank_biserial': 14737829383390193506}",preswap-sg-load-v3-final,load,observed_combined_shared_aggregate_effect,session_verification_interaction,64,stage-wall-interaction,sg_load,1.0,high-load:exploratory,60,shared_itemwise + independent_aggregate - independent_itemwise - shared_aggregate; positive values mean the combined method saves more wall time than the sum of the two isolated main effects,31,-0.6324430341961491,"[-74.83497750000001, -5.839012499999999]",-38.5636905,"[-0.7629906326050293, -0.06021641145883886]",-0.3948671406854992,20,16,"[-0.8666666666666667, -0.02857142857142857]",-0.5047619047619047,"[-78.497743, 5.04907, 34.214336, 59.848292, -233.949832, -34.860671, 76.637036, -167.405067, -311.396043, -37.810048, -224.664718, 135.774267, -55.552793, -28.85729, 44.596718, -39.317333, -45.496998, -71.172212, -264.148459, -16.727095]",sg_to_us,"[0, 1, 2, 3, 4, 5, 6, 7, 8, 9, 10, 11, 12, 13, 14, 15, 16, 17, 18, 19]",0.04844093322753906
reference-itemwise,"{'median_reduction': 9911725528858606451, 'median_difference': 12132366759876850361, 'rank_biserial': 12104897920766628759}",preswap-sg-load-v3-final,load,batch-joint-presigning-batch-verification,complete_method_vs_reference,128,stage-wall,sg_load,2.288818359375e-05,high-load:H3-secondary-system-contrast,12,,31,47.205878964865846,"[15568.79853, 15929.292525]",15742.691949,"[46.825970789186, 47.54037498374407]",47.264909915582976,20,16,"[1.0, 1.0]",1.0,"[16608.643714, 15610.668514, 16315.607546, 15616.581891, 16160.400344, 15526.928546, 15915.290123, 15695.713778, 15433.516548, 15830.796526, 16074.945934, 15482.201804, 16045.454128, 15726.346478, 15412.088792, 15943.294927, 15011.014311, 15890.824262, 14887.403967, 15759.03742]",sg_to_us,"[0, 1, 2, 3, 4, 5, 6, 7, 8, 9, 10, 11, 12, 13, 14, 15, 16, 17, 18, 19]",1.9073486328125e-06
reference-itemwise,"{'median_reduction': 7187995969995277866, 'median_difference': 9491869138645573478, 'rank_biserial': 16525065612806702717}",preswap-sg-load-v3-final,load,phase-coalesced-itemwise,phase_coalescing_vs_reference,128,stage-wall,sg_load,0.00011444091796875,high-load:exploratory,60,,31,45.78401573551794,"[15041.364160000001, 15458.3427395]",15223.1372705,"[45.34030713853474, 46.03308013935069]",45.757463207694826,20,16,"[1.0, 1.0]",1.0,"[16330.190545, 15225.08805, 15933.435854, 15201.801912, 15525.941667, 15077.281729, 15495.094807, 15005.446591, 14988.473924, 15383.931044, 15462.063216, 14957.750197, 15454.622263, 15221.186491, 14969.139215, 15507.724172, 14664.014257, 15376.966264, 14475.02847, 15208.22728]",sg_to_us,"[0, 1, 2, 3, 4, 5, 6, 7, 8, 9, 10, 11, 12, 13, 14, 15, 16, 17, 18, 19]",1.9073486328125e-06
phase-coalesced-itemwise,"{'median_reduction': 17852380243742165152, 'median_difference': 15644776769483677592, 'rank_biserial': 4035571047801942336}",preswap-sg-load-v3-final,load,batch-joint-presigning-itemwise,batch_joint_presigning_vs_phase_coalesced_itemwise,128,stage-wall,sg_load,1.0,high-load:exploratory,60,,31,0.018686729089798012,"[-54.7995735, 52.7247055]",-25.053151,"[-0.3042260015745625, 0.29137898270560186]",-0.13850626347204428,20,16,"[-0.4857142857142857, 0.5142857142857142]",0.047619047619047616,"[-55.561765, -37.308804, -59.271539, -78.21983, 133.618951, 48.677204, 21.637656, -12.797498, 100.982184, 82.878839, -39.664242, 38.645496, 95.658193, -87.291813, 141.446073, -100.159197, -47.18603, 56.772207, -54.037382, -78.086322]",sg_to_us,"[0, 1, 2, 3, 4, 5, 6, 7, 8, 9, 10, 11, 12, 13, 14, 15, 16, 17, 18, 19]",0.8694877624511719
reference-itemwise,"{'median_reduction': 13036482978373039909, 'median_difference': 2608614961494713977, 'rank_biserial': 2015560414845824606}",preswap-sg-load-v3-final,load,batch-joint-presigning-itemwise,batch_joint_presigning_vs_reference,128,stage-wall,sg_load,0.00011444091796875,high-load:exploratory,60,,31,45.79461542723755,"[15117.083685000001, 15450.274177]",15160.836962000001,"[45.501826479197625, 46.175730486370774]",45.69004197157563,20,16,"[1.0, 1.0]",1.0,"[16274.62878, 15187.779246, 15874.164315, 15123.582082, 15659.560618, 15125.958933, 15516.732463, 14992.649093, 15089.456108, 15466.809883, 15422.398974, 14996.395693, 15550.280456, 15133.894678, 15110.585288, 15407.564975, 14616.828227, 15433.738471, 14420.991088, 15130.140958]",sg_to_us,"[0, 1, 2, 3, 4, 5, 6, 7, 8, 9, 10, 11, 12, 13, 14, 15, 16, 17, 18, 19]",1.9073486328125e-06
batch-joint-presigning-itemwise,"{'median_reduction': 810511765193510049, 'median_difference': 12793624133868297757, 'rank_biserial': 15755886325904948693}",preswap-sg-load-v3-final,load,batch-joint-presigning-batch-verification,batch_verification_with_batch_joint_presigning,128,stage-wall,sg_load,2.288818359375e-05,high-load:H1-aggregate-within-shared,12,,31,2.6017002014687205,"[399.76363649999996, 498.006699]",461.749335,"[2.2141616351139524, 2.7597318403544895]",2.558191803616242,20,16,"[1.0, 1.0]",1.0,"[334.014934, 422.889268, 441.443231, 492.999809, 500.839726, 400.969613, 398.55766, 703.064685, 344.06044, 363.986643, 652.54696, 485.806111, 495.173672, 592.4518, 301.503504, 535.729952, 394.186084, 457.085791, 466.412879, 628.896462]",sg_to_us,"[0, 1, 2, 3, 4, 5, 6, 7, 8, 9, 10, 11, 12, 13, 14, 15, 16, 17, 18, 19]",1.9073486328125e-06
phase-coalesced-itemwise,"{'median_reduction': 17471580145735286547, 'median_difference': 16824163795576185649, 'rank_biserial': 9005064785958406965}",preswap-sg-load-v3-final,load,phase-coalesced-batch-verification,batch_verification_with_phase_coalescing,128,stage-wall,sg_load,0.00011444091796875,high-load:exploratory,60,,31,2.5518152119452884,"[422.507131, 493.5213075]",467.4574715,"[2.342261231192815, 2.731797040692705]",2.57887239634552,20,16,"[1.0, 1.0]",1.0,"[324.088896, 424.902579, 354.307192, 494.435145, 610.947406, 488.688425, 420.111683, 582.182726, 577.649979, 525.954657, 488.955216, 492.60747, 504.744189, 446.226518, 492.159438, 434.242386, 442.962712, 340.980068, 403.904656, 382.428846]",sg_to_us,"[0, 1, 2, 3, 4, 5, 6, 7, 8, 9, 10, 11, 12, 13, 14, 15, 16, 17, 18, 19]",1.9073486328125e-06
phase-coalesced-batch-verification,"{'median_reduction': 8030040559543875234, 'median_difference': 9021113989126541278, 'rank_biserial': 3312566017713518826}",preswap-sg-load-v3-final,load,batch-joint-presigning-batch-verification,batch_joint_presigning_vs_phase_coalesced_aggregate,128,stage-wall,sg_load,1.0,high-load:H2-envelope-beyond-phase-coalescing,12,,31,0.07046330033729367,"[-42.478921, 45.388803]",4.899605,"[-0.24085704272014835, 0.2567943380989533]",0.02776671205030119,20,16,"[-0.3904761904761905, 0.6]",0.12380952380952381,"[-45.635727, -39.322115, 27.8645, -79.655166, 23.511271, -39.041608, 0.083633, 108.084461, -132.607355, -79.089175, 123.927502, 31.844137, 86.087676, 58.933469, -49.209861, 1.328369, -95.962658, 172.87793, 8.470841, 168.381294]",sg_to_us,"[0, 1, 2, 3, 4, 5, 6, 7, 8, 9, 10, 11, 12, 13, 14, 15, 16, 17, 18, 19]",0.6476554870605469
additive_session_and_verification_main_effects,"{'median_reduction': 3902745172741746144, 'median_difference': 17022506602679367190, 'rank_biserial': 2151129597042380273}",preswap-sg-load-v3-final,load,observed_combined_shared_aggregate_effect,session_verification_interaction,128,stage-wall-interaction,sg_load,1.0,high-load:exploratory,60,shared_itemwise + independent_aggregate - independent_itemwise - shared_aggregate; positive values mean the combined method saves more wall time than the sum of the two isolated main effects,31,0.05045693718372897,"[-35.1653255, 94.3118025]",-1.7243235,"[-0.19554602917281275, 0.5237119503637402]",-0.009553541875455013,20,16,"[-0.44761904761904764, 0.5428571428571428]",0.06666666666666667,"[9.926038, -2.013311, 87.136039, -1.435336, -110.10768, -87.718812, -21.554023, 120.881959, -233.589539, -161.968014, 163.591744, -6.801359, -9.570517, 146.225282, -190.655934, 101.487566, -48.776628, 116.105723, 62.508223, 246.467616]",sg_to_us,"[0, 1, 2, 3, 4, 5, 6, 7, 8, 9, 10, 11, 12, 13, 14, 15, 16, 17, 18, 19]",0.8123550415039062
reference-itemwise,"{'median_reduction': 15486689932694923823, 'median_difference': 2986496336266234653, 'rank_biserial': 11148280335275416037}",preswap-sg-load-v3-final,load,batch-joint-presigning-batch-verification,complete_method_vs_reference,1024,stage-wall,sg_load,2.288818359375e-05,high-load:H3-secondary-system-contrast,12,,31,48.29509296500305,"[124853.071152, 127835.02720099999]",126326.14629450001,"[47.917913610667654, 48.54023734054398]",48.27737061705854,20,16,"[1.0, 1.0]",1.0,"[124757.806536, 126222.440378, 126413.9192, 123865.78674, 124106.027065, 126494.181931, 124948.335768, 124327.375555, 126996.670696, 127619.79806, 125729.480332, 123956.435736, 123975.385418, 128050.256342, 128776.596715, 130861.340973, 128365.413117, 130005.120856, 128100.02653, 126238.373389]",sg_to_us,"[0, 1, 2, 3, 4, 5, 6, 7, 8, 9, 10, 11, 12, 13, 14, 15, 16, 17, 18, 19]",1.9073486328125e-06
reference-itemwise,"{'median_reduction': 10021682623121714237, 'median_difference': 4024465701758227951, 'rank_biserial': 6444607486178144126}",preswap-sg-load-v3-final,load,phase-coalesced-itemwise,phase_coalescing_vs_reference,1024,stage-wall,sg_load,0.00011444091796875,high-load:exploratory,60,,31,46.829769955049116,"[121396.3824345, 123882.221422]",122258.086068,"[46.56626479342982, 47.11009129242879]",46.72886284489218,20,16,"[1.0, 1.0]",1.0,"[121698.397773, 122917.839222, 121761.285756, 120783.275704, 120786.083315, 122442.64753, 121094.367096, 120542.729666, 123273.766562, 124111.334565, 121804.813327, 119956.520995, 119832.912552, 123653.108279, 124748.563508, 125882.130587, 125334.660574, 126061.338342, 124285.25841, 122073.524606]",sg_to_us,"[0, 1, 2, 3, 4, 5, 6, 7, 8, 9, 10, 11, 12, 13, 14, 15, 16, 17, 18, 19]",1.9073486328125e-06
phase-coalesced-itemwise,"{'median_reduction': 11563226717505924397, 'median_difference': 2588790751571313193, 'rank_biserial': 7854519012798684548}",preswap-sg-load-v3-final,load,batch-joint-presigning-itemwise,batch_joint_presigning_vs_phase_coalesced_itemwise,1024,stage-wall,sg_load,1.0,high-load:exploratory,60,,31,0.02907884071165856,"[-165.481455, 180.258434]",-79.204424,"[-0.11894834266871152, 0.12947605611632307]",-0.05694023154563954,20,16,"[-0.5428571428571428, 0.45714285714285713]",-0.02857142857142857,"[0.221259, -56.493091, -146.141933, 124.004662, -709.032439, -162.038664, -352.809867, 1147.899434, -168.924246, -310.145826, -111.101633, 388.904811, 896.109688, 320.548854, -234.705513, 236.512206, -620.598586, -101.915757, -17.71582, 704.518801]",sg_to_us,"[0, 1, 2, 3, 4, 5, 6, 7, 8, 9, 10, 11, 12, 13, 14, 15, 16, 17, 18, 19]",0.9272785186767578
reference-itemwise,"{'median_reduction': 1680052005255522690, 'median_difference': 16819949758189457601, 'rank_biserial': 10352959061580507680}",preswap-sg-load-v3-final,load,batch-joint-presigning-itemwise,batch_joint_presigning_vs_reference,1024,stage-wall,sg_load,0.00011444091796875,high-load:exploratory,60,,31,46.84586111859095,"[121652.8864615, 123887.422936]",122529.32613649999,"[46.59444660517097, 47.103007221989216]",46.788951213767014,20,16,"[1.0, 1.0]",1.0,"[121698.619032, 122861.346131, 121615.143823, 120907.280366, 120077.050876, 122280.608866, 120741.557229, 121690.6291, 123104.842316, 123801.188739, 121693.711694, 120345.425806, 120729.02224, 123973.657133, 124513.857995, 126118.642793, 124714.061988, 125959.422585, 124267.54259, 122778.043407]",sg_to_us,"[0, 1, 2, 3, 4, 5, 6, 7, 8, 9, 10, 11, 12, 13, 14, 15, 16, 17, 18, 19]",1.9073486328125e-06
batch-joint-presigning-itemwise,"{'median_reduction': 10628423057155678840, 'median_difference': 714789672554607206, 'rank_biserial': 15314872487478205993}",preswap-sg-load-v3-final,load,batch-joint-presigning-batch-verification,batch_verification_with_batch_joint_presigning,1024,stage-wall,sg_load,2.288818359375e-05,high-load:H1-aggregate-within-shared,12,,31,2.727225119646275,"[3535.669956, 4061.14874]",3862.15616,"[2.5421539125761132, 2.9186783842162014]",2.7780653387303995,20,16,"[1.0, 1.0]",1.0,"[3059.187504, 3361.094247, 4798.775377, 2958.506374, 4028.976189, 4213.573065, 4206.778539, 2636.746455, 3891.82838, 3818.609321, 4035.768638, 3611.00993, 3246.363178, 4076.599209, 4262.73872, 4742.69818, 3651.351129, 4045.698271, 3832.48394, 3460.329982]",sg_to_us,"[0, 1, 2, 3, 4, 5, 6, 7, 8, 9, 10, 11, 12, 13, 14, 15, 16, 17, 18, 19]",1.9073486328125e-06
phase-coalesced-itemwise,"{'median_reduction': 13995741674110767344, 'median_difference': 3480252394178774977, 'rank_biserial': 2135080716431483230}",preswap-sg-load-v3-final,load,phase-coalesced-batch-verification,batch_verification_with_phase_coalescing,1024,stage-wall,sg_load,0.00011444091796875,high-load:exploratory,60,,31,2.829832612501989,"[3804.038583, 4060.5113385000004]",3978.741947,"[2.7361949958448095, 2.911641919709]",2.85942627120865,20,16,"[1.0, 1.0]",1.0,"[4039.442777, 3508.811039, 4381.946579, 3797.191399, 3655.279784, 3810.885767, 4007.829268, 4009.397102, 3568.622191, 3960.628162, 3996.855732, 4669.152969, 4285.125281, 4081.5799, 2973.896124, 4391.739458, 3510.057766, 3828.646334, 3908.550758, 4432.887149]",sg_to_us,"[0, 1, 2, 3, 4, 5, 6, 7, 8, 9, 10, 11, 12, 13, 14, 15, 16, 17, 18, 19]",1.9073486328125e-06
phase-coalesced-batch-verification,"{'median_reduction': 4649064500728386867, 'median_difference': 5005867564886978914, 'rank_biserial': 11927628267050969775}",preswap-sg-load-v3-final,load,batch-joint-presigning-batch-verification,batch_joint_presigning_vs_phase_coalesced_aggregate,1024,stage-wall,sg_load,1.0,high-load:H2-envelope-beyond-phase-coalescing,12,,31,-0.07610382918954958,"[-301.68719999999996, 134.70906150000002]",-148.2565055,"[-0.223237900323198, 0.09955603986116235]",-0.10962527507593753,20,16,"[-0.7238095238095238, 0.24761904761904763]",-0.26666666666666666,"[-980.034014, -204.209883, 270.686865, -714.680363, -335.336034, 240.648634, -153.860596, -224.751213, 154.281943, -452.164667, -72.188727, -669.238228, -142.652415, 315.568163, 1054.137083, 587.470928, -479.305223, 115.13618, -93.782638, -268.038366]",sg_to_us,"[0, 1, 2, 3, 4, 5, 6, 7, 8, 9, 10, 11, 12, 13, 14, 15, 16, 17, 18, 19]",0.3117942810058594
additive_session_and_verification_main_effects,"{'median_reduction': 6069336826556382741, 'median_difference': 12821118179211333949, 'rank_biserial': 11866550191563262384}",preswap-sg-load-v3-final,load,observed_combined_shared_aggregate_effect,session_verification_interaction,1024,stage-wall-interaction,sg_load,1.0,high-load:exploratory,60,shared_itemwise + independent_aggregate - independent_itemwise - shared_aggregate; positive values mean the combined method saves more wall time than the sum of the two isolated main effects,31,-0.1027641143572678,"[-493.20090849999997, 270.129063]",16.9661075,"[-0.35512379834955465, 0.19435125065433703]",0.01219311910149332,20,16,"[-0.5904761904761905, 0.4380952380952381]",-0.09523809523809523,"[-980.255273, -147.716792, 416.828798, -838.685025, 373.696405, 402.687298, 198.949271, -1372.650647, 323.206189, -142.018841, 38.912906, -1058.143039, -1038.762103, -4.980691, 1288.842596, 350.958722, 141.293363, 217.051937, -76.066818, -972.557167]",sg_to_us,"[0, 1, 2, 3, 4, 5, 6, 7, 8, 9, 10, 11, 12, 13, 14, 15, 16, 17, 18, 19]",0.7285060882568359
