campaign_id,campaign_profile,concurrent_pairs,critical_p95_ci95_ms,critical_p99_ci95_ms,evidence_label,items_per_arc,max_server_gateway_queue_wait_ms,median_application_goodput_mbps,median_client_context_switches,median_client_cpu_ms_per_completed_pair,median_client_cpu_pct,median_client_cpu_seconds_per_workload,median_client_host_cpu_pct,median_client_host_cpu_steal_pct,median_client_interface_mbps,median_client_involuntary_context_switches,median_client_launch_skew_ms,median_client_max_run_queue_depth,median_client_process_peak_rss_sum_kb,median_client_run_queue_depth,median_client_scheduler_wait_ms_per_pair,median_client_tcp_retransmissions,median_client_tcp_segments,median_client_voluntary_context_switches,median_completed_items_per_second,median_completed_pairs_per_second,median_critical_arc_ms,median_pair_jain_fairness,median_received_bytes,median_received_frames,median_sent_bytes,median_sent_frames,median_server_context_switches,median_server_cpu_ms_per_completed_pair,median_server_cpu_pct,median_server_cpu_seconds_per_workload,median_server_gateway_peak_queue_depth,median_server_gateway_peak_queue_utilization_pct,median_server_gateway_queue_wait_ms_per_queued_session,median_server_host_cpu_pct,median_server_host_cpu_steal_pct,median_server_interface_mbps,median_server_max_run_queue_depth,median_server_process_peak_rss_sum_kb,median_server_run_queue_depth,median_server_scheduler_wait_ms_per_pair,median_server_tcp_retransmissions,median_server_tcp_segments,median_stage_wall_ms,median_total_cpu_ms_per_completed_pair,median_total_cpu_seconds_per_workload,mode,p95_critical_arc_ms,p95_stage_wall_ms,p99_critical_arc_ms,p99_stage_wall_ms,pair_p50_ms,pair_p95_ci95_ms,pair_p95_ms,pair_p99_ci95_ms,pair_p99_ms,participants,route,stage_p95_ci95_ms,stage_p99_ci95_ms,total_client_cgroup_throttled_periods,total_client_cgroup_throttled_usec,total_server_cgroup_throttled_periods,total_server_cgroup_throttled_usec,total_server_gateway_queued_sessions,total_server_gateway_rejected_sessions,trials
preswap-eu-primary-v3-final,primary,1,"[757.478658, 760.013314]","[759.262211, 770.104078]",eu_primary,5,0.0,0.01982946659816479,15.0,6.8015,0.8829560494713603,0.0068015,1.6181229773462784,0.0,0.04619784598792637,0.0,0.0,2.0,37972.0,1.0,0.0,0.0,23.0,15.0,6.485304355757715,1.297060871151543,753.4376965,1.0,1093.0,4.0,818.0,3.0,9.0,23.509500000000003,1.8536410238205367,0.023509500000000003,0.0,0.0,0.0,1.5763562099116308,0.0,0.027987781745819985,2.0,21956.0,1.0,0.0,0.0,23.0,770.97384,30.3285,0.0303285,batch-joint-presigning-batch-verification,759.262211,776.996513,760.966285,780.260859,753.413328,"[757.478658, 760.013314]",759.262211,"[759.262211, 770.104078]",760.966285,3,eu_to_us,"[775.162752, 778.59465]","[776.996513, 788.131912]",0,0,0,0,0,0,100
preswap-eu-primary-v3-final,primary,1,"[758.409062, 759.933742]","[759.442235, 760.588011]",eu_primary,5,0.0,0.0184500677814302,12.0,7.0235,0.9104330263714038,0.0070235,1.6129032258064515,0.0,0.04313585109052985,0.0,0.0,2.0,37972.0,1.0,0.0,0.0,21.0,12.0,6.481895651148889,1.2963791302297776,753.8867515,1.0,961.0,3.0,818.0,3.0,9.0,24.0415,1.8938605626180491,0.0240415,0.0,0.0,0.0,1.5763562099116308,0.0,0.026840003928301888,2.0,21926.0,1.0,0.0,0.0,23.0,771.37928,31.0395,0.031039499999999998,batch-joint-presigning-itemwise,759.442235,777.001543,760.109302,777.747277,753.856935,"[758.409062, 759.933742]",759.442235,"[759.442235, 760.588011]",760.109302,3,eu_to_us,"[775.546347, 777.611934]","[777.001543, 784.382033]",0,0,0,0,0,0,100
preswap-eu-primary-v3-final,primary,1,"[757.027923, 759.021724]","[757.957492, 760.440461]",eu_primary,5,0.0,0.028126798699074605,15.0,6.836500000000001,0.8884895763062637,0.0068365000000000006,1.6129032258064515,0.0,0.054481443048744,0.0,0.0,2.0,37972.0,1.0,0.0,0.0,23.0,15.0,6.484415044972936,1.296883008994587,753.5732370000001,1.0,1413.0,4.0,1298.0,3.0,9.0,23.532,1.8550030859907074,0.023532,0.0,0.0,0.0,1.5748031496062993,0.0,0.03303943293378543,2.0,21984.0,1.0,0.0,0.0,23.0,771.0795755,30.421999999999997,0.030421999999999998,phase-coalesced-batch-verification,757.957492,775.320308,759.097996,776.560302,753.565699,"[757.027923, 759.021724]",757.957492,"[757.957492, 760.440461]",759.097996,3,eu_to_us,"[774.646353, 776.478451]","[775.320308, 777.515485]",0,0,0,0,0,0,100
preswap-eu-primary-v3-final,primary,1,"[757.746415, 760.015787]","[758.978416, 761.558746]",eu_primary,5,0.0,0.026754825362203014,12.0,7.036,0.9113106210731392,0.007036,1.6129032258064515,0.0,0.0514886624129765,0.0,0.0,2.0,37972.0,1.0,0.0,0.0,21.0,12.0,6.483817701193054,1.2967635402386106,753.840985,1.0,1281.0,3.0,1298.0,3.0,9.0,24.032,1.894039494951163,0.024031999999999998,0.0,0.0,0.0,1.5779092702169626,0.0,0.03156303954597146,2.0,21962.0,1.0,0.0,0.0,22.0,771.150614,31.1065,0.031106500000000002,phase-coalesced-itemwise,758.978416,776.703822,760.354681,777.936947,753.796135,"[757.746415, 760.015787]",758.978416,"[758.978416, 761.558746]",760.354681,3,eu_to_us,"[775.242913, 777.444259]","[776.703822, 779.107117]",0,0,0,0,0,0,100
preswap-eu-primary-v3-final,primary,1,"[756.974505, 758.34209]","[758.036532, 759.184445]",eu_primary,5,0.0,0.03443175776639251,22.0,7.2705,0.9444717238470355,0.0072705,1.6129032258064515,0.0,0.073692496901566,0.0,0.0,2.0,37972.0,1.0,0.0,0.0,33.0,22.0,6.491658704070986,1.2983317408141972,752.752019,1.0,1473.0,11.0,1842.0,15.0,17.0,24.5895,1.9383605839851863,0.0245895,0.0,0.0,0.0,1.5748031496062993,0.0,0.04528198859104024,2.0,21956.0,1.0,0.0,0.0,35.0,770.2191795,31.910999999999998,0.031910999999999995,reference-itemwise,758.036532,775.061259,759.172388,776.556683,752.727559,"[756.974505, 758.34209]",758.036532,"[758.036532, 759.184445]",759.172388,3,eu_to_us,"[774.304228, 776.057418]","[775.061259, 776.898882]",0,0,0,0,0,0,100
preswap-eu-primary-v3-final,primary,1,"[763.171731, 767.006767]","[765.734269, 782.572083]",eu_primary,9,0.0,0.029330773432762226,15.0,10.494,1.3533761997072067,0.010494,1.6129032258064515,0.0,0.05553487915193207,0.0,0.0,2.0,44294.0,1.0,0.0,0.0,23.0,15.0,11.606443936636477,1.2896048818484975,758.113243,1.0,1629.0,4.0,1214.0,3.0,9.0,27.9805,2.204177848254342,0.0279805,0.0,0.0,0.0,1.5810276679841897,0.0,0.0338531764009198,2.0,21974.0,1.0,0.0,0.0,23.0,775.431308,38.503,0.038503,batch-joint-presigning-batch-verification,765.734269,783.187751,767.720396,785.170825,758.026444,"[763.171731, 767.006767]",765.734269,"[765.734269, 782.572083]",767.720396,5,eu_to_us,"[781.119597, 784.661836]","[783.187751, 799.778337]",0,0,0,0,0,0,100
preswap-eu-primary-v3-final,primary,1,"[764.385473, 766.625342]","[765.609634, 768.283385]",eu_primary,9,0.0,0.027860153326897057,13.0,11.135,1.4318856466651089,0.011134999999999999,1.607717041800643,0.0,0.05238202774589733,0.0,0.0,2.0,44218.0,1.0,0.0,0.0,21.0,12.0,11.561295644691697,1.284588404965744,760.960385,1.0,1497.0,3.0,1214.0,3.0,9.0,29.305500000000002,2.3160732422501766,0.029305499999999998,0.0,0.0,0.0,1.6427104722792607,0.0,0.03272289868009311,2.0,21950.0,1.0,0.0,0.0,23.0,778.4594635,40.521,0.040521,batch-joint-presigning-itemwise,765.609634,783.148687,766.67912,784.700217,760.914174,"[764.385473, 766.625342]",765.609634,"[765.609634, 768.283385]",766.67912,5,eu_to_us,"[781.946243, 784.063144]","[783.148687, 786.1701]",0,0,0,0,0,0,100
preswap-eu-primary-v3-final,primary,1,"[763.021034, 768.210071]","[764.007513, 775.947152]",eu_primary,9,0.0,0.04410760410537374,15.0,10.5195,1.3536260403491007,0.0105195,1.607717041800643,0.0,0.07032249636794359,0.0,0.0,2.0,44214.0,1.0,0.0,0.0,23.0,15.0,11.585583613949442,1.2872870682166049,759.1589309999999,1.0,2205.0,4.0,2078.0,3.0,9.0,27.9705,2.204101418773138,0.027970500000000002,0.0,0.0,0.0,1.5810276679841897,0.0,0.04297249286272762,2.0,21980.0,1.0,0.0,0.0,23.0,776.8275085,38.5265,0.0385265,phase-coalesced-batch-verification,764.007513,781.30688,775.27714,792.769514,759.13961,"[763.407311, 768.210071]",764.007513,"[764.007513, 775.947152]",775.27714,5,eu_to_us,"[780.58181, 785.599517]","[781.30688, 794.267595]",0,0,0,0,0,0,100
preswap-eu-primary-v3-final,primary,1,"[765.132377, 769.592138]","[766.885774, 788.55922]",eu_primary,9,0.0,0.04261305403951768,13.0,11.157499999999999,1.4324442409510594,0.0111575,1.607717041800643,0.0,0.06712473933226426,0.0,0.0,2.0,44286.0,1.0,0.0,0.0,21.0,12.0,11.54894863754695,1.2832165152829944,761.8682145,1.0,2073.0,3.0,2078.0,3.0,9.0,29.3685,2.313632329030459,0.0293685,0.0,0.0,0.0,1.5810276679841897,0.0,0.041788950611949954,2.0,21946.0,1.0,0.0,0.0,23.0,779.291718,40.5435,0.040543499999999996,phase-coalesced-itemwise,766.885774,784.383108,770.435266,787.791681,761.834396,"[765.234695, 769.592138]",766.885774,"[766.885774, 788.55922]",770.435266,5,eu_to_us,"[782.698132, 786.790719]","[784.383108, 805.961054]",0,0,0,0,0,0,100
preswap-eu-primary-v3-final,primary,1,"[763.996942, 766.192937]","[765.167541, 768.194387]",eu_primary,9,0.0,0.05949999567630361,34.0,11.7305,1.5102833824822233,0.0117305,1.607717041800643,0.0,0.11678274519341422,0.0,0.0,2.0,44286.0,1.0,0.0,0.0,52.0,34.0,11.574873791430324,1.2860970879367026,760.2265235,1.0,2521.0,19.0,3262.0,27.0,27.0,30.3655,2.3936179457442024,0.0303655,0.0,0.0,0.0,1.6769352105637156,0.0,0.07243319347480714,2.0,21930.0,1.0,0.0,0.0,52.0,777.5462785,42.0905,0.0420905,reference-itemwise,765.167541,782.268712,766.921284,784.628449,760.199002,"[763.996942, 766.192937]",765.167541,"[765.167541, 768.194387]",766.921284,5,eu_to_us,"[781.814643, 783.738799]","[782.268712, 785.242071]",0,0,0,0,0,0,100
preswap-eu-primary-v3-final,primary,1,"[774.42015, 776.488186]","[775.606964, 777.403482]",eu_primary,15,0.0,0.04319509965481868,15.0,15.916,2.028941265748141,0.015916,1.6340567327409432,0.0,0.07026229495398581,0.0,0.0,2.0,51912.0,1.0,0.0,0.0,24.0,15.0,19.09710253543622,1.2731401690290816,768.0828240000001,1.0,2433.0,4.0,1808.0,3.0,9.0,34.221000000000004,2.6948856282804226,0.034221,0.0,0.0,0.0,1.7751479289940828,0.0,0.04340308196256063,2.0,21950.0,1.0,0.0,0.0,25.0,785.459469,50.204499999999996,0.0502045,batch-joint-presigning-batch-verification,775.606964,793.31447,776.750666,794.588196,767.980236,"[774.42015, 776.488186]",775.606964,"[775.606964, 777.403482]",776.750666,8,eu_to_us,"[791.53937, 793.868889]","[793.31447, 795.382827]",0,0,0,0,0,0,100
preswap-eu-primary-v3-final,primary,1,"[778.383161, 782.462699]","[780.047378, 1072.040245]",eu_primary,15,0.0,0.04156662089830492,12.0,17.37,2.200517805572192,0.01737,1.8867924528301887,0.0,0.06684970618866076,0.0,0.0,2.0,52014.0,1.0,0.0,0.0,22.0,12.0,18.96748945834065,1.26449929722271,773.4332274999999,1.0,2301.0,3.0,1808.0,3.0,9.0,37.37050000000001,2.938447806802719,0.0373705,0.0,0.0,0.0,1.7786561264822134,0.0,0.04193325660537808,2.0,21932.0,1.0,0.0,0.0,24.0,790.8268535,54.754999999999995,0.054755,batch-joint-presigning-itemwise,780.047378,798.144317,782.538034,800.292518,773.24162,"[778.383161, 782.462699]",780.047378,"[780.047378, 1072.040245]",782.538034,8,eu_to_us,"[795.840174, 799.688486]","[798.144317, 1089.951093]",0,0,0,0,0,0,100
preswap-eu-primary-v3-final,primary,1,"[773.696201, 778.184914]","[775.93969, 778.452561]",eu_primary,15,0.0,0.06757677122284228,15.0,15.922,2.028121537706534,0.015922,1.8897684661627285,0.0,0.0947391625476375,0.0,0.0,2.0,51922.0,1.0,0.0,0.0,24.0,14.0,19.07942268375686,1.2719615122504573,768.7365944999999,1.0,3393.0,4.0,3248.0,3.0,9.0,34.344,2.704030147589614,0.034344,0.0,0.0,0.0,1.7751479289940828,0.0,0.058853167258074365,2.0,22004.0,1.0,0.0,0.0,26.0,786.1873155000001,50.2715,0.050271500000000004,phase-coalesced-batch-verification,775.93969,794.050126,778.243372,795.836311,768.663378,"[773.696201, 778.184914]",775.93969,"[775.93969, 778.452561]",778.243372,8,eu_to_us,"[791.333353, 795.642065]","[794.050126, 796.039838]",0,0,0,0,0,0,100
preswap-eu-primary-v3-final,primary,1,"[778.413832, 782.094913]","[780.111978, 786.906223]",eu_primary,15,0.0,0.06587717871964868,13.0,17.3945,2.2013145584728946,0.0173945,1.8867924528301887,0.0,0.09119687329046357,0.0,0.0,2.0,51942.0,1.0,0.0,0.0,22.0,12.0,18.97675681354145,1.2651171209027634,772.9609375,1.0,3261.0,3.0,3248.0,3.0,9.0,37.4105,2.9458577577492404,0.0374105,0.0,0.0,0.0,1.7786561264822134,0.0,0.05738769734908648,2.0,21932.0,1.0,0.0,0.0,25.0,790.440656,54.828,0.054828,phase-coalesced-itemwise,780.111978,797.765538,782.279386,800.095019,772.85365,"[778.456502, 782.094913]",780.111978,"[780.111978, 786.906223]",782.279386,8,eu_to_us,"[795.735506, 799.383038]","[797.765538, 804.449907]",0,0,0,0,0,0,100
preswap-eu-primary-v3-final,primary,1,"[952.705847, 956.37525]","[954.214963, 957.981776]",eu_primary,15,0.0,0.0786394502518651,44.0,18.29,1.896319327964697,0.01829,1.5625,0.0,0.13907650208437955,0.0,0.0,2.0,51984.0,1.0,0.0,0.0,61.0,44.0,15.54548963861329,1.0363659759075525,947.3437185,1.0,4093.0,31.0,5392.0,45.0,39.0,39.2865,2.746579855844397,0.0392865,0.0,0.0,0.0,1.735794998125636,0.0,0.09373162813201424,3.0,22008.0,1.0,0.0,0.0,60.0,964.9101045,57.5375,0.057537500000000005,reference-itemwise,954.214963,971.745992,957.534985,974.762433,947.331294,"[952.705847, 956.37525]",954.214963,"[954.214963, 957.981776]",957.534985,8,eu_to_us,"[970.038622, 974.396718]","[971.745992, 975.461753]",0,0,0,0,0,0,100
preswap-eu-primary-v3-final,primary,1,"[798.891493, 801.50481]","[800.425447, 802.400913]",eu_primary,31,0.0,0.07847380514035063,15.0,29.627000000000002,3.6523660195234235,0.029627,2.1538461538461537,0.0,0.10526458396811451,0.0,0.0,2.0,59660.0,1.0,0.0,0.0,25.0,14.0,38.15861399408441,1.230923032067239,794.8384065,1.0,4577.0,4.0,3392.0,3.0,9.0,50.077999999999996,3.9106473723239095,0.050078,0.0,0.0,0.0,1.976284584980237,0.0,0.06654927585410536,2.0,22036.0,1.0,0.0,0.0,26.0,812.3984975000001,79.7445,0.0797445,batch-joint-presigning-batch-verification,800.425447,817.703308,802.26136,819.629143,794.760068,"[798.891493, 801.50481]",800.425447,"[800.425447, 802.400913]",802.26136,16,eu_to_us,"[816.052454, 818.965587]","[817.703308, 819.971672]",0,0,0,0,0,0,100
preswap-eu-primary-v3-final,primary,1,"[811.365748, 815.071315]","[812.590378, 816.200327]",eu_primary,31,0.0,0.07600151279994227,12.5,33.6705,4.081882856756744,0.0336705,2.127659574468085,0.0,0.10090257794106752,0.0,0.0,2.0,59660.0,1.0,0.0,0.0,23.0,12.0,37.57890290924797,1.21222267449187,807.3893860000001,1.0,4445.0,3.0,3392.0,3.0,9.0,58.2795,4.440142472000869,0.0582795,0.0,0.0,0.0,2.272727272727273,0.0,0.06335493475864455,2.0,22026.0,1.0,0.0,0.0,25.0,824.9309485,91.9535,0.09195350000000001,batch-joint-presigning-itemwise,812.590378,830.503637,816.120624,833.609757,807.290089,"[811.365748, 815.071315]",812.590378,"[812.590378, 816.200327]",816.120624,16,eu_to_us,"[828.936452, 832.354845]","[830.503637, 833.713052]",0,0,0,0,0,0,100
preswap-eu-primary-v3-final,primary,1,"[798.969374, 800.124451]","[799.610335, 802.523212]",eu_primary,31,0.0,0.12732534108393695,15.0,29.6795,3.6565312847660065,0.0296795,2.1538461538461537,0.0,0.15890755345117932,0.0,0.0,2.0,59660.0,1.0,0.0,0.0,32.0,14.0,38.16116456804515,1.2310053086466177,794.927091,1.0,6561.0,4.0,6368.0,3.0,9.0,50.137,3.9256581291465134,0.050137,0.0,0.0,0.0,2.031765676567657,0.0,0.10078844720605232,2.0,22056.0,1.0,0.0,0.0,31.0,812.3441829999999,79.838,0.07983799999999999,phase-coalesced-batch-verification,799.610335,816.932661,801.673732,818.926633,794.792291,"[798.969374, 800.124451]",799.610335,"[799.610335, 802.523212]",801.673732,16,eu_to_us,"[816.24655, 817.388629]","[816.932661, 820.237167]",0,0,0,0,0,0,100
preswap-eu-primary-v3-final,primary,1,"[811.751655, 814.091992]","[812.671143, 818.15636]",eu_primary,31,0.0,0.12407521065361937,13.0,33.74,4.089797014602092,0.033740000000000006,2.13090295796575,0.0,0.15345288800160978,0.0,0.0,2.0,59660.0,1.0,0.0,0.0,30.0,12.0,37.57063696825624,1.2119560312340723,807.809861,1.0,6429.0,3.0,6368.0,3.0,9.0,58.370000000000005,4.44621350558149,0.058370000000000005,0.0,0.0,0.0,2.1739130434782608,0.0,0.09658832525654022,2.0,22044.0,1.0,0.0,0.0,30.0,825.112445,92.14500000000001,0.092145,phase-coalesced-itemwise,812.671143,829.842888,814.846371,832.190881,807.724507,"[811.751655, 814.091992]",812.671143,"[812.671143, 818.15636]",814.846371,16,eu_to_us,"[829.291553, 831.166539]","[829.842888, 835.747496]",0,0,0,0,0,0,100
preswap-eu-primary-v3-final,primary,1,"[1051.25134, 1056.833052]","[1053.796561, 1056.981613]",eu_primary,31,0.0,0.15553848115065166,65.0,35.088499999999996,3.502700858158387,0.0350885,2.0100502512562812,0.0,0.24311256857916685,0.0,0.0,2.0,59660.0,1.0,0.0,0.0,87.0,64.5,31.136623157450806,1.0044071986274452,978.2133905000001,1.0,8285.0,63.0,11072.0,93.0,72.0,62.09,4.172555441311958,0.06209,0.0,0.0,0.0,2.0606728727747834,0.0,0.16508563406129317,3.0,22056.0,1.0,0.0,0.0,85.0,995.6121410000001,97.20150000000001,0.0972015,reference-itemwise,1053.796561,1071.110087,1056.956087,1074.020107,978.203113,"[1051.25134, 1056.833052]",1053.796561,"[1053.796561, 1056.981613]",1056.956087,16,eu_to_us,"[1068.595955, 1073.916497]","[1071.110087, 1074.131564]",0,0,0,0,0,0,100
preswap-eu-load-v3-final,load,1,"[772.211807, 774.619624]","[772.221874, 774.619624]",eu_load,15,0.0,0.04312701935745649,14.5,15.797,2.008860122482786,0.015797,1.594900388677479,0.0,0.07009938533317556,0.0,0.0,2.0,34286.0,1.0,0.0,0.0,24.0,14.0,19.067003370721743,1.2711335580481165,769.2585025000001,1.0,2433.0,4.0,1808.0,3.0,9.0,34.075500000000005,2.6627419257399465,0.0340755,0.0,0.0,0.0,1.7751479289940828,0.0,0.043397939533388524,2.5,22000.0,1.0,0.0,0.0,25.0,786.699404,49.9935,0.049993499999999996,batch-joint-presigning-batch-verification,773.041536,790.404036,774.619624,792.050959,769.141644,"[772.211807, 774.619624]",773.041536,"[772.221874, 774.619624]",774.619624,8,eu_to_us,"[789.284257, 792.050959]","[789.792834, 792.050959]",0,0,0,0,0,0,20
preswap-eu-load-v3-final,load,1,"[776.793081, 779.199569]","[776.821848, 779.199569]",eu_load,15,0.0,0.04149490743971508,12.0,17.3395,2.1901686808869067,0.0173395,1.8867924528301887,0.0,0.06684947409147494,0.0,0.0,2.0,34350.0,1.0,0.0,0.0,22.0,12.0,18.934765502425353,1.26231770016169,774.5853655000001,1.0,2301.0,3.0,1808.0,3.0,9.0,37.25,2.9199918120598825,0.037250000000000005,0.0,0.0,0.0,1.776902027738148,0.0,0.042250847417295734,2.0,21976.0,1.0,0.0,0.0,25.0,792.1939884999999,54.605000000000004,0.054605,batch-joint-presigning-itemwise,778.334732,795.989225,779.199569,797.24097,774.231398,"[776.012665, 779.199569]",778.334732,"[776.821848, 779.199569]",779.199569,8,eu_to_us,"[793.381461, 797.24097]","[794.28918, 797.24097]",0,0,0,0,0,0,20
preswap-eu-load-v3-final,load,1,"[771.408151, 772.861051]","[772.290784, 772.861051]",eu_load,15,0.0,0.06750622125860495,15.0,15.811,2.015333598300943,0.015811,1.6025641025641026,0.0,0.09474608220796,0.0,0.0,2.0,34332.0,1.0,0.0,0.0,24.0,15.0,19.059503818684576,1.2706335879123052,769.6014565,1.0,3393.0,4.0,3248.0,3.0,9.0,34.184,2.6620759402678527,0.034184000000000006,0.0,0.0,0.0,1.7413400796383343,0.0,0.05854020129258096,2.0,22012.0,1.0,0.0,0.0,25.0,787.009028,49.99600000000001,0.049996000000000006,phase-coalesced-batch-verification,772.853132,790.419322,772.861051,790.64501,769.184662,"[771.408151, 772.861051]",772.853132,"[772.290784, 772.861051]",772.861051,8,eu_to_us,"[789.524021, 790.64501]","[789.712651, 790.64501]",0,0,0,0,0,0,20
preswap-eu-load-v3-final,load,1,"[775.886901, 780.364253]","[776.556122, 780.364253]",eu_load,15,0.0,0.06586363920706664,13.0,17.235,2.1753603619318103,0.017235,1.7336783439490446,0.0,0.09126327281468607,0.0,0.0,2.0,34238.0,1.0,0.0,0.0,22.0,13.0,18.972856585228136,1.2648571056818758,773.191035,1.0,3261.0,3.0,3248.0,3.0,9.0,37.2375,2.91967177061475,0.0372375,0.0,0.0,0.0,1.7786561264822134,0.0,0.05705695759222158,2.0,21968.0,1.0,0.0,0.0,24.0,790.6036770000001,54.532,0.054532,phase-coalesced-itemwise,776.896914,794.624846,780.364253,797.983262,772.622399,"[775.886901, 780.364253]",776.896914,"[776.556122, 780.364253]",780.364253,8,eu_to_us,"[793.853294, 797.983262]","[793.89457, 797.983262]",0,0,0,0,0,0,20
preswap-eu-load-v3-final,load,1,"[951.322742, 955.712377]","[951.73106, 955.712377]",eu_load,15,0.0,0.07842289905303235,45.0,18.197000000000003,1.8777144437214228,0.018197,1.5564228517596392,0.0,0.13799634943024142,0.0,0.0,2.0,34238.0,1.0,0.0,0.0,61.0,45.0,15.50268167890729,1.0335121119271529,949.8666435,1.0,4093.0,31.0,5392.0,45.0,41.0,39.118,2.6680268049679503,0.039118,0.0,0.0,0.0,1.7035775127768313,0.0,0.0917371309421654,2.0,22034.0,1.0,0.001822,0.0,61.5,967.574751,57.352000000000004,0.057352,reference-itemwise,955.514701,972.909559,955.712377,973.325201,949.229713,"[951.234972, 955.712377]",955.514701,"[951.73106, 955.712377]",955.712377,8,eu_to_us,"[968.716501, 973.325201]","[968.796987, 973.325201]",0,0,0,0,0,0,20
preswap-eu-load-v3-final,load,64,"[3741.988517, 3772.543919]","[3758.52829, 3772.543919]",eu_load,15,3004.953577,0.518699404343807,1300.0,18.03934375,27.640455743911932,1.154518,18.943294044526354,0.0,0.8818612340309709,197.5,235.304637,57.0,3227008.0,1.0,36.89308896875,0.0,1893.5,1101.0,229.3235989494549,15.288239929963659,3733.593305,0.7867441934591294,155712.0,256.0,115712.0,192.0,587.0,21.73478125,29.58767239876388,1.391026,56.0,5.46875,1524.452843475,8.646616541353383,0.0,0.7891764693998039,6.0,65514.0,1.0,0.0057717968750000005,0.0,1959.0,4186.22507,39.682992187500005,2.5397115,batch-joint-presigning-batch-verification,3768.026177,4211.932021,3772.543919,4218.405315,2146.766446,"[3679.908974, 3691.160177]",3684.98206,"[3732.578627, 3755.181009]",3742.771523,8,eu_to_us,"[4200.42615, 4218.405315]","[4207.803834, 4218.405315]",0,0,0,0,1200,0,20
preswap-eu-load-v3-final,load,64,"[3847.816165, 3868.853827]","[3848.245975, 3868.853827]",eu_load,15,3087.398391,0.49070757036555723,1173.0,19.8043359375,29.536745542189436,1.2674775,19.219472967318325,0.0,0.8261321540740896,198.5,237.38485350000002,58.5,3124480.0,1.0,41.459761742187496,0.0,1766.0,974.5,223.9174238100316,14.927828254002106,3834.2558314999997,0.7807568816428012,147264.0,192.0,115712.0,192.0,587.0,25.639906250000003,34.22227663640627,1.640954,56.0,5.46875,1570.0108726916667,9.785475655840955,0.0,0.7416605679371012,6.0,65508.0,1.0,0.0062843515625,0.0,1830.5,4287.294978,45.416703125,2.906669,batch-joint-presigning-itemwise,3857.1708,4310.093917,3868.853827,4331.099496,2172.041774,"[3771.479366, 3790.194667]",3778.279893,"[3830.265695, 3848.166059]",3842.084129,8,eu_to_us,"[4303.186876, 4331.099496]","[4306.116414, 4331.099496]",0,0,0,0,1200,0,20
preswap-eu-load-v3-final,load,64,"[3752.864132, 3772.795301]","[3753.227619, 3772.795301]",eu_load,15,3000.123362,0.8117364225677213,1298.5,18.023656250000002,27.544033031517504,1.153514,18.93028846153846,0.0,1.1743650182331375,198.0,240.065926,57.0,3227008.0,1.0,37.5457195546875,0.0,1895.0,1100.5,229.18322426057483,15.278881617371654,3735.021247,0.7870865750675087,217152.0,256.0,207872.0,192.0,589.0,21.8046484375,29.76311159013575,1.3954974999999998,56.0,5.46875,1523.2151559083331,8.636974796772606,0.0,1.051421092307731,7.0,65502.0,1.0,0.0093550390625,0.0,1954.5,4188.788293,39.80684375,2.547638,phase-coalesced-batch-verification,3766.395611,4222.304556,3772.795301,4229.01267,2133.93548,"[3674.86255, 3696.026233]",3683.844645,"[3734.723975, 3753.025567]",3744.387705,8,eu_to_us,"[4207.521141, 4229.01267]","[4208.829989, 4229.01267]",0,0,0,0,1200,0,20
preswap-eu-load-v3-final,load,64,"[3841.686345, 3866.566386]","[3844.609164, 3866.566386]",eu_load,15,3082.349184,0.7766888487387011,1170.0,19.8074921875,29.577827570539675,1.2676794999999998,19.21613816088886,0.0,1.1116459625750965,197.0,238.236963,59.0,3249152.0,1.0,59.2172383671875,0.0,1760.5,971.0,223.73507318867175,14.91567154591145,3834.6584015,0.781804549043448,208704.0,192.0,207872.0,192.0,586.5,25.4640390625,34.02990689745974,1.6296985,56.0,5.46875,1572.674599475,9.730584319222974,0.0,0.9989305614373309,7.0,65420.0,1.0,0.009664843749999999,0.0,1833.0,4290.7898965,45.1856953125,2.8918844999999997,phase-coalesced-itemwise,3856.35972,4309.086498,3866.566386,4325.266947,2179.437265,"[3770.197313, 3786.172282]",3781.362393,"[3832.591914, 3842.588367]",3838.32019,8,eu_to_us,"[4296.775257, 4325.266947]","[4301.843297, 4325.266947]",0,0,0,0,1200,0,20
preswap-eu-load-v3-final,load,64,"[6402.03805, 6505.727078]","[6404.332315, 6505.727078]",eu_load,15,5553.851525,0.719145610989488,3281.5,20.441109374999996,19.415856944676477,1.308231,13.609242222554332,0.0,1.3176480833590842,208.5,253.7743785,57.5,3119616.0,1.0,37.44278071875,0.0,4721.0,3068.0,142.16109864051555,9.477406576034369,6290.2999085,0.7045264499179775,261952.0,1984.0,345088.0,2880.0,2628.0,26.1231015625,23.037186655063064,1.6718785,59.0,5.76171875,2742.160289608333,6.946612604266612,0.0,1.2343560826051028,7.0,66624.0,1.0,0.014795484375000001,0.0,4627.5,6752.924552,46.577578125,2.9809650000000003,reference-itemwise,6462.363268,6913.310082,6505.727078,6965.198464,3456.267232,"[6009.486739, 6113.955501]",6075.302894,"[6255.037031, 6402.03805]",6310.988911,8,eu_to_us,"[6857.149896, 6965.198464]","[6861.727776, 6965.198464]",0,0,0,0,1200,0,20
preswap-eu-load-v3-final,load,128,"[6923.466789, 10210.350934]","[6926.436294, 10210.350934]",eu_load,15,8344.928458,0.5534652531752142,2693.0,18.450359374999998,30.252480242829662,2.3616460000000004,21.914777651111578,0.0,0.9456084270197818,475.0,680.0809395,79.5,11451840.0,1.0,78.1052737734375,0.0,3871.0,2219.0,244.6940225662642,16.312934837750948,6908.396801999999,0.6939186036561572,311424.0,512.0,231424.0,384.0,1175.0,20.601785156250003,31.700266584056543,2.6370285,112.0,10.9375,3135.2881404919353,9.1448066366139,0.0,0.8914517066135249,6.5,68192.0,1.0,0.0054794843749999995,0.0,3995.5,7846.534142,39.1361328125,5.009425,batch-joint-presigning-batch-verification,7100.373187,7899.19346,10210.350934,11089.643911,3790.393902,"[6614.294343, 6912.994707]",6717.31765,"[6886.656086, 9357.999776]",8018.090173,8,eu_to_us,"[7861.466988, 11089.643911]","[7866.16648, 11089.643911]",0,0,0,0,2480,0,20
preswap-eu-load-v3-final,load,128,"[7166.003746, 11378.840026]","[7182.111541, 11378.840026]",eu_load,15,9431.241101,0.5217586534671623,2447.0,20.26646484375,32.23193476380281,2.5941075,22.159541020943706,0.0,0.8838552640969275,478.0,664.944234,79.5,11419392.0,1.0,71.38491560546876,0.0,3623.5,1966.0,238.08651137769024,15.872434091846017,7124.7600045,0.6924151084780283,294528.0,384.0,231424.0,384.0,1173.0,24.171703125,36.39195676279145,3.093978,112.0,10.9375,3240.1151941370968,10.303840986913116,0.0,0.8358830382830765,7.0,67946.0,1.0,0.013506855468749999,0.0,3745.5,8064.2999254999995,44.50799609375,5.6970235,batch-joint-presigning-itemwise,7205.93966,8149.038755,11378.840026,12101.809153,3936.779252,"[6816.053731, 7158.9321]",6933.680952,"[7088.243268, 10485.126441]",8474.580759,8,eu_to_us,"[8101.541041, 12101.809153]","[8115.435698, 12101.809153]",0,0,0,0,2480,0,20
preswap-eu-load-v3-final,load,128,"[6933.895701, 7632.524245]","[6970.303734, 7632.524245]",eu_load,15,6484.432487,0.8681942999271606,2693.5,18.498210937499998,30.200902177082618,2.3677710000000003,21.913613083603437,0.0,1.259511283918322,471.5,689.8868299999999,79.5,11389440.0,1.0,70.4703622578125,0.0,3868.0,2215.0,245.1233718360828,16.341558122405523,6902.49111,0.6953353410527664,434304.0,512.0,415744.0,384.0,1172.0,20.834351562499997,32.19268827469199,2.666797,112.0,10.9375,3129.7225853588707,9.25047630232801,0.0,1.1852891922999245,7.0,68094.0,1.0,0.01149549609375,0.0,3992.5,7832.790433,39.287992187499995,5.028862999999999,phase-coalesced-batch-verification,7030.08066,7972.557672,7632.524245,8544.989413,3774.0218,"[6610.967571, 6696.426127]",6652.734141,"[6877.213357, 7012.937217]",6909.837729,8,eu_to_us,"[7867.400416, 8544.989413]","[7908.519368, 8544.989413]",0,0,0,0,2480,0,20
preswap-eu-load-v3-final,load,128,"[7096.027943, 7161.695451]","[7106.249331, 7161.695451]",eu_load,15,6385.354931,0.83211173838892,2448.0,20.31665234375,32.40039958933296,2.6005314999999998,22.32001420727862,0.0,1.1968576628063783,491.5,694.19142,77.5,12365568.0,1.0,73.0448113515625,0.0,3615.0,1959.0,239.7003394498733,15.980022629991552,7067.521686,0.6848020669711938,417408.0,384.0,415744.0,384.0,1175.5,24.275703125,36.464839216215566,3.10729,112.0,10.9375,3219.9504166774195,10.328086143814414,0.0,1.1246707628463013,7.0,68106.0,1.0,0.0201067734375,0.0,3739.0,8010.001764500001,44.537785156249996,5.700836499999999,phase-coalesced-itemwise,7149.4487,8081.943644,7161.695451,8085.602511,3841.782322,"[6785.56613, 6813.664391]",6801.287958,"[7040.367077, 7092.043186]",7068.2758,8,eu_to_us,"[8038.47087, 8085.602511]","[8042.659534, 8085.602511]",0,0,0,0,2480,0,20
preswap-eu-load-v3-final,load,128,"[11966.043551, 13162.504599]","[12039.270756, 13162.504599]",eu_load,15,11186.232738,0.7570896951541182,6646.0,20.869890625,20.767986555801137,2.6713459999999998,16.116346710688553,0.0,1.38843115563364,528.0,676.103472,76.5,12397056.0,1.0,73.68611648046874,0.0,9535.0,6115.0,149.6619060004187,9.977460400027915,11889.760806999999,0.566658525862678,523904.0,3968.0,690176.0,5760.0,5269.5,25.4223984375,24.48779910916037,3.254067,116.0,11.328125,5548.465067528225,7.252670728744645,0.0,1.3477762127993227,7.0,69750.0,1.0,0.021047507812499998,0.0,9335.0,12828.920836000001,46.349062499999995,5.9326799999999995,reference-itemwise,12077.234833,13027.715374,13162.504599,14070.589272,6263.234888,"[11306.592102, 11514.574422]",11387.073738,"[11777.832866, 12222.800485]",11905.312493,8,eu_to_us,"[12901.310916, 14070.589272]","[12973.694251, 14070.589272]",0,0,0,0,2480,0,20
preswap-eu-load-v3-final,load,1024,"[52805.455847, 53069.880308]","[52989.923973, 53069.880308]",eu_load,15,52280.67403,0.574312388091991,22037.5,19.5342236328125,33.08752122278412,20.003045,32.31544151287714,0.004123372116635942,0.9838915012753717,4285.5,7645.9580005,88.5,359311360.0,1.0,203.46781652685547,0.0,31448.0,17746.5,253.91080586476846,16.92738705765123,52648.3620535,0.29745232733810006,2491392.0,4096.0,1851392.0,3072.0,9354.0,20.074497070312503,33.686695853260034,20.556285000000003,941.0,91.89453125,27506.223252395095,9.623936877240011,0.0,0.9787032163237264,7.0,103702.0,1.0,0.017068195800781248,0.0,32465.5,60493.69569,39.6084296875,40.559032,batch-joint-presigning-batch-verification,53041.79893,60892.287427,53069.880308,60965.208085,28247.805694,"[50052.804486, 50253.85292]",50161.630569,"[52051.354352, 52249.021062]",52176.872784,8,eu_to_us,"[60637.223568, 60965.208085]","[60802.450917, 60965.208085]",0,0,0,0,20400,0,20
preswap-eu-load-v3-final,load,1024,"[54578.095672, 54847.832028]","[54635.209754, 54847.832028]",eu_load,15,54056.415689,0.5409465864417649,20094.5,21.368474609375,35.14367979600681,21.881318,32.64736530751128,0.00402179818660857,0.918810988601936,4321.0,7606.966928,94.5,362444800.0,1.0,230.8447141845703,0.0,29396.5,15776.5,246.84226078810156,16.456150719206768,54387.0497985,0.30379873787310024,2356224.0,3072.0,1851392.0,3072.0,9378.0,23.6356025390625,38.554698275788546,24.202857,949.0,92.67578125,28513.341497853922,10.825324305339361,0.0,0.9145848667934398,7.0,103726.0,1.0,0.013371902832031251,0.0,30417.0,62225.974633499995,44.99005908203125,46.069820500000006,batch-joint-presigning-itemwise,54661.008242,62470.015216,54847.832028,62651.967925,29271.168295,"[51719.238113, 51911.76999]",51829.200487,"[53789.847125, 53992.957158]",53893.091814,8,eu_to_us,"[62431.226974, 62651.967925]","[62434.361413, 62651.967925]",0,0,0,0,20400,0,20
preswap-eu-load-v3-final,load,1024,"[52740.327838, 52963.338588]","[52860.149505, 52963.338588]",eu_load,15,52180.131053,0.8993441320476885,22047.0,19.50336376953125,33.09068957011229,19.9714445,32.31642422805769,0.004145077976596946,1.3096759656588013,4312.5,7600.859397,90.5,363890688.0,1.0,222.1629437729492,0.0,31446.0,17738.0,253.91812190775724,16.927874793850485,52662.955170500005,0.3006337630673916,3474432.0,4096.0,3325952.0,3072.0,9353.5,20.02638818359375,33.66237784762187,20.5070215,941.0,91.89453125,27462.096970137252,9.601958861206711,0.0,1.3007835606924094,7.5,105078.0,1.0,0.010215280273437499,0.0,32467.5,60491.951897499996,39.57308447265625,40.522838500000006,phase-coalesced-batch-verification,52940.798195,60742.324571,52963.338588,60749.555493,28202.471987,"[50006.419705, 50171.201767]",50083.442101,"[52038.987628, 52236.277693]",52137.380047,8,eu_to_us,"[60621.625823, 60749.555493]","[60667.009658, 60749.555493]",0,0,0,0,20400,0,20
preswap-eu-load-v3-final,load,1024,"[54614.315598, 54871.984246]","[54706.411156, 54871.984246]",eu_load,15,54079.048955,0.8592633742337598,20046.0,21.343215820312498,35.168155610231324,21.855452999999997,32.64831892361494,0.004015903079410318,1.2383520433169697,4316.5,7635.7569920000005,95.0,355901440.0,1.0,236.62691108642576,0.0,29384.5,15749.0,247.52171250396367,16.501447500264245,54228.1130575,0.30964167937675396,3339264.0,3072.0,3325952.0,3072.0,9384.0,23.642955078125,38.55975976272241,24.210386,947.0,92.48046875,28402.586002570097,10.807234134140467,0.0,1.2307492836862703,7.0,105094.0,1.0,0.0186408486328125,0.0,30410.0,62055.162295,44.98204931640625,46.061618499999994,phase-coalesced-itemwise,54731.000584,62556.551124,54871.984246,62698.866379,29156.919531,"[51644.286829, 51883.544795]",51743.452679,"[53712.924223, 53953.883376]",53811.294149,8,eu_to_us,"[62487.132469, 62698.866379]","[62496.186459, 62698.866379]",0,0,0,0,20400,0,20
preswap-eu-load-v3-final,load,1024,"[91669.995776, 92050.630131]","[91850.828409, 92050.630131]",eu_load,15,91088.272115,0.7820259723243281,52842.0,21.82935595703125,22.514637106785166,22.3532605,26.65401509209174,0.0025275502998656635,1.4360771375391672,4476.5,7575.2195595,90.5,368504832.0,1.0,282.4296351694336,0.0,76703.0,48366.0,154.59132294234215,10.306088196156143,91553.8390855,0.22266257549167356,4191232.0,31744.0,5521408.0,46080.0,42604.5,25.07048046875,25.69439376951175,25.672172,961.0,93.84765625,46236.218325984315,7.583560418011382,0.0,1.440327359026588,7.5,114174.0,1.0,0.03364336474609375,0.0,75089.5,99358.7522735,46.9050888671875,48.030811,reference-itemwise,91983.190365,99742.690867,92050.630131,99838.106379,46986.461356,"[86820.043286, 87092.877253]",86945.713312,"[90442.122696, 90748.886166]",90557.435843,8,eu_to_us,"[99616.928976, 99838.106379]","[99627.548667, 99838.106379]",0,0,0,0,20400,0,20
preswap-eu-load-v3-final,load,1,"[803.509274, 830.307698]","[812.462852, 830.307698]",eu_load,31,0.0,0.08003226700127888,15.0,29.7775,3.7173895801640136,0.0297775,2.2082238675264705,0.0,0.10712814557694089,0.0,0.0,2.0,555468.0,1.0,0.0,0.0,25.0,14.5,38.91643049692003,1.2553687257070976,779.3138544999999,1.0,4577.0,4.0,3392.0,3.0,9.0,49.540499999999994,3.8776781462528183,0.0495405,0.0,0.0,0.0,1.893939393939394,0.0,0.06657073818300402,2.0,22092.0,1.0,0.0,0.0,24.0,796.5796009999999,79.3435,0.07934350000000001,batch-joint-presigning-batch-verification,817.326282,834.676708,830.307698,848.025907,778.737268,"[803.89647, 830.307698]",817.326282,"[812.462852, 830.307698]",830.307698,16,eu_to_us,"[821.428512, 848.025907]","[830.240959, 848.025907]",0,0,0,0,0,0,20
preswap-eu-load-v3-final,load,1,"[803.553249, 810.110308]","[804.431127, 810.110308]",eu_load,31,0.0,0.07773697595300222,12.0,33.6935,4.169050394612505,0.0336935,2.1978076142031897,0.0,0.10298140670461516,0.0,0.0,2.0,555504.0,1.0,0.0,0.0,23.0,12.0,38.43700163555998,1.2399032785664512,788.866027,1.0,4445.0,3.0,3392.0,3.0,9.0,57.891,4.4212899880052055,0.057891,0.0,0.0,0.0,1.9011406844106464,0.0,0.06312630569771577,2.0,22076.0,1.0,0.002653,0.0,23.0,806.5145245,91.5845,0.09158450000000001,batch-joint-presigning-itemwise,807.94792,825.536164,810.110308,827.376236,788.839956,"[803.553249, 810.110308]",807.94792,"[804.431127, 810.110308]",810.110308,16,eu_to_us,"[821.040874, 827.376236]","[821.725008, 827.376236]",0,0,0,0,0,0,20
preswap-eu-load-v3-final,load,1,"[789.191353, 804.242304]","[793.752421, 804.242304]",eu_load,31,0.0,0.1287066051241471,15.0,29.680500000000002,3.699144323143079,0.0296805,2.1739130434782608,0.0,0.16089888568209376,0.0,0.0,2.0,555470.0,1.0,0.0,0.0,32.0,14.0,38.5751484922322,1.2443596287816838,786.138727,1.0,6561.0,4.0,6368.0,3.0,9.0,49.7545,3.929994188905812,0.0497545,0.0,0.0,0.0,1.8151137495679754,0.0,0.10080641347623326,2.0,22072.0,1.0,0.0,0.0,29.0,803.6262025000001,79.4625,0.07946249999999999,phase-coalesced-batch-verification,800.616019,818.157917,804.242304,821.890745,785.97526,"[792.670311, 804.242304]",800.616019,"[793.752421, 804.242304]",804.242304,16,eu_to_us,"[806.944797, 821.890745]","[810.81641, 821.890745]",0,0,0,0,0,0,20
preswap-eu-load-v3-final,load,1,"[805.960999, 817.970117]","[810.883576, 817.970117]",eu_load,31,0.0,0.12577588927123984,13.0,33.769499999999994,4.127436076002744,0.033769499999999994,2.1739340103970757,0.0,0.15588564060553056,0.0,0.0,2.0,555504.0,1.0,0.0,0.0,30.0,12.5,38.08561154380358,1.2285681143162441,796.1904085,1.0,6429.0,3.0,6368.0,3.0,9.0,57.974999999999994,4.55582583471935,0.057975,0.0,0.0,0.0,1.976284584980237,0.0,0.09928866716790956,2.0,22030.0,1.0,0.0033724999999999996,0.0,28.0,813.955686,91.80449999999999,0.0918045,phase-coalesced-itemwise,811.650594,829.264309,817.970117,835.347301,795.9725,"[807.711585, 817.970117]",811.650594,"[810.883576, 817.970117]",817.970117,16,eu_to_us,"[824.24025, 835.347301]","[828.309587, 835.347301]",0,0,0,0,0,0,20
preswap-eu-load-v3-final,load,1,"[1025.849505, 1092.019451]","[1045.808679, 1092.019451]",eu_load,31,0.0,0.15466692323850528,65.5,35.1305,3.5156741670325147,0.035130499999999995,1.9975311412860508,0.0,0.24385339024669125,0.5,0.0,2.0,555504.0,1.0,0.002196,0.0,88.0,65.0,30.962149483350103,0.9987790155919388,983.937932,1.0,8285.0,63.0,11072.0,93.0,73.0,61.771,4.168366802603623,0.061771,0.0,0.0,0.0,1.8939054310703194,0.0,0.16715932005540374,3.0,22080.0,1.0,0.004292,0.0,84.5,1001.2433470000001,96.9005,0.0969005,reference-itemwise,1074.278694,1091.98645,1092.019451,1109.12415,979.333707,"[1036.341863, 1092.019451]",1074.278694,"[1045.808679, 1092.019451]",1092.019451,16,eu_to_us,"[1053.66605, 1109.12415]","[1063.567661, 1109.12415]",0,0,0,0,0,0,20
preswap-eu-load-v3-final,load,64,"[4102.327738, 4161.721521]","[4103.135581, 4161.721521]",eu_load,31,3362.586159,0.8878363474957484,1523.0,35.60990625,49.53191738841521,2.2790340000000002,23.783305996651862,0.0,1.2285116409921741,407.5,243.30460649999998,63.0,36260352.0,1.0,102.780045078125,0.0,1992.5,1116.0,431.7186405503859,13.926407759689866,4073.699178,0.7734158118490844,292928.0,256.0,217088.0,192.0,603.5,40.051546875,50.69248026219337,2.563299,55.0,5.37109375,1687.4374514833335,13.782216990719455,0.0,1.1174544063749705,6.5,65890.0,1.0,0.0325718046875,0.0,2046.5,4595.586327,75.58953125000001,4.8377300000000005,batch-joint-presigning-batch-verification,4121.039721,4636.51037,4161.721521,4700.215163,2337.715211,"[3951.955954, 3982.486323]",3962.359351,"[4069.973335, 4121.039721]",4091.556549,16,eu_to_us,"[4617.114498, 4700.215163]","[4622.704243, 4700.215163]",0,0,0,0,1200,0,20
preswap-eu-load-v3-final,load,64,"[4342.170506, 4445.789469]","[4349.887625, 4445.789469]",eu_load,31,3638.949489,0.8306502460572736,1401.5,40.30178125,53.51877943870573,2.579314,24.361629356020337,0.0,1.1358727737342709,411.0,253.326775,64.0,36279936.0,1.0,110.48560421875,0.0,1863.0,987.5,410.7145213055934,13.248855525986883,4295.085483999999,0.7640986612348049,284480.0,192.0,217088.0,192.0,616.5,49.7158984375,60.188155004126685,3.1818175,56.0,5.46875,1804.730931125,16.17088627997086,0.0,1.0417488311156338,6.0,65506.0,1.0,0.09791514062500001,0.0,1919.0,4830.6063285,89.9318046875,5.7556355,batch-joint-presigning-itemwise,4391.278938,4887.017421,4445.789469,4961.511234,2501.448189,"[4163.177004, 4213.549455]",4179.855706,"[4300.404632, 4371.240063]",4338.13467,16,eu_to_us,"[4873.709688, 4961.511234]","[4874.319112, 4961.511234]",0,0,0,0,1200,0,20
preswap-eu-load-v3-final,load,64,"[4085.487979, 4136.917965]","[4095.415558, 4136.917965]",eu_load,31,3340.16549,1.4423936293756072,1521.0,35.761359375000005,50.03617087094088,2.288727,23.75345886116996,0.0,1.8241947423578155,408.5,242.34867500000001,64.0,36257024.0,1.0,102.08793015625,0.0,2319.0,1114.5,432.3053069711872,13.94533248294152,4046.7937235,0.7741976477179202,419904.0,256.0,407552.0,192.0,603.0,39.444921875000006,50.08895194813155,2.524475,55.0,5.37109375,1679.4667387416666,13.68467521974483,0.0,1.6463491244650013,6.0,66000.0,1.0,0.042661054687500005,0.0,2247.5,4589.3494515,75.31076562499999,4.819889,phase-coalesced-batch-verification,4102.514393,4632.797778,4136.917965,4679.613461,2319.408066,"[3933.78317, 3964.737057]",3943.38661,"[4045.304109, 4102.514393]",4066.090032,16,eu_to_us,"[4613.542767, 4679.613461]","[4621.297835, 4679.613461]",0,0,0,0,1200,0,20
preswap-eu-load-v3-final,load,64,"[4322.28087, 4353.499653]","[4323.97359, 4353.499653]",eu_load,31,3523.412088,1.3598758252491194,1395.5,40.0158046875,53.03749617961348,2.5610115,24.24321420671786,0.0,1.7070309695569534,410.5,247.6178825,65.0,36237440.0,1.0,105.1386068125,0.0,2195.5,986.0,411.7776684254386,13.283150594368987,4274.387248,0.7647240818316858,411456.0,192.0,407552.0,192.0,611.5,48.9169375,59.334107752386785,3.130684,56.0,5.46875,1796.0265915333334,15.967444865748586,0.0,1.557302349464892,6.0,65790.0,1.0,0.0553469375,0.0,2124.5,4818.1340425,88.849921875,5.686395,phase-coalesced-itemwise,4327.194837,4860.837045,4353.499653,4861.26574,2446.873856,"[4159.365839, 4209.489898]",4186.816114,"[4269.080855, 4322.28087]",4306.24773,16,eu_to_us,"[4837.438528, 4861.26574]","[4847.234332, 4861.26574]",0,0,0,0,1200,0,20
preswap-eu-load-v3-final,load,64,"[7406.917, 7542.020244]","[7412.349173, 7542.020244]",eu_load,31,6516.309578,1.2583589652771174,4739.0,40.4702421875,32.960604536481384,2.5900955,16.3154635234151,0.0,2.0329840401454398,414.0,247.55283450000002,64.5,36249984.0,1.0,111.6532573828125,0.0,6032.0,4328.5,251.90582168976752,8.125994248057017,7345.8091685,0.6798108134808558,530240.0,4032.0,708608.0,5952.0,4581.0,50.5744375,38.490214734430815,3.236764,57.0,5.56640625,3257.840873541667,10.613345723882105,0.0,1.9318836419438676,7.0,67434.0,1.0,0.040136953125,0.0,5901.5,7875.964448000001,91.122703125,5.831853,reference-itemwise,7518.886814,7996.9167,7542.020244,8079.036084,4028.272562,"[7035.919103, 7111.741756]",7074.514165,"[7276.85154, 7406.917]",7358.675292,16,eu_to_us,"[7922.34841, 8079.036084]","[7975.430507, 8079.036084]",0,0,0,0,1200,0,20
preswap-eu-load-v3-final,load,128,"[7736.19339, 7854.271552]","[7750.957868, 7854.271552]",eu_load,31,7039.202354,0.9198273520303357,3159.5,36.3272578125,52.3586061383009,4.649889,26.42633682971588,0.0,1.2744461040512909,916.0,800.6914805,95.0,79278848.0,1.0,213.8273941015625,0.0,4049.5,2242.5,447.2745625696513,14.428211695795202,7716.3518345,0.7206808026804898,585856.0,512.0,434176.0,384.0,1194.0,38.380761718749994,53.07497085276843,4.9127375,114.0,11.1328125,3669.167067080645,14.295440852404223,0.0,1.2269094111437802,7.0,68692.0,1.0,0.01015598828125,0.0,4168.5,8871.508321000001,74.416984375,9.525374,batch-joint-presigning-batch-verification,7820.175463,8966.291578,7854.271552,8987.260203,4335.534274,"[7382.915771, 7458.067076]",7422.627356,"[7656.864381, 7729.454102]",7702.271013,16,eu_to_us,"[8902.239943, 8987.260203]","[8903.551821, 8987.260203]",0,0,0,0,2480,0,20
preswap-eu-load-v3-final,load,128,"[8249.781141, 8348.172595]","[8308.259674, 8348.172595]",eu_load,31,7540.239152,0.8607775227027573,2906.5,40.64626171875,55.84844947003285,5.2027215,26.88858751435123,0.0,1.1813583814914446,920.5,805.4320495,93.5,79238912.0,1.0,194.2179572265625,0.0,3798.5,1984.5,425.61093536725593,13.729385011846965,8181.17516,0.713316203506647,568960.0,384.0,434176.0,384.0,1204.0,47.08740234375,61.68010737173313,6.0271875,115.0,11.23046875,3894.0742891975806,16.445934225561828,0.0,1.1368871794743765,7.0,68558.0,1.0,0.020274429687499998,0.0,3923.0,9323.070476,87.60139453125001,11.2129785,batch-joint-presigning-itemwise,8336.135604,9471.867821,8348.172595,9474.806749,4581.775981,"[7818.521052, 7886.307775]",7844.358854,"[8113.03035, 8220.840335]",8154.554178,16,eu_to_us,"[9368.835751, 9474.806749]","[9443.634188, 9474.806749]",0,0,0,0,2480,0,20
preswap-eu-load-v3-final,load,128,"[7847.999356, 7915.300233]","[7857.790454, 7915.300233]",eu_load,31,7093.786667,1.4890680084841943,3148.5,36.291335937499994,52.18996844083458,4.645291,26.31362901450101,0.0,1.8852750033905452,912.5,792.9731015,96.5,79329792.0,1.0,200.894463578125,0.0,4697.5,2241.5,446.29426350655524,14.39658914537275,7749.3930445,0.7199512222595572,839808.0,512.0,815104.0,384.0,1205.5,38.40021875000001,52.716358107810265,4.915228000000001,115.0,11.23046875,3680.566106991935,14.283752706584963,0.0,1.7996679326921297,7.0,69072.0,1.0,0.010089730468749999,0.0,4560.5,8890.997779500001,74.76714062500001,9.570194,phase-coalesced-batch-verification,7913.195782,9000.305357,7915.300233,9021.706624,4369.58398,"[7403.791465, 7466.747104]",7444.655555,"[7693.603688, 7814.683701]",7747.38533,16,eu_to_us,"[8985.829233, 9021.706624]","[8987.920227, 9021.706624]",0,0,0,0,2480,0,20
preswap-eu-load-v3-final,load,128,"[8266.678392, 8322.401954]","[8295.77709, 8322.401954]",eu_load,31,7521.909954,1.4034047632887359,2905.0,40.6986015625,55.6661972972034,5.209421,26.88317250884745,0.0,1.7640307784573737,925.0,815.7445175,91.0,79288320.0,1.0,198.47203350390623,0.0,4439.5,1984.0,424.95846352612733,13.708337533100881,8216.9645765,0.7165174381145175,822912.0,384.0,815104.0,384.0,1206.0,47.3238984375,61.87663155985115,6.057459,116.0,11.328125,3913.2883360685482,16.54269856018682,0.0,1.6906949069168906,7.0,68798.0,1.0,0.029846601562500002,0.0,4305.0,9337.383279,88.03,11.26784,phase-coalesced-itemwise,8310.289825,9439.83273,8322.401954,9447.896457,4604.566211,"[7808.943071, 7902.865002]",7860.577386,"[8142.900636, 8229.474381]",8180.22304,16,eu_to_us,"[9401.551136, 9447.896457]","[9408.387659, 9447.896457]",0,0,0,0,2480,0,20
preswap-eu-load-v3-final,load,128,"[14192.352656, 14267.921241]","[14209.335555, 14267.921241]",eu_load,31,13267.133678,1.2983239486781886,9599.0,41.2573828125,34.56879770545405,5.280945,18.740691693102413,0.0,2.0986594947893664,993.5,811.634888,92.5,79195392.0,1.0,224.41806671875,0.0,12125.5,8604.5,259.90625102691433,8.38407261377143,14119.2475525,0.5847878678037783,1060480.0,8064.0,1417216.0,11904.0,9292.0,49.37205859375,40.49990095602182,6.3196235000000005,119.0,11.62109375,6755.447798495968,11.056785833308933,0.0,2.058789675974367,7.0,71350.0,1.0,0.0618022890625,0.0,11854.5,15267.044163499999,90.58080078124999,11.5943425,reference-itemwise,14231.30265,15364.576624,14267.921241,15431.865971,7492.17951,"[13337.01067, 13499.504741]",13429.716365,"[13933.760049, 14046.850438]",14002.38809,16,eu_to_us,"[15323.908876, 15431.865971]","[15354.618703, 15431.865971]",0,0,0,0,2480,0,20
preswap-eu-load-v3-final,load,1024,"[60851.411478, 61141.662479]","[60871.036192, 61141.662479]",eu_load,31,60341.859335,0.9221919061368999,26016.5,38.84671826171875,56.39038410519767,39.779039499999996,37.1746543952042,0.00353213398299497,1.2794395491817476,8128.5,9760.356533999999,98.0,839780352.0,1.0,378.30635563037106,0.0,32702.5,17918.5,448.424348886998,14.465301576999934,60706.670712499996,0.33947033823304834,4686848.0,4096.0,3473408.0,3072.0,9575.0,37.99942919921875,54.8499664964352,38.911415500000004,957.5,93.505859375,32855.528114026965,14.775245301146349,0.0,1.2802286677759764,7.5,107124.0,1.0,0.04272467578125,0.0,33693.0,70790.0901235,76.76662744140626,78.6090265,batch-joint-presigning-batch-verification,61023.187585,71346.703447,61141.662479,71437.282989,33669.572078,"[57832.074372, 58020.618944]",57922.465737,"[60037.671769, 60237.443658]",60145.854424,16,eu_to_us,"[71153.459253, 71437.282989]","[71173.403635, 71437.282989]",0,0,0,0,20400,0,20
preswap-eu-load-v3-final,load,1024,"[64690.039633, 64816.468991]","[64694.038255, 64816.468991]",eu_load,31,63990.649936,0.8610149970548813,24086.5,43.75959130859375,60.15986970783497,44.8098215,37.86062859666245,0.0033607325282145164,1.1836292316486126,8179.5,9770.3415955,100.5,848644096.0,1.0,335.09030192187504,0.0,30630.0,15903.5,425.7283544197607,13.733172723218088,64524.211523,0.34546671540275886,4551680.0,3072.0,3473408.0,3072.0,9597.0,46.6136328125,63.74210180362401,47.73236,966.0,94.3359375,34834.66965625588,17.00463559523517,0.0,1.1830354757384616,7.0,107170.0,1.0,0.028926630859375,0.0,31634.0,74563.980813,90.449390625,92.620176,batch-joint-presigning-itemwise,64815.801574,75141.65028,64816.468991,75184.903476,35614.697521,"[61444.823344, 61634.107429]",61519.287753,"[63768.108345, 63986.056591]",63867.694677,16,eu_to_us,"[74981.917144, 75184.903476]","[74982.587918, 75184.903476]",0,0,0,0,20400,0,20
preswap-eu-load-v3-final,load,1024,"[60757.410116, 61258.713797]","[60807.959805, 61258.713797]",eu_load,31,60458.916472,1.4983811262109616,26110.5,39.05589599609375,56.64911092060999,39.993237500000006,37.28583445521067,0.003537016333080082,1.8986093816429497,8173.0,9810.0142535,98.0,839780352.0,1.0,352.79222809667965,0.0,37765.0,17918.5,449.08553361183976,14.486630116510959,60576.077938999995,0.33647160410017973,6718464.0,4096.0,6520832.0,3072.0,9544.5,37.65623876953126,54.305796490667774,38.5599885,958.0,93.5546875,32801.92657918088,14.653399508704464,0.0,1.8939810520055889,8.0,109802.0,1.0,0.030804809082031252,0.0,36720.5,70685.86850499999,76.87196142578125,78.7168885,phase-coalesced-batch-verification,60952.379781,71177.215831,61258.713797,71306.941198,33628.69868,"[57730.852722, 57940.90013]",57847.058623,"[59945.405187, 60167.077495]",60044.698125,16,eu_to_us,"[71004.549765, 71306.941198]","[71152.935099, 71306.941198]",0,0,0,0,20400,0,20
preswap-eu-load-v3-final,load,1024,"[64558.888996, 64972.405123]","[64801.61608, 64972.405123]",eu_load,31,64147.040202,1.4069111575940694,24114.5,43.87832080078125,60.47740773206287,44.931400499999995,37.92612977547576,0.00337080546258077,1.7697702284059997,8214.5,9817.005358,100.5,850411520.0,1.0,333.68526592822263,0.0,35712.5,15921.0,426.02021846346946,13.742587692369984,64271.080856500004,0.35413932560653105,6583296.0,3072.0,6520832.0,3072.0,9586.5,46.584994628906244,63.73005805806952,47.7030345,963.5,94.091796875,34741.79432456226,17.04887298080545,0.0,1.7655633046069434,7.5,109996.0,1.0,0.02639896240234375,0.0,34676.0,74512.89545499999,90.67262792968751,92.848771,phase-coalesced-itemwise,64905.74549,75258.255565,64972.405123,75318.092967,35610.937278,"[61329.847151, 61587.00218]",61461.18445,"[63663.131078, 63952.54108]",63804.392412,16,eu_to_us,"[74680.541379, 75318.092967]","[74874.507274, 75318.092967]",0,0,0,0,20400,0,20
preswap-eu-load-v3-final,load,1024,"[111267.017812, 112866.231697]","[111492.675523, 112866.231697]",eu_load,31,111881.085946,1.3105003644450113,77728.5,44.672091796875,37.869380753170915,45.744222,29.840347095576735,0.002087029128600866,2.1232832277909353,8628.0,9827.7305515,101.5,845764608.0,1.0,421.70385470117185,0.0,97566.0,69018.0,262.34379874073556,8.46270318518502,111006.4341995,0.24098866148428524,8483840.0,64512.0,11337728.0,95232.0,77158.0,49.57262548828125,41.87465335370871,50.7623685,974.0,95.1171875,57298.594574792645,11.458330104667233,0.0,2.130628851218856,8.0,126240.0,1.0,0.058011708007812496,0.0,95360.5,121001.5260705,94.42067529296875,96.6867715,reference-itemwise,112107.226495,122043.005924,112866.231697,122790.707592,58053.527886,"[105382.634414, 106007.455966]",105691.041064,"[109654.178617, 110268.242402]",109953.95774,16,eu_to_us,"[121540.308776, 122790.707592]","[121804.39432, 122790.707592]",0,0,0,0,20400,0,20
preswap-sg-primary-v3-final,primary,1,"[1819.156627, 1872.416359]","[1862.15722, 1876.22477]",sg_primary,5,0.0,0.00855863656530828,14.0,7.99,0.4485966581723754,0.00799,1.2596227302109655,0.0,0.020165095164462993,0.0,0.0,2.0,38248.0,1.0,0.0,0.0,23.0,14.0,2.7991354543786895,0.5598270908757379,1766.451493,1.0,1093.0,4.0,818.0,3.0,9.0,24.235,1.0645962104228026,0.024235,0.0,0.0,0.0,1.1261261261261262,0.0,0.015853854533720083,3.0,21978.0,1.0,0.0,0.0,23.0,1786.2658265,32.2225,0.0322225,batch-joint-presigning-batch-verification,1862.15722,1882.234697,1873.119285,1893.016841,1766.442873,"[1819.156627, 1872.416359]",1862.15722,"[1862.15722, 1876.22477]",1873.119285,3,sg_to_us,"[1839.105413, 1892.534351]","[1882.234697, 1896.098011]",0,0,0,0,0,0,100
preswap-sg-primary-v3-final,primary,1,"[1834.970759, 1877.649934]","[1865.972798, 1880.225615]",sg_primary,5,0.0,0.00789847259348916,12.0,8.1935,0.4575645567711466,0.0081935,1.2605042016806722,0.0,0.018848793401226024,0.0,0.0,2.0,38248.0,1.0,0.0,0.0,21.0,12.0,2.7748990280667374,0.5549798056133475,1782.4663624999998,1.0,961.0,3.0,818.0,3.0,9.0,24.759,1.0789859199896976,0.024759,0.0,0.0,0.0,1.125492759351027,0.0,0.014985311552619344,2.0,21962.0,1.0,0.0,0.0,23.0,1801.86791,33.010000000000005,0.03301,batch-joint-presigning-itemwise,1865.972798,1885.071723,1877.723071,1897.602865,1781.314359,"[1834.970759, 1877.649934]",1865.972798,"[1865.972798, 1880.225615]",1877.723071,3,sg_to_us,"[1854.924783, 1897.183552]","[1885.071723, 1900.010106]",0,0,0,0,0,0,100
preswap-sg-primary-v3-final,primary,1,"[1849.430511, 1868.755826]","[1859.633679, 1877.882826]",sg_primary,5,0.0,0.01212661709815933,14.0,8.002500000000001,0.4479569160599415,0.0080025,1.2702899763333413,0.0,0.023587171414714676,0.0,0.0,2.0,38248.0,1.0,0.0,0.0,23.0,14.0,2.7956974128917675,0.5591394825783536,1768.94606,1.0,1413.0,4.0,1298.0,3.0,9.0,24.2655,1.055760209146102,0.0242655,0.0,0.0,0.0,1.1267609210112028,0.0,0.018437073796386587,2.0,21988.0,1.0,0.0,0.0,23.0,1788.462552,32.3055,0.0323055,phase-coalesced-batch-verification,1859.633679,1879.210015,1877.095722,1896.699378,1768.705094,"[1849.430511, 1868.755826]",1859.633679,"[1859.633679, 1877.882826]",1877.095722,3,sg_to_us,"[1868.980874, 1888.807602]","[1879.210015, 1897.885427]",0,0,0,0,0,0,100
preswap-sg-primary-v3-final,primary,1,"[1859.815451, 1878.115223]","[1875.382149, 1883.519601]",sg_primary,5,0.0,0.01142415487968689,12.0,8.247000000000002,0.4587997557652865,0.008247,1.2534843256265966,0.0,0.02225456395518207,0.0,0.0,2.0,38248.0,1.0,0.0,0.0,21.0,12.0,2.7685524621187696,0.5537104924237539,1785.8906005,1.0,1281.0,3.0,1298.0,3.0,9.0,24.798500000000004,1.07846925660157,0.0247985,0.0,0.0,0.0,1.1319295450151072,0.0,0.01780957048020953,2.0,21958.0,1.0,0.0,0.0,23.0,1805.998047,33.0445,0.033044500000000004,phase-coalesced-itemwise,1875.382149,1894.930113,1881.277435,1900.761147,1785.465511,"[1859.815451, 1878.115223]",1875.382149,"[1875.382149, 1883.519601]",1881.277435,3,sg_to_us,"[1879.643885, 1897.229607]","[1894.930113, 1903.036442]",0,0,0,0,0,0,100
preswap-sg-primary-v3-final,primary,1,"[1849.9678, 1875.829944]","[1870.040592, 1876.119978]",sg_primary,5,0.0,0.01489637153391018,22.0,8.4985,0.4774578107611732,0.008498499999999999,1.2857142857142858,0.0,0.03247847480903195,0.0,0.0,2.0,38248.0,1.0,0.0,0.0,35.0,22.0,2.8085165033767305,0.5617033006753461,1760.267101,1.0,1473.0,11.0,1842.0,15.0,17.0,25.402,1.1139676312252393,0.025402,0.0,0.0,0.0,1.1853448275862069,0.0,0.025636423983924947,3.0,21982.0,1.0,0.0,0.0,37.0,1780.3004114999999,33.941500000000005,0.0339415,reference-itemwise,1870.040592,1889.898537,1876.08784,1895.717802,1758.950996,"[1849.9678, 1875.829944]",1870.040592,"[1870.040592, 1876.119978]",1876.08784,3,sg_to_us,"[1869.358793, 1895.651682]","[1889.898537, 1895.884877]",0,0,0,0,0,0,100
preswap-sg-primary-v3-final,primary,1,"[1827.499496, 1881.710174]","[1861.254271, 1885.945128]",sg_primary,9,0.0,0.012629778508818267,14.5,12.134,0.6748352669450819,0.012133999999999999,1.3271546227604816,0.0,0.024154451718034327,0.0,0.0,2.0,44572.0,1.0,0.0,0.0,23.0,14.0,4.9977139720086345,0.5553015524454039,1781.0305115,1.0,1629.0,4.0,1214.0,3.0,9.0,28.966,1.2654546701083709,0.028966,0.0,0.0,0.0,1.2127894156560088,0.0,0.019057815197563294,3.0,22000.0,1.0,0.0,0.0,23.0,1800.823382,41.098,0.041098,batch-joint-presigning-batch-verification,1861.254271,1881.323961,1883.512085,1902.725359,1780.826233,"[1827.499496, 1881.710174]",1861.254271,"[1861.254271, 1885.945128]",1883.512085,5,sg_to_us,"[1847.426778, 1901.516047]","[1881.323961, 1905.281732]",0,0,0,0,0,0,100
preswap-sg-primary-v3-final,primary,1,"[1866.566873, 1889.59564]","[1881.344201, 1893.191516]",sg_primary,9,0.0,0.011945600474555621,12.0,12.8315,0.7110898726906887,0.0128315,1.3086166053029653,0.0,0.023067920405085894,0.0,0.0,2.0,44550.0,1.0,0.0,0.0,21.0,12.0,4.957137784535254,0.5507930871705837,1795.6322420000001,1.0,1497.0,3.0,1214.0,3.0,9.0,30.4165,1.3184558099534498,0.0304165,0.0,0.0,0.0,1.2387387387387387,0.0,0.01835385125136102,3.0,21984.0,1.0,0.0,0.0,23.0,1815.563824,43.253,0.043253,batch-joint-presigning-itemwise,1881.344201,1900.811692,1890.285662,1910.531086,1795.374947,"[1862.661626, 1889.59564]",1881.344201,"[1881.344201, 1893.191516]",1890.285662,5,sg_to_us,"[1882.344738, 1909.573271]","[1900.811692, 1913.173465]",0,0,0,0,0,0,100
preswap-sg-primary-v3-final,primary,1,"[1843.666352, 1878.651774]","[1869.201655, 1881.247915]",sg_primary,9,0.0,0.0189653172949067,15.0,12.163,0.6734854753060451,0.012163,1.3642590193713613,0.0,0.03051392359285095,0.0,0.0,2.0,44510.0,1.0,0.0,0.0,23.0,14.0,4.981550772068652,0.5535056413409614,1787.2183445,1.0,2205.0,4.0,2078.0,3.0,9.0,28.9585,1.2645685616581117,0.028958499999999998,0.0,0.0,0.0,1.2387387387387387,0.0,0.02401172168590952,3.0,22002.0,1.0,0.0,0.0,23.0,1806.6664035,41.135000000000005,0.041135000000000005,phase-coalesced-batch-verification,1869.201655,1888.915174,1878.677396,1898.421056,1786.943979,"[1843.666352, 1878.651774]",1869.201655,"[1869.201655, 1881.247915]",1878.677396,5,sg_to_us,"[1863.379976, 1898.194218]","[1888.915174, 1901.374532]",0,0,0,0,0,0,100
preswap-sg-primary-v3-final,primary,1,"[1861.27143, 1882.642107]","[1880.413794, 1884.722661]",sg_primary,9,0.0,0.01844805283648252,12.0,12.869499999999999,0.7171731409482689,0.012869499999999999,1.354096761535951,0.0,0.029209061938606104,0.0,0.0,2.0,44496.0,1.0,0.0,0.0,21.0,12.0,4.999773413886494,0.5555303793207216,1780.3645365000002,1.0,2073.0,3.0,2078.0,3.0,9.0,30.3535,1.320794668831037,0.0303535,0.0,0.0,0.0,1.2387387387387387,0.0,0.023150239388230236,3.0,21962.0,1.0,0.0,0.0,22.0,1800.0816650000002,43.221000000000004,0.043221,phase-coalesced-itemwise,1880.413794,1900.014165,1883.892561,1903.527554,1779.98528,"[1861.27143, 1882.642107]",1880.413794,"[1880.413794, 1884.722661]",1883.892561,5,sg_to_us,"[1880.881258, 1902.255625]","[1900.014165, 1904.69563]",0,0,0,0,0,0,100
preswap-sg-primary-v3-final,primary,1,"[1836.763609, 1880.036209]","[1865.43249, 1880.875904]",sg_primary,9,0.0,0.02571384332385466,34.0,13.4645,0.7493292542556771,0.0134645,1.3651934381255195,0.0,0.05018274280002999,0.0,0.0,2.0,44562.0,1.0,0.0,0.0,50.0,34.0,5.002260719235084,0.5558067465816761,1779.6090414999999,1.0,2521.0,19.0,3262.0,27.0,27.0,31.473999999999997,1.37848155122645,0.031474,0.0,0.0,0.0,1.2401352874859075,0.0,0.040121531741918924,3.0,21978.0,1.0,0.0,0.0,52.0,1799.18687,44.9355,0.0449355,reference-itemwise,1865.43249,1885.327864,1880.103574,1899.380323,1778.913394,"[1836.763609, 1880.036209]",1865.43249,"[1865.43249, 1880.875904]",1880.103574,5,sg_to_us,"[1856.793251, 1899.244349]","[1885.327864, 1901.74471]",0,0,0,0,0,0,100
preswap-sg-primary-v3-final,primary,1,"[1854.061605, 1894.863597]","[1880.542538, 1898.49368]",sg_primary,15,0.0,0.01868545732756701,14.0,18.2325,1.0015427569286848,0.0182325,1.4275524760546159,0.0,0.030872648041676026,0.0,0.0,2.0,52184.0,1.0,0.0,0.0,24.0,14.0,8.261078162977633,0.5507385441985089,1795.8072645000002,1.0,2433.0,4.0,1808.0,3.0,9.0,35.2495,1.527451278298053,0.0352495,0.0,0.0,0.0,1.3208589581425103,0.0,0.0242426216041438,3.0,22010.0,1.0,0.0,0.0,25.0,1815.743748,53.4345,0.053434499999999996,batch-joint-presigning-batch-verification,1880.542538,1899.92909,1895.411658,1914.651572,1795.046111,"[1854.061605, 1894.863597]",1880.542538,"[1880.542538, 1898.49368]",1895.411658,8,sg_to_us,"[1874.279609, 1914.344792]","[1899.92909, 1918.202466]",0,0,0,0,0,0,100
preswap-sg-primary-v3-final,primary,1,"[1876.973227, 1899.997572]","[1891.3226, 1901.418884]",sg_primary,15,0.0,0.018009702871049475,12.0,19.8465,1.0895382957629618,0.0198465,1.4054820714613063,0.0,0.02928205968646063,0.0,0.0,2.0,52180.0,1.0,0.0,0.0,22.0,12.0,8.218104863280061,0.547873657552004,1805.767229,1.0,2301.0,3.0,1808.0,3.0,9.0,38.169,1.6481516309273196,0.038169,0.0,0.0,0.0,1.293103448275862,0.0,0.02341132257610317,2.0,21976.0,1.0,0.0,0.0,24.0,1825.238341,58.0535,0.0580535,batch-joint-presigning-itemwise,1891.3226,1911.066285,1901.372575,1920.923208,1805.531838,"[1876.973227, 1899.997572]",1891.3226,"[1891.3226, 1901.418884]",1901.372575,8,sg_to_us,"[1896.450367, 1919.584165]","[1911.066285, 1921.538055]",0,0,0,0,0,0,100
preswap-sg-primary-v3-final,primary,1,"[1870.016119, 1895.03137]","[1886.566687, 1898.645066]",sg_primary,15,0.0,0.02928319138298864,15.0,18.2285,1.0075162637666941,0.0182285,1.424504315111718,0.0,0.0416736939606453,0.0,0.0,2.0,52248.0,1.0,0.0,0.0,24.0,15.0,8.267728330538127,0.5511818887025419,1794.5992585,1.0,3393.0,4.0,3248.0,3.0,9.0,35.12,1.5301266557755566,0.03512,0.0,0.0,0.0,1.2938009150764422,0.0,0.03287556836977719,3.0,22032.0,1.0,0.0,0.0,26.0,1814.283799,53.3445,0.0533445,phase-coalesced-batch-verification,1886.566687,1906.712453,1895.233228,1915.154957,1793.412437,"[1870.016119, 1895.03137]",1886.566687,"[1886.566687, 1898.645066]",1895.233228,8,sg_to_us,"[1891.668415, 1915.077384]","[1906.712453, 1918.732102]",0,0,0,0,0,0,100
preswap-sg-primary-v3-final,primary,1,"[1874.157872, 1897.559893]","[1895.403226, 1901.416349]",sg_primary,15,0.0,0.028566535623279744,12.0,19.863,1.0912486599836493,0.019863,1.4265335235378032,0.0,0.040042097382855996,0.0,0.0,2.0,52248.0,1.0,0.0,0.0,22.0,12.0,8.228952879651178,0.5485968586434119,1803.3927469999999,1.0,3261.0,3.0,3248.0,3.0,9.0,38.268,1.6555141907833453,0.038267999999999996,0.0,0.0,0.0,1.2951973550853797,0.0,0.0320451160686135,3.0,21942.0,1.0,0.0,0.0,25.0,1822.8328425,58.123999999999995,0.058123999999999995,phase-coalesced-itemwise,1895.403226,1914.85518,1899.272019,1918.709399,1802.460337,"[1874.157872, 1897.559893]",1895.403226,"[1895.403226, 1901.416349]",1899.272019,8,sg_to_us,"[1893.606222, 1917.172425]","[1914.85518, 1920.795159]",0,0,0,0,0,0,100
preswap-sg-primary-v3-final,primary,1,"[2292.704063, 2348.41905]","[2328.294482, 2354.767953]",sg_primary,15,0.0,0.03378643270693131,43.0,20.817,0.9301389096608099,0.020817000000000002,1.346595287843758,0.0,0.06007115363146577,0.0,0.0,2.0,52172.0,1.0,0.0,0.0,63.0,43.0,6.678920540379147,0.4452613693586098,2225.9183505,1.0,4093.0,31.0,5392.0,45.0,41.0,40.4055,1.4878039010562596,0.0404055,0.0,0.0,0.0,1.2422360248447204,0.0,0.049831724565946714,3.0,22018.0,1.0,0.0,0.0,63.0,2245.872956,61.219,0.061219,reference-itemwise,2328.294482,2347.695385,2352.410142,2371.978851,2224.486761,"[2292.704063, 2348.41905]",2328.294482,"[2328.294482, 2354.767953]",2352.410142,8,sg_to_us,"[2312.741656, 2367.927571]","[2347.695385, 2374.609296]",0,0,0,0,0,0,100
preswap-sg-primary-v3-final,primary,1,"[1866.909562, 1922.692479]","[1907.361006, 1923.384544]",sg_primary,31,0.0,0.03482367617588332,15.0,33.721000000000004,1.8405388151703976,0.033721,1.6216216216216217,0.0,0.04716749821789973,0.0,0.0,2.0,59628.0,1.0,0.0,0.0,25.0,14.0,16.933334820121452,0.5462366071006921,1811.1801925,1.0,4577.0,4.0,3392.0,3.0,9.0,51.1995,2.2100770751975194,0.051199499999999995,0.0,0.0,0.0,1.4647891973145637,0.0,0.037338572682353716,3.0,22102.0,1.0,0.002868,0.0,26.0,1830.708724,84.89349999999999,0.0848935,batch-joint-presigning-batch-verification,1907.361006,1927.040302,1922.90059,1942.39477,1810.671507,"[1866.909562, 1922.692479]",1907.361006,"[1907.361006, 1923.384544]",1922.90059,16,sg_to_us,"[1886.575346, 1942.361663]","[1927.040302, 1942.884363]",0,0,0,0,0,0,100
preswap-sg-primary-v3-final,primary,1,"[1880.980481, 1926.637715]","[1907.510532, 1928.126941]",sg_primary,31,0.0,0.033768659993481755,12.0,38.2615,2.0692497226522306,0.038261500000000004,1.6494915484814476,0.0,0.04487445429993883,0.0,0.0,2.0,59628.0,1.0,0.0,0.0,23.0,12.0,16.696893897504378,0.5386094805646573,1836.666673,1.0,4445.0,3.0,3392.0,3.0,9.0,59.723,2.5654698463587104,0.059723,0.0,0.0,0.0,1.547369705234138,0.0,0.036153333854169606,3.0,22030.0,1.0,0.0025355,0.0,26.0,1856.6330189999999,97.922,0.097922,batch-joint-presigning-itemwise,1907.510532,1927.238409,1928.101292,1947.613072,1835.600681,"[1880.980481, 1926.637715]",1907.510532,"[1907.510532, 1928.126941]",1928.101292,16,sg_to_us,"[1900.214314, 1946.432388]","[1927.238409, 1948.095371]",0,0,0,0,0,0,100
preswap-sg-primary-v3-final,primary,1,"[1897.14222, 1921.469196]","[1916.508452, 1922.047722]",sg_primary,31,0.0,0.05605144889080674,14.0,33.748999999999995,1.838041870370918,0.033749,1.603207128220872,0.0,0.07031275326475245,0.0,0.0,2.0,59628.0,1.0,0.0,0.0,32.0,14.0,16.7993939555941,0.5419159340514226,1825.6661374999999,1.0,6561.0,4.0,6368.0,3.0,9.0,51.2195,2.2045429718152194,0.0512195,0.0,0.0,0.0,1.4639639639639639,0.0,0.055962175025753985,3.0,22068.0,1.0,0.0,0.0,31.0,1845.3046749999999,84.95949999999999,0.0849595,phase-coalesced-batch-verification,1916.508452,1936.520067,1921.726221,1941.88101,1825.431029,"[1897.14222, 1921.469196]",1916.508452,"[1916.508452, 1922.047722]",1921.726221,16,sg_to_us,"[1916.785188, 1941.322366]","[1936.520067, 1941.914545]",0,0,0,0,0,0,100
preswap-sg-primary-v3-final,primary,1,"[1911.752358, 1926.220961]","[1917.53556, 1933.873142]",sg_primary,31,0.0,0.05542482458299822,13.0,38.292500000000004,2.069665726833043,0.0382925,1.6293286531768036,0.0,0.06886037760199218,0.0,0.0,2.0,59628.0,1.0,0.0,0.0,30.0,12.0,16.782933129570843,0.5413849396635756,1827.5729805,1.0,6429.0,3.0,6368.0,3.0,9.0,59.5655,2.5527513510474567,0.0595655,0.0,0.0,0.0,1.511879049676026,0.0,0.054868529622428816,3.0,22034.0,1.0,0.0031475,0.0,31.0,1847.114613,97.89949999999999,0.0978995,phase-coalesced-itemwise,1917.53556,1937.309168,1929.614539,1949.204208,1827.274686,"[1911.752358, 1926.220961]",1917.53556,"[1917.53556, 1933.873142]",1929.614539,16,sg_to_us,"[1931.357911, 1946.166376]","[1937.309168, 1953.583736]",0,0,0,0,0,0,100
preswap-sg-primary-v3-final,primary,1,"[2497.890251, 2584.412644]","[2566.555468, 2599.548061]",sg_primary,31,0.0,0.06697727470994239,64.0,39.8055,1.7186685493071476,0.0398055,1.5143325143325144,0.0,0.10660298824065292,0.0,0.0,2.0,59628.0,1.0,0.0,0.0,87.0,63.5,13.407911324121855,0.4325132685200599,2292.4080635,1.0,8285.0,63.0,11072.0,93.0,73.0,63.3515,2.2626581697280805,0.0633515,0.0,0.0,0.0,1.444043321299639,0.0,0.08843468797146123,3.0,22090.0,1.0,0.0026205,0.0,86.0,2312.0677975,103.17699999999999,0.10317699999999999,reference-itemwise,2566.555468,2586.619952,2587.830128,2607.428683,2292.321642,"[2497.890251, 2584.412644]",2566.555468,"[2566.555468, 2599.548061]",2587.830128,16,sg_to_us,"[2517.891616, 2604.125461]","[2586.619952, 2619.607511]",0,0,0,0,0,0,100
preswap-sg-load-v3-final,load,1,"[1884.332001, 1893.183954]","[1887.400366, 1893.183954]",sg_load,15,0.0,0.018758316249046676,15.0,18.0615,1.0056849687751312,0.0180615,1.3416477702191987,0.0,0.03070701259034842,0.0,0.0,2.0,34436.0,1.0,0.0,0.0,24.0,14.0,8.293290018147257,0.5528860012098171,1789.2148435,1.0,2433.0,4.0,1808.0,3.0,9.0,35.0815,1.503536152005341,0.0350815,0.0,0.0,0.0,1.1620305918469338,0.0,0.024102070866424075,2.5,21998.0,1.0,0.0,0.0,26.0,1808.6917965,53.166,0.053166,batch-joint-presigning-batch-verification,1892.800081,1912.601004,1893.183954,1912.75551,1788.070102,"[1872.981701, 1893.183954]",1892.800081,"[1887.400366, 1893.183954]",1893.183954,8,sg_to_us,"[1904.252674, 1912.75551]","[1907.734172, 1912.75551]",0,0,0,0,0,0,20
preswap-sg-load-v3-final,load,1,"[1820.799339, 1872.695657]","[1822.799823, 1872.695657]",sg_load,15,0.0,0.01830648452941097,12.5,19.837,1.0940894857643628,0.019837,1.380268166386612,0.0,0.02957404435745027,0.0,0.0,2.0,34424.0,1.0,0.0,0.0,22.0,12.0,8.353530905973612,0.5569020603982409,1776.2896305,1.0,2301.0,3.0,1808.0,3.0,9.0,38.027,1.645567639540851,0.038027,0.0,0.0,0.0,1.2393061002330676,0.0,0.02359361671024993,2.0,21992.0,1.0,0.0,0.0,25.0,1795.678946,57.956999999999994,0.057956999999999995,batch-joint-presigning-itemwise,1872.100091,1891.853871,1872.695657,1892.378924,1768.770322,"[1820.799339, 1872.695657]",1872.100091,"[1822.799823, 1872.695657]",1872.695657,8,sg_to_us,"[1834.962099, 1892.378924]","[1842.216423, 1892.378924]",0,0,0,0,0,0,20
preswap-sg-load-v3-final,load,1,"[1868.884402, 1897.812746]","[1888.642378, 1897.812746]",sg_load,15,0.0,0.029054954185288598,14.5,18.031,0.994242910240764,0.018031,1.3670546373333932,0.0,0.040659491609207066,0.0,0.0,2.0,34372.0,1.0,0.0,0.0,24.0,14.0,8.203288525435344,0.5468859016956895,1808.7134125,1.0,3393.0,4.0,3248.0,3.0,9.0,35.0015,1.5062602749288239,0.035001500000000005,0.0,0.0,0.0,1.240504207939227,0.0,0.031980942957139255,3.0,22004.0,1.0,0.0,0.0,25.0,1828.5363229999998,53.182,0.05318200000000001,phase-coalesced-batch-verification,1893.723912,1913.243903,1897.812746,1917.405782,1807.141166,"[1868.884402, 1897.812746]",1893.723912,"[1888.642378, 1897.812746]",1897.812746,8,sg_to_us,"[1888.172473, 1917.405782]","[1908.619527, 1917.405782]",0,0,0,0,0,0,20
preswap-sg-load-v3-final,load,1,"[1843.247442, 1896.552107]","[1858.991042, 1896.552107]",sg_load,15,0.0,0.028733564341935552,12.0,19.750999999999998,1.0972068043357301,0.019750999999999998,1.4006948545062552,0.0,0.03999804822257989,0.0,0.0,2.0,34360.0,1.0,0.0,0.0,22.0,12.0,8.277067620391636,0.5518045080261091,1792.493686,1.0,3261.0,3.0,3248.0,3.0,9.0,38.254000000000005,1.6444680609791495,0.038253999999999996,0.0,0.0,0.0,1.2678291969075595,0.0,0.03185826624625368,2.0,21972.0,1.0,0.0,0.0,24.0,1812.2717705,57.977500000000006,0.0579775,phase-coalesced-itemwise,1885.564324,1905.732093,1896.552107,1915.938302,1784.648547,"[1858.460292, 1896.552107]",1885.564324,"[1858.991042, 1896.552107]",1896.552107,8,sg_to_us,"[1862.569013, 1915.938302]","[1878.514686, 1915.938302]",0,0,0,0,0,0,20
preswap-sg-load-v3-final,load,1,"[2272.493067, 2345.740368]","[2298.129707, 2345.740368]",sg_load,15,0.0,0.033440559825925927,44.0,20.811999999999998,0.9153512196947999,0.020811999999999997,1.3108721487993815,0.0,0.05953152015077673,0.0,0.0,2.0,34360.0,1.0,0.0,0.0,62.5,43.0,6.610548199642711,0.440703213309514,2249.3630265,1.0,4093.0,31.0,5392.0,45.0,36.5,40.456,1.4619950935041985,0.040456,0.0,0.0,0.0,1.2409553761903713,0.0,0.048743958399853037,3.0,22020.0,1.0,0.0,0.0,61.5,2269.103689,61.0015,0.0610015,reference-itemwise,2330.07811,2350.19366,2345.740368,2365.215324,2246.687601,"[2291.84858, 2345.740368]",2330.07811,"[2298.129707, 2345.740368]",2345.740368,8,sg_to_us,"[2312.108618, 2365.215324]","[2317.755499, 2365.215324]",0,0,0,0,0,0,20
preswap-sg-load-v3-final,load,64,"[8691.653224, 8833.55736]","[8692.152378, 8833.55736]",sg_load,15,6862.351564,0.23743873642227664,1292.0,20.7674375,14.5230489437109,1.329116,12.250334436932167,0.0,0.4006148838844261,206.5,275.2067965,56.5,3251968.0,1.0,51.095814085937505,0.0,1836.5,1088.0,104.97468304451041,6.9983122029673615,8638.6886395,0.7866116145760853,155712.0,256.0,115712.0,192.0,586.0,21.3003203125,14.121947557884624,1.3632205,58.0,5.6640625,3521.6322266,4.669866588766421,0.0,0.3803525390617933,6.0,65438.0,1.0,0.002703546875,0.0,1898.5,9145.062146,42.089109375,2.693703,batch-joint-presigning-batch-verification,8717.513468,9218.830238,8833.55736,9328.964359,5019.857981,"[8458.443172, 8499.698485]",8474.733495,"[8621.984363, 8692.152378]",8657.407163,8,sg_to_us,"[9193.499262, 9328.964359]","[9201.797349, 9328.964359]",0,0,0,0,1200,0,20
preswap-sg-load-v3-final,load,64,"[8734.466554, 8814.915149]","[8743.170082, 8814.915149]",sg_load,15,6937.114295,0.22866732493099207,1164.0,22.4332109375,15.605017870365788,1.4357255,12.462421774410874,0.0,0.3818813401315788,210.0,292.58060750000004,55.0,3158912.0,1.0,42.441598945312506,0.0,1701.5,953.5,104.3444230337333,6.9562948689155535,8692.9030785,0.7834803179094463,147264.0,192.0,115712.0,192.0,586.0,24.940453124999998,16.492505527845424,1.5961889999999999,58.0,5.6640625,3559.38802325,5.313449544218775,0.0,0.3626778960998498,6.0,65424.0,1.0,0.0034696796875,0.0,1765.5,9200.300073499999,47.3777890625,3.0321784999999997,batch-joint-presigning-itemwise,8807.140747,9297.168833,8814.915149,9327.961358,5051.219929,"[8555.388506, 8603.261567]",8571.078956,"[8680.468501, 8743.840392]",8710.148271,8,sg_to_us,"[9233.095566, 9327.961358]","[9251.031318, 9327.961358]",0,0,0,0,1200,0,20
preswap-sg-load-v3-final,load,64,"[8637.523664, 8681.874991]","[8666.788823, 8681.874991]",sg_load,15,6798.894578,0.3731466988155907,1290.0,20.780796875,14.605278599544512,1.329971,12.273911886500553,0.0,0.5377161868962272,206.0,289.793512,56.0,3251968.0,1.0,42.136081109375,0.0,1838.5,1085.5,105.35311854829584,7.023541236553056,8615.393802499999,0.7858014830524229,217152.0,256.0,207872.0,192.0,584.0,21.843859375,14.511960593213535,1.398007,58.0,5.6640625,3531.2977298083333,4.808070570843748,0.0,0.50982754624319,7.0,65622.0,1.0,0.0030990312500000002,0.0,1903.5,9112.2129635,42.6370859375,2.7287735,phase-coalesced-batch-verification,8671.735297,9185.946504,8681.874991,9197.543803,5019.301207,"[8475.420643, 8498.70298]",8487.096655,"[8603.956324, 8635.064504]",8629.93062,8,sg_to_us,"[9144.17803, 9197.543803]","[9156.73221, 9197.543803]",0,0,0,0,1200,0,20
preswap-sg-load-v3-final,load,64,"[8758.190782, 8837.932895]","[8765.033812, 8837.932895]",sg_load,15,6996.895376,0.36185942418388817,1169.5,22.4741953125,15.642420194309304,1.4383485,12.462548834183128,0.0,0.5157616632910453,206.5,284.546085,54.5,3273472.0,1.0,44.1173399375,0.0,1711.0,961.0,104.23819639649565,6.949213093099711,8710.7539845,0.7848494962222843,208704.0,192.0,207872.0,192.0,584.5,25.2738515625,16.654049274105283,1.6175264999999999,58.0,5.6640625,3574.699811616667,5.311467188698968,0.0,0.48939821254571003,6.0,65496.0,1.0,0.0029733515625,0.0,1782.5,9209.678050499999,47.8127265625,3.0600145000000003,phase-coalesced-itemwise,8779.626848,9287.143236,8837.932895,9339.930402,5047.199976,"[8543.468594, 8605.795679]",8577.698207,"[8699.347915, 8770.787201]",8714.647666,8,sg_to_us,"[9231.400082, 9339.930402]","[9260.006487, 9339.930402]",0,0,0,0,1200,0,20
preswap-sg-load-v3-final,load,64,"[14938.785967, 15148.244734]","[14953.971485, 15148.244734]",sg_load,15,12806.183241,0.319382811240532,3115.0,23.2400546875,9.76207173502576,1.4873635,9.227119683857685,0.0,0.5809985012707168,205.5,276.1165835,58.5,3158912.0,1.0,46.152548328125,0.0,4604.5,2904.0,63.13576922256167,4.209051281504111,14695.743527499999,0.6971739606769196,261952.0,1984.0,345088.0,2880.0,2501.5,26.161265625,10.687527518183789,1.674321,60.0,5.859375,6424.185060275,3.7788007779183497,0.0,0.5666264189424973,7.0,66508.0,1.0,0.0045514296875,0.0,4520.5,15205.383596,49.391890625,3.1610810000000003,reference-itemwise,14998.765547,15520.355016,15148.244734,15650.035786,8111.375952,"[13967.467338, 14154.535625]",14064.457227,"[14632.673718, 14900.190978]",14745.191793,8,sg_to_us,"[15421.362224, 15650.035786]","[15430.357993, 15650.035786]",0,0,0,0,1200,0,20
preswap-sg-load-v3-final,load,128,"[15764.729981, 15816.274073]","[15769.927581, 15816.274073]",sg_load,15,13946.0791,0.25892760103632995,2655.5,20.980031249999996,16.017991956017433,2.685444,15.07951694805772,0.0,0.44271482208570967,450.0,800.4418665000001,73.5,12300096.0,1.0,77.54132855468751,0.0,3847.5,2206.5,114.47518319809448,7.631678879872966,15745.806526,0.6519524873284213,311424.0,512.0,231424.0,384.0,1172.5,20.795210937500002,15.38279207386895,2.6617870000000003,116.0,11.328125,7050.200126165322,4.977027666885388,0.0,0.43004097465951263,6.5,68212.0,1.0,0.0032617773437500002,0.0,3968.0,16772.195642,41.81097265625,5.3518045,batch-joint-presigning-batch-verification,15811.474523,16819.156434,15816.274073,16844.502058,8603.558076,"[15145.047415, 15204.967758]",15176.128527,"[15688.608521, 15731.67193]",15709.598387,8,sg_to_us,"[16788.990704, 16844.502058]","[16810.863193, 16844.502058]",0,0,0,0,2480,0,20
preswap-sg-load-v3-final,load,128,"[15992.932547, 16079.94058]","[16020.405477, 16079.94058]",sg_load,15,14231.055202,0.24807328848012283,2408.5,22.90240234375,17.32112302162477,2.9315075000000004,15.317799151325364,0.0,0.4185941920464163,452.5,790.3677565,73.5,12227840.0,1.0,74.7735069296875,0.0,3569.5,1949.0,113.19966315410814,7.546644210273875,15932.1241915,0.6500778973786061,294528.0,384.0,231424.0,384.0,1170.5,24.425003906249998,17.86184873148128,3.1264005,116.0,11.328125,7162.4567837862905,5.590920958982729,0.0,0.4084333745372696,7.0,68148.0,1.0,0.00437545703125,0.0,3701.0,16961.1904365,47.379910156250006,6.0646284999999995,batch-joint-presigning-itemwise,16043.365918,17065.940899,16079.94058,17100.055816,8678.350892,"[15326.129851, 15388.145673]",15360.078028,"[15874.426762, 15940.354533]",15910.394229,8,sg_to_us,"[17010.192172, 17100.055816]","[17024.702178, 17100.055816]",0,0,0,0,2480,0,20
preswap-sg-load-v3-final,load,128,"[15809.705953, 15890.40793]","[15845.807569, 15890.40793]",sg_load,15,14004.968241,0.4048708617380564,2664.0,20.91437890625,15.911075602436107,2.6770405,14.99436794232773,0.0,0.5871918095369004,454.0,801.8254,75.5,13169920.0,1.0,99.96223526953125,0.0,3837.5,2208.0,114.31002345412676,7.620668230275117,15769.7043155,0.6529104294160616,434304.0,512.0,415744.0,384.0,1169.0,20.614703125,15.289696441287907,2.638682,117.0,11.42578125,7078.248185358871,4.906216815806423,0.0,0.5714820090100831,6.0,68398.0,1.0,0.00264758203125,0.0,3965.5,16796.4320255,41.4459453125,5.3050809999999995,phase-coalesced-batch-verification,15865.845361,16889.573273,15890.40793,16917.273549,8555.134093,"[15135.977182, 15203.933322]",15167.73518,"[15691.23503, 15754.496709]",15726.758034,8,sg_to_us,"[16837.901867, 16917.273549]","[16867.129191, 16917.273549]",0,0,0,0,2480,0,20
preswap-sg-load-v3-final,load,128,"[15995.932185, 16033.313815]","[15998.404639, 16033.313815]",sg_load,15,14137.748653,0.39264437919906037,2408.0,22.82821875,17.215747824084428,2.922012,15.33460426067008,0.0,0.564736655294299,456.0,807.1352254999999,76.5,12269824.0,1.0,75.84286087890624,0.0,3582.5,1951.5,113.10619311695163,7.540412874463442,15935.957431499999,0.6500328659451673,417408.0,384.0,415744.0,384.0,1169.5,24.200378906250002,17.777457703953274,3.0976485,117.0,11.42578125,7158.297813112903,5.620001703606592,0.0,0.5500862948793024,7.0,68272.0,1.0,0.0029178984375,0.0,3716.0,16975.1978535,46.90712499999999,6.004111999999999,phase-coalesced-itemwise,16015.004653,17068.006723,16033.313815,17072.666408,8678.201533,"[15310.145354, 15370.991094]",15344.636566,"[15869.180981, 15938.74948]",15919.327132,8,sg_to_us,"[17024.016601, 17072.666408]","[17027.661955, 17072.666408]",0,0,0,0,2480,0,20
preswap-sg-load-v3-final,load,128,"[28059.10732, 28217.919681]","[28130.806706, 28217.919681]",sg_load,15,26044.821299,0.33800425946157076,6330.0,23.457996093749998,10.445701123981651,3.0026235,11.682982116641949,0.0,0.6196341322922152,446.0,807.587662,72.0,13231104.0,1.0,82.04993555859375,0.0,9411.5,5871.0,66.81686731580866,4.454457821053911,27709.001724499998,0.5554209472747282,523904.0,3968.0,690176.0,5760.0,5078.0,25.46178125,11.133224760401593,3.259108,120.0,11.71875,12985.334851084677,3.866957719145007,0.0,0.6136126265497397,6.0,69890.0,1.0,0.00350508203125,0.0,9239.0,28735.259237,48.96407421875,6.2674015,reference-itemwise,28170.644248,29184.685495,28217.919681,29263.034401,14600.413504,"[26407.526565, 26609.608448]",26524.029862,"[27480.792626, 27786.035092]",27633.221251,8,sg_to_us,"[29111.936794, 29263.034401]","[29163.727689, 29263.034401]",0,0,0,0,2480,0,20
preswap-sg-load-v3-final,load,1024,"[117941.52386, 118316.02726]","[117969.551422, 118316.02726]",sg_load,15,116462.036233,0.27458145679366547,22244.5,22.07423681640625,17.86187168265974,22.6040185,25.642682720149182,0.0019860777607634645,0.47059636067418736,4513.0,8564.949938,87.5,415015680.0,1.0,375.18011329785156,0.0,31445.0,17731.5,121.39595177743993,8.09306345182933,117715.64416,0.2858029290926771,2491392.0,4096.0,1851392.0,3072.0,9333.0,19.9925595703125,16.15526748876253,20.472381,968.0,94.53125,59147.7097533304,5.095128737058432,0.0,0.4701201537396559,7.0,104950.0,1.0,0.00545002099609375,0.0,32462.0,126528.10722450001,42.06679833984374,43.076401499999996,batch-joint-presigning-batch-verification,118300.623813,127048.555963,118316.02726,127151.663724,60759.57011,"[111885.588407, 112089.692005]",111991.593709,"[116488.796902, 116749.958788]",116645.188164,8,sg_to_us,"[126743.735812, 127151.663724]","[126782.222918, 127151.663724]",0,0,0,0,20400,0,20
preswap-sg-load-v3-final,load,1024,"[119648.033134, 119999.67953]","[119692.034248, 119999.67953]",sg_load,15,118104.44825,0.26243080381217426,20270.0,24.015517089843748,19.167150062990252,24.5918895,25.92105083843934,0.0019576559180146313,0.4459962469925788,4555.5,8562.280715,88.0,418993280.0,1.0,309.5856747988281,0.0,29395.0,15716.5,119.7512185806344,7.983414572042294,119487.3022245,0.2913439042992367,2356224.0,3072.0,1851392.0,3072.0,9342.0,23.3931611328125,18.635593309509304,23.954597,971.5,94.873046875,60091.24915564559,5.718739055508866,0.0,0.44573101171397383,7.0,104644.0,1.0,0.00394559765625,0.0,30415.0,128265.9185895,47.36489306640625,48.5016505,batch-joint-presigning-itemwise,119953.840746,128706.062658,119999.67953,128748.578943,61737.160606,"[113446.869862, 113708.263548]",113594.305622,"[118132.519708, 118433.603289]",118245.00543,8,sg_to_us,"[128406.913516, 128748.578943]","[128478.098171, 128748.578943]",0,0,0,0,20400,0,20
preswap-sg-load-v3-final,load,1024,"[117958.635621, 118319.661262]","[118139.289164, 118319.661262]",sg_load,15,116422.522872,0.4298614300508602,22217.5,22.02926220703125,17.82512788089984,22.557964499999997,25.605036029312984,0.00198408761730918,0.6254915157270506,4482.5,8530.5255225,89.0,420674112.0,1.0,355.43989924316406,0.0,31430.5,17721.0,121.36578547588661,8.091052365059106,117806.2246785,0.2910892915296276,3474432.0,4096.0,3325952.0,3072.0,9329.5,20.02366015625,16.162937818271608,20.504227999999998,969.0,94.62890625,59239.45720310931,5.102542519753172,0.0,0.6247373740714867,7.0,106178.0,1.0,0.00409904736328125,0.0,32448.0,126559.557294,42.027755859375,43.036422,phase-coalesced-batch-verification,118204.462992,126945.340519,118319.661262,127067.732307,60845.733704,"[111964.603108, 112186.848286]",112056.784122,"[116571.336298, 116785.869504]",116674.55969,8,sg_to_us,"[126708.666462, 127067.732307]","[126879.105022, 127067.732307]",0,0,0,0,20400,0,20
preswap-sg-load-v3-final,load,1024,"[119609.510607, 119996.404009]","[119676.570925, 119996.404009]",sg_load,15,118098.107642,0.4161723059749528,20282.5,23.9500009765625,19.157349924337957,24.524801,25.93170017914668,0.0019608616090813526,0.5999195322266464,4559.5,8551.6618105,89.0,416907392.0,1.0,379.4491364208984,0.0,29389.0,15710.0,119.88371081626002,7.992247387750668,119373.9340135,0.29134234966575556,3339264.0,3072.0,3325952.0,3072.0,9338.0,23.3714453125,18.637361025617892,23.932360000000003,971.0,94.82421875,60026.18795993431,5.712231228326818,0.0,0.5997122429319736,7.0,106176.0,1.0,0.0031376865234375,0.0,30411.0,128124.162209,47.311988769531254,48.4474765,phase-coalesced-itemwise,119901.969313,128711.792498,119996.404009,128784.842604,61656.86241,"[113314.508344, 113709.828155]",113507.898874,"[117988.10257, 118387.402578]",118174.084059,8,sg_to_us,"[128282.709322, 128784.842604]","[128490.974882, 128784.842604]",0,0,0,0,20400,0,20
preswap-sg-load-v3-final,load,1024,"[215374.062909, 216698.254332]","[215753.754838, 216698.254332]",sg_load,15,214380.973114,0.34758502180608886,51619.5,24.7488955078125,11.329417143512249,25.342869,22.16916295777775,0.0022463710066565447,0.6373840786950773,4520.0,8493.6045075,88.0,417407040.0,1.0,556.7648218769532,0.0,76169.0,47084.5,68.71079766857318,4.580719844571545,214834.7173285,0.2041087458262009,4191232.0,31744.0,5521408.0,46080.0,41083.0,25.265753906249998,11.561013429125103,25.872132,984.0,96.09375,106753.91658800491,3.92519430544782,0.0,0.6410516331366529,7.0,115212.0,1.0,0.0108106552734375,0.0,74637.0,223545.655397,50.046259765625,51.247370000000004,reference-itemwise,216086.582705,224792.996831,216698.254332,225448.719948,108443.377016,"[203850.511042, 204491.62531]",204225.779126,"[212341.204125, 213067.866881]",212736.321603,8,sg_to_us,"[224378.123933, 225448.719948]","[224530.203573, 225448.719948]",0,0,0,0,20400,0,20
preswap-sg-load-v3-final,load,1,"[1875.605174, 1920.417767]","[1902.910186, 1920.417767]",sg_load,31,0.0,0.03436525984017598,14.0,33.433,1.812203082733065,0.033433000000000004,1.4060562494384041,0.0,0.046123438714248954,0.0,0.0,2.0,561432.0,1.0,0.0,0.0,25.0,14.0,16.710425634418613,0.539045988207052,1835.5324345,1.0,4577.0,4.0,3392.0,3.0,9.0,50.825,2.320564441302227,0.050824999999999995,0.0,0.0,0.0,1.3622296244494339,0.0,0.038669198284238725,2.0,22052.0,1.0,0.0,0.0,24.0,1855.1299985,84.26849999999999,0.0842685,batch-joint-presigning-batch-verification,1919.862052,1938.859153,1920.417767,1939.912958,1834.377698,"[1895.341981, 1920.417767]",1919.862052,"[1902.910186, 1920.417767]",1920.417767,16,sg_to_us,"[1914.821544, 1939.912958]","[1921.979867, 1939.912958]",0,0,0,0,0,0,20
preswap-sg-load-v3-final,load,1,"[1866.789069, 1928.165024]","[1870.907239, 1928.165024]",sg_load,31,0.0,0.033652743321020556,12.0,38.088499999999996,2.0577520251536803,0.0380885,1.4814821532869225,0.0,0.04459387140576972,0.0,0.0,2.0,561432.0,1.0,0.0,0.0,23.0,12.0,16.63957896758385,0.5367606118575436,1843.823007,1.0,4445.0,3.0,3392.0,3.0,9.0,59.263999999999996,2.6796742885571803,0.059264,0.0,0.0,0.0,1.4422512826529852,0.0,0.03796011033381655,2.0,22076.0,1.0,0.0010595,0.0,23.0,1863.0296130000002,97.303,0.097303,batch-joint-presigning-itemwise,1917.992868,1937.041439,1928.165024,1947.340453,1842.286297,"[1866.789069, 1928.165024]",1917.992868,"[1870.907239, 1928.165024]",1928.165024,16,sg_to_us,"[1886.289988, 1947.340453]","[1890.053643, 1947.340453]",0,0,0,0,0,0,20
preswap-sg-load-v3-final,load,1,"[1859.575991, 1914.685674]","[1860.372215, 1914.685674]",sg_load,31,0.0,0.05565219075340927,14.0,33.4465,1.8083643991685796,0.033446500000000004,1.460833678715355,0.0,0.06962374079665617,0.0,0.0,2.0,561432.0,1.0,0.0,0.0,32.0,14.0,16.67973077341333,0.53805583140043,1838.6533725,1.0,6561.0,4.0,6368.0,3.0,9.0,50.9925,2.310406784635604,0.050992499999999996,0.0,0.0,0.0,1.4639639639639639,0.0,0.057767262465502095,2.0,22084.0,1.0,0.0026095,0.0,29.0,1858.548704,84.436,0.08443600000000001,phase-coalesced-batch-verification,1894.835249,1914.069282,1914.685674,1934.052359,1835.729557,"[1859.575991, 1914.685674]",1894.835249,"[1860.372215, 1914.685674]",1914.685674,16,sg_to_us,"[1878.777828, 1934.052359]","[1879.431048, 1934.052359]",0,0,0,0,0,0,20
preswap-sg-load-v3-final,load,1,"[1860.679403, 1922.631467]","[1869.989821, 1922.631467]",sg_load,31,0.0,0.05499612591979988,12.0,38.150000000000006,2.049568738611948,0.03815,1.5226145864465748,0.0,0.06796192352080294,0.0,0.0,2.0,561432.0,1.0,0.0,0.0,30.0,12.0,16.65312088295886,0.5371974478373827,1841.748507,1.0,6429.0,3.0,6368.0,3.0,9.0,59.518,2.7065400591498046,0.059518,0.0,0.0,0.0,1.5188988802079066,0.0,0.057379890147563034,2.0,21856.0,1.0,0.004038,0.0,28.0,1861.5158514999998,97.628,0.097628,phase-coalesced-itemwise,1915.016903,1934.249597,1922.631467,1942.454931,1839.283461,"[1865.957598, 1922.631467]",1915.016903,"[1869.989821, 1922.631467]",1922.631467,16,sg_to_us,"[1885.054033, 1942.454931]","[1889.278924, 1942.454931]",0,0,0,0,0,0,20
preswap-sg-load-v3-final,load,1,"[2350.979732, 2579.85016]","[2374.82135, 2579.85016]",sg_load,31,0.0,0.06775171188635278,61.0,39.477500000000006,1.7290839626156176,0.0394775,1.3800813443340143,0.0,0.10650006484998523,0.0,0.0,2.0,561432.0,1.0,0.0,0.0,79.0,61.0,13.562942788635482,0.4375142835043704,2265.8662405,1.0,8285.0,63.0,11072.0,93.0,68.0,62.724000000000004,2.366092976039625,0.062724,0.0,0.0,0.0,1.3713397513036503,0.0,0.09141520697951293,3.0,22056.0,1.0,0.0045215,0.0,76.0,2285.640553,102.09100000000001,0.102091,reference-itemwise,2557.335725,2576.70546,2579.85016,2599.174159,2264.643617,"[2350.979732, 2579.85016]",2557.335725,"[2374.82135, 2579.85016]",2579.85016,16,sg_to_us,"[2346.003666, 2599.174159]","[2394.211299, 2599.174159]",0,0,0,0,0,0,20
preswap-sg-load-v3-final,load,64,"[8989.452693, 9075.731734]","[8989.737998, 9075.731734]",sg_load,31,7158.168603,0.4275535150102862,1508.5,39.890234375000006,26.70746632427778,2.552975,14.902285500383346,0.0,0.5877436364686877,406.5,306.426577,62.0,36169728.0,1.0,114.05707865625,0.0,1933.0,1103.5,207.90185351547984,6.706511403725157,8944.689022999999,0.7802035998147792,292928.0,256.0,217088.0,192.0,597.0,39.563609375,25.545359142644614,2.532071,56.0,5.46875,3709.2971292,7.491441445052875,0.0,0.5649213574095859,7.0,65912.0,1.0,0.003877296875,0.0,1986.5,9542.965511999999,79.3942734375,5.0812335,batch-joint-presigning-batch-verification,9005.155281,9619.079367,9075.731734,9626.765598,5193.323248,"[8806.642445, 8845.516835]",8823.788287,"[8937.566458, 8984.913172]",8961.063712,16,sg_to_us,"[9564.507585, 9626.765598]","[9576.471022, 9626.765598]",0,0,0,0,1200,0,20
preswap-sg-load-v3-final,load,64,"[9201.019283, 9286.135386]","[9228.81496, 9286.135386]",sg_load,31,7379.183106,0.41131710566429114,1382.5,44.7456640625,29.36546381373535,2.8637224999999997,15.510325360765655,0.0,0.560394445909822,410.5,306.4989,61.5,36162304.0,1.0,113.398495078125,0.0,1801.0,970.5,203.37549884511014,6.560499962745489,9158.723880500002,0.7761243968435552,284480.0,192.0,217088.0,192.0,597.0,49.201062500000006,31.134948355830428,3.1488680000000002,57.0,5.56640625,3815.8122185583334,8.81941332721762,0.0,0.5402474657348912,6.0,65654.0,1.0,0.005649203125,0.0,1859.0,9755.3540715,94.1961640625,6.0285545,batch-joint-presigning-itemwise,9252.334891,9840.219096,9286.135386,9858.680393,5335.587107,"[9001.801105, 9071.183992]",9030.376223,"[9143.286789, 9228.81496]",9184.35635,16,sg_to_us,"[9811.107443, 9858.680393]","[9811.306078, 9858.680393]",0,0,0,0,1200,0,20
preswap-sg-load-v3-final,load,64,"[8975.971968, 9029.174584]","[8990.237409, 9029.174584]",sg_load,31,7119.456657,0.6957324634357995,1512.0,39.766562500000006,26.71741110042277,2.5450600000000003,14.91077355862802,0.0,0.8773902010665033,403.0,299.855713,62.0,36154112.0,1.0,117.97800923437501,0.0,2260.5,1107.5,208.5206354562397,6.726472111491603,8929.815375,0.780394860266175,419904.0,256.0,407552.0,192.0,594.0,38.744742187499995,25.087401915827137,2.4796635,56.0,5.46875,3683.7237521666666,7.385228029020755,0.0,0.8417871758880524,6.0,66080.0,1.0,0.0050456171875,0.0,2185.5,9514.6470345,78.20656249999999,5.00522,phase-coalesced-batch-verification,8997.640526,9596.244621,9029.174584,9625.050456,5191.203829,"[8757.079592, 8831.575439]",8771.099069,"[8914.89525, 8966.385386]",8936.537743,16,sg_to_us,"[9551.694211, 9625.050456]","[9552.240297, 9625.050456]",0,0,0,0,1200,0,20
preswap-sg-load-v3-final,load,64,"[9258.802761, 9420.582447]","[9268.367164, 9420.582447]",sg_load,31,7510.82653,0.6692185412813636,1377.0,44.818203125,29.4019270625491,2.868365,15.510607975312116,0.0,0.8373402866750421,406.5,299.4285405,60.5,36162560.0,1.0,111.91122829687501,0.0,2128.5,976.5,202.6429512749304,6.536869395965496,9176.964538,0.7747423746095772,411456.0,192.0,407552.0,192.0,597.5,48.947523437499996,30.817741719215924,3.1326415,56.0,5.46875,3835.1925481666667,8.77255522848943,0.0,0.8067330241338988,6.5,65828.0,1.0,0.0052750546875,0.0,2059.5,9790.619351000001,93.954953125,6.013116999999999,phase-coalesced-itemwise,9364.498299,9926.699729,9420.582447,9955.708608,5326.015899,"[9031.702695, 9077.181696]",9052.616245,"[9164.964006, 9362.452009]",9258.802761,16,sg_to_us,"[9841.750738, 9955.708608]","[9879.97417, 9955.708608]",0,0,0,0,1200,0,20
preswap-sg-load-v3-final,load,64,"[17023.067755, 17280.164174]","[17053.560672, 17280.164174]",sg_load,31,14758.328164,0.5664181847290174,4544.5,45.4597421875,16.613848997394776,2.9094235,10.409206002241621,0.0,0.9137401039117896,408.0,295.11044300000003,62.0,36161920.0,1.0,118.803863765625,0.0,5906.5,4127.5,113.38897896497093,3.6577089988700306,16882.788213,0.678061248421574,530240.0,4032.0,708608.0,5952.0,4513.0,49.837664062500004,17.882262046203866,3.1896105,60.0,5.859375,7475.286504233333,5.494938318463942,0.0,0.8998621519148335,7.0,67460.0,1.0,0.01060825,0.0,5774.0,17497.296206,95.309046875,6.099779000000001,reference-itemwise,17119.156158,17729.552217,17280.164174,17873.5704,9297.814541,"[16026.067547, 16180.481439]",16117.008335,"[16795.10476, 16893.912798]",16840.755088,16,sg_to_us,"[17623.256806, 17873.5704]","[17644.734179, 17873.5704]",0,0,0,0,1200,0,20
preswap-sg-load-v3-final,load,128,"[16415.936358, 16487.717986]","[16435.248412, 16487.717986]",sg_load,31,14578.432304,0.46320762388598913,3133.0,40.481546875,29.439810822403338,5.1816379999999995,17.99820815437168,0.0,0.6405097069319792,901.0,925.7316945,87.5,74133504.0,1.0,190.43800729296873,0.0,3995.5,2232.0,225.23899392122075,7.265773997458734,16351.271907999999,0.6458718289680441,585856.0,512.0,434176.0,384.0,1195.5,38.53578515625,27.28416444334625,4.9325805,116.0,11.328125,7397.984463919354,7.9101186622489195,0.0,0.6262891982141447,7.0,68686.0,1.0,0.006785992187499999,0.0,4115.5,17616.843036,79.04893359375001,10.118263500000001,batch-joint-presigning-batch-verification,16470.596911,17704.153296,16487.717986,17710.329634,8950.024088,"[15701.527671, 15779.975542]",15737.942371,"[16281.851102, 16371.625846]",16308.516437,16,sg_to_us,"[17664.957946, 17710.329634]","[17667.017159, 17710.329634]",0,0,0,0,2480,0,20
preswap-sg-load-v3-final,load,128,"[16849.235534, 16995.937286]","[16880.668348, 16995.937286]",sg_load,31,15080.163973,0.4439864393747057,2865.0,45.411871093749994,32.19438718803354,5.8127195,18.623699725379655,0.0,0.6082235161499545,895.5,968.8801695,87.5,74188032.0,1.0,202.558610859375,0.0,3747.5,1971.0,219.52883151422543,7.081575210136304,16815.24495,0.640174248671899,568960.0,384.0,434176.0,384.0,1201.0,47.58918359375,32.919746304349474,6.0914155,116.0,11.328125,7629.625095870968,9.336414180387486,0.0,0.5956632433961588,7.0,68480.0,1.0,0.02223825,0.0,3870.0,18075.0835835,93.0990234375,11.916675,batch-joint-presigning-itemwise,16932.107134,18208.952691,16995.937286,18211.297914,9210.614472,"[16135.741445, 16222.394605]",16167.551967,"[16745.872588, 16831.252855]",16777.706923,16,sg_to_us,"[18128.606328, 18211.297914]","[18133.081712, 18211.297914]",0,0,0,0,2480,0,20
preswap-sg-load-v3-final,load,128,"[16391.622381, 16480.144321]","[16401.070104, 16480.144321]",sg_load,31,14594.671314,0.7513095814610258,3125.0,40.5072421875,29.4569379028762,5.184927,17.982527999679384,0.0,0.950300089439859,897.5,944.2703875,85.0,74158592.0,1.0,199.57906108984375,0.0,4642.0,2224.0,225.17786589538827,7.263802125657687,16369.415892,0.6459762766014772,839808.0,512.0,815104.0,384.0,1190.0,38.86280859375,27.612521139925512,4.9744395,116.0,11.328125,7396.796696193549,8.070817308376274,0.0,0.927588711163604,7.0,69100.0,1.0,0.015388511718750001,0.0,4503.0,17621.6256805,79.31702734375,10.1525795,phase-coalesced-batch-verification,16429.681536,17675.43436,16480.144321,17703.702689,8968.890447,"[15719.79736, 15770.307213]",15750.622358,"[16299.689783, 16342.955256]",16324.41207,16,sg_to_us,"[17652.989103, 17703.702689]","[17665.111688, 17703.702689]",0,0,0,0,2480,0,20
preswap-sg-load-v3-final,load,128,"[16893.063166, 16992.890368]","[16909.005508, 16992.890368]",sg_load,31,15067.68884,0.7254837722085602,2871.5,45.50279296875,32.19738438921142,5.8243575,18.587898180160007,0.0,0.9106596856651926,906.0,956.5286795,89.5,74241792.0,1.0,187.5283033046875,0.0,4386.0,1971.5,219.6803639374987,7.0864633528225385,16810.193436499998,0.640388122463523,822912.0,384.0,815104.0,384.0,1196.0,47.519921875,33.116244007287975,6.0825499999999995,116.0,11.328125,7640.766746395162,9.403206634071513,0.0,0.8903829943966068,7.0,68782.0,1.0,0.006791847656250001,0.0,4254.0,18062.6084465,93.2341171875,11.933967,phase-coalesced-itemwise,16943.104678,18195.938904,16992.890368,18198.500416,9163.672913,"[16160.533912, 16229.660982]",16177.539198,"[16745.889568, 16816.325601]",16786.501035,16,sg_to_us,"[18153.800113, 18198.500416]","[18155.372258, 18198.500416]",0,0,0,0,2480,0,20
preswap-sg-load-v3-final,load,128,"[32312.065117, 33033.614757]","[32335.120894, 33033.614757]",sg_load,31,30478.501549,0.5950778227848358,9240.5,46.149742187499996,17.708356627120573,5.907166999999999,12.915672620738574,0.0,0.9605874185778476,909.0,953.5093995,85.0,74175232.0,1.0,211.27412321875,0.0,12054.5,8324.0,119.12623667361879,3.842781828181251,32044.8536445,0.5335100503044988,1060480.0,8064.0,1417216.0,11904.0,9056.0,49.14678515625,18.582784144096934,6.2907885,120.0,11.71875,15112.763275056452,5.709645440100058,0.0,0.9534454360983105,7.5,71486.0,1.0,0.016926566406250003,0.0,11797.0,33309.2369145,95.2645546875,12.193863,reference-itemwise,32641.611835,33913.21812,33033.614757,34300.281823,16933.468082,"[30395.710434, 30765.231598]",30597.92826,"[31804.236472, 31999.210806]",31919.591255,16,sg_to_us,"[33574.888039, 34300.281823]","[33578.748206, 34300.281823]",0,0,0,0,2480,0,20
preswap-sg-load-v3-final,load,1024,"[124608.661118, 125316.308364]","[124739.1641, 125316.308364]",sg_load,31,123411.041441,0.4824584757967192,26141.0,42.44433056640625,32.096181611459116,43.4629945,29.4044805099019,0.004625307285201675,0.6693057690492294,8364.0,10912.2818155,89.0,926660608.0,1.0,422.554619303711,0.0,32594.5,17782.0,234.599898821971,7.567738671676484,124110.63362400001,0.31314752363830317,4686848.0,4096.0,3473408.0,3072.0,9435.0,35.98954296875,27.156871765144395,36.853291999999996,970.0,94.7265625,63450.92927430931,7.767892276040534,0.0,0.6700169706286896,7.0,107608.0,1.0,0.00682523681640625,0.0,33606.0,135311.236241,78.36514208984374,80.2459055,batch-joint-presigning-batch-verification,125132.973823,136204.079183,125316.308364,136329.68856,65177.044314,"[118051.937875, 118462.817286]",118299.073345,"[122785.901566, 123248.718278]",123032.677259,16,sg_to_us,"[135721.714458, 136329.68856]","[136016.611685, 136329.68856]",0,0,0,0,20400,0,20
preswap-sg-load-v3-final,load,1024,"[128221.411054, 128670.781546]","[128288.321458, 128670.781546]",sg_load,31,126755.461696,0.4612598824591715,24197.0,47.554448242187505,35.018484708574455,48.695755000000005,30.047516561953834,0.003610727791716958,0.6336438605362149,8434.0,10988.896086,89.5,924215296.0,1.0,457.8772674658203,0.0,30548.0,15757.5,228.0696751983271,7.3570862967202295,127877.292972,0.32190537041793554,4551680.0,3072.0,3473408.0,3072.0,9476.0,44.5683955078125,32.68526866418536,45.638037,974.0,95.1171875,65536.63951797206,9.142347618869664,0.0,0.6341853448464501,7.0,107482.0,1.0,0.00576814697265625,0.0,31555.5,139185.538687,92.10627880859374,94.31682950000001,batch-joint-presigning-itemwise,128553.124806,139795.391178,128670.781546,139804.702323,67182.292817,"[121683.18082, 121968.603405]",121847.169543,"[126621.971915, 126842.496524]",126735.995085,16,sg_to_us,"[139388.876064, 139804.702323]","[139410.902727, 139804.702323]",0,0,0,0,20400,0,20
preswap-sg-load-v3-final,load,1024,"[124281.644455, 124738.229452]","[124504.694462, 124738.229452]",sg_load,31,122866.235579,0.7829413035642028,26127.0,42.4151328125,32.11585038140989,43.433096,29.446133403626483,0.0037110580260655605,0.9924142622035179,8353.5,10940.869977,90.5,921489408.0,1.0,394.3061267451172,1.5,37707.5,17764.5,234.6583302120261,7.569623555226649,124059.936396,0.30929580809866747,6718464.0,4096.0,6520832.0,3072.0,9441.5,36.09704052734375,27.220051652997487,36.9633695,969.5,94.677734375,63397.76724912598,7.771426605875089,0.0,0.9898445820939099,8.0,110358.0,1.0,0.00700522265625,0.0,36661.5,135277.5337355,78.46010693359375,80.3431495,phase-coalesced-batch-verification,124730.408521,135880.781952,124738.229452,135979.32797,65129.665163,"[118021.082185, 118284.235209]",118122.978632,"[122752.210429, 123063.910025]",122896.285027,16,sg_to_us,"[135437.978296, 135979.32797]","[135674.045971, 135979.32797]",0,0,0,0,20400,0,20
preswap-sg-load-v3-final,load,1024,"[128254.052516, 128707.358194]","[128330.158876, 128707.358194]",sg_load,31,126747.534507,0.7529724037357375,24215.5,47.6186044921875,35.003492405456335,48.761451,30.068289989953847,0.0036080244443656108,0.946832689656125,8452.0,10972.8488415,89.5,921706496.0,1.0,483.74839117480474,0.0,35607.5,15763.0,228.0040684907387,7.35496995131415,128072.4723475,0.3202700972550827,6583296.0,3072.0,6520832.0,3072.0,9477.5,44.5259228515625,32.66798946680156,45.594545,974.0,95.1171875,65608.53528978628,9.132510923057467,0.0,0.9449999694174918,8.0,110238.0,1.0,0.0061547534179687505,0.0,34590.5,139225.589689,92.02836328125,94.237044,phase-coalesced-itemwise,128537.78087,139736.187527,128707.358194,139988.725072,67206.387996,"[121727.399912, 122031.992441]",121828.415591,"[126594.186481, 126912.311303]",126739.431223,16,sg_to_us,"[139525.830941, 139988.725072]","[139572.890086, 139988.725072]",0,0,0,0,20400,0,20
preswap-sg-load-v3-final,load,1024,"[251963.493763, 254150.13038]","[252496.152694, 254150.13038]",sg_load,31,251788.913674,0.6058154017500217,75622.0,48.59996240234375,19.015259601313048,49.7663615,24.319133499053297,0.004792996862951552,0.9814897439913068,8660.5,10903.034090000001,87.0,916543488.0,1.0,593.3124841245117,1.0,97710.0,66973.0,121.27574943334888,3.9121209494628673,250603.555121,0.20664854929140852,8483840.0,64512.0,11337728.0,95232.0,76282.0,48.06760302734375,18.808591295852338,49.2212255,987.0,96.38671875,125422.79802166225,5.600732076943001,0.0,0.9864628942060948,8.0,126392.0,1.0,0.0261128779296875,0.0,95504.0,261750.611863,96.67185400390625,98.9919785,reference-itemwise,253867.350366,265040.551037,254150.13038,265323.327275,127399.349679,"[237494.448083, 239070.045647]",238280.239623,"[247449.584248, 249154.743942]",248306.774011,16,sg_to_us,"[263178.93922, 265323.327275]","[263603.241584, 265323.327275]",0,0,0,0,20400,0,20
